tag,window,entry,bucket,horizon,strategy,n,tickers,mean_pnl_pct,median_pnl_pct,win_rate,sharpe,ci_lo,ci_hi
public_offering,in sample 2024-2025,post,1m,10,stock,35,34,5.938346974295201,0.18071160923763,0.5142857142857142,1.169691195083241,-0.5255537677779291,2.299821827361321
public_offering,in sample 2024-2025,post,1m,10,long_call,41,34,1.6171771059897575,-0.72382368667149,0.3170731707317073,0.3848723554328872,-2.060217587729804,1.4353927436582472
public_offering,in sample 2024-2025,post,1m,10,covered_call,32,34,6.168294094618476,1.5872556592214,0.5,1.5638463880619955,0.07674211576010936,2.812348028642376
public_offering,in sample 2024-2025,post,1m,10,protective_put,28,34,4.515871276965571,-4.30756126988965,0.4642857142857143,0.8937789080187157,-1.5362251151744877,2.130462117880406
public_offering,in sample 2024-2025,post,1m,10,collar,26,34,4.261182320331507,-0.21856948536628498,0.5,1.153549201037075,-0.9082148165235083,2.3491967351474012
public_offering,in sample 2024-2025,post,1m,10,cash_secured_put,35,34,1.025705053265762,1.02818042552627,0.6285714285714286,0.5917812906326766,-0.9753758706598278,2.472867009028012
public_offering,in sample 2024-2025,post,1m,21,stock,15,22,-7.507391670126537,-5.75835326494471,0.26666666666666666,-1.6020610890200289,-4.433505422405032,0.09861083586966055
public_offering,in sample 2024-2025,post,1m,21,long_call,19,22,-8.687852063676909,-5.07185729220959,0.10526315789473684,-3.0255769161974264,-5.714296079166274,-1.4272519427309718
public_offering,in sample 2024-2025,post,1m,21,covered_call,10,22,3.372611663988817,1.440701897271935,0.6,0.7882451618354052,-1.670906066966456,3.22685760979626
public_offering,in sample 2024-2025,post,1m,21,protective_put,12,22,-9.75102466501327,-9.335757949354614,0.16666666666666666,-3.0133350218920487,-6.8065228628861485,-1.1589140728004446
public_offering,in sample 2024-2025,post,1m,21,cash_secured_put,17,22,0.08648779593309779,2.98706754931753,0.6470588235294118,0.03369763384794967,-1.4875943984375235,2.1953313782670483
public_offering,in sample 2024-2025,post,1m,5,stock,40,34,3.794349498688839,0.996366220729275,0.525,1.4027466433752929,-0.9117568291564064,3.104183864282528
public_offering,in sample 2024-2025,post,1m,5,long_call,46,34,0.4013906989703534,-1.4269281648341001,0.2608695652173913,0.1891802532767723,-3.2790993711903242,1.7184280997545542
public_offering,in sample 2024-2025,post,1m,5,covered_call,39,34,1.9713589703031758,-0.4546817376473,0.46153846153846156,1.0353653353428582,-1.2368560620351619,3.0568674424592093
public_offering,in sample 2024-2025,post,1m,5,protective_put,35,34,2.931816339269575,0.09032114759954,0.5428571428571428,1.199393749535299,-1.4360413072531222,2.8854590642097886
public_offering,in sample 2024-2025,post,1m,5,collar,35,34,0.8635196879860711,0.06499728744778001,0.5142857142857142,0.5055235472395126,-2.1274306177914166,2.594954645456691
public_offering,in sample 2024-2025,post,1m,5,cash_secured_put,39,34,1.2023547103875956,1.02818042552627,0.5897435897435898,1.397085080688963,-0.7548024322053489,4.062268400096662
public_offering,in sample 2024-2025,post,2m,10,stock,22,21,1.2983379235778385,-0.52845667806101,0.5,0.4071640228286313,-2.0086544814792844,2.438457420392562
public_offering,in sample 2024-2025,post,2m,10,long_call,26,21,-0.41919727808999424,-2.477259601876215,0.3076923076923077,-0.19836483514395079,-3.397860982476559,1.4757769356566879
public_offering,in sample 2024-2025,post,2m,10,covered_call,19,21,1.826888576895025,3.3374671899070902,0.6842105263157895,0.8152359175544526,-1.3057871607813973,3.9509401928443655
public_offering,in sample 2024-2025,post,2m,10,protective_put,17,21,-2.0501829226722394,-3.9539067014057196,0.29411764705882354,-0.8160112398876694,-5.681686054099123,1.281915476144312
public_offering,in sample 2024-2025,post,2m,10,collar,16,21,-1.5402325724042079,0.15384964745253998,0.625,-0.8759082474207954,-3.271775510727739,1.8040929086590083
public_offering,in sample 2024-2025,post,2m,10,cash_secured_put,18,21,2.082771741784195,1.26101368270912,0.5555555555555556,1.4139733598339468,-0.8055267879285711,4.454755277515654
public_offering,in sample 2024-2025,post,2m,21,stock,17,21,3.8886504917068216,-1.93837393633193,0.4117647058823529,0.6666180841542867,-1.4339110465905491,1.9917645993244415
public_offering,in sample 2024-2025,post,2m,21,long_call,22,21,6.631245001408689,-3.9353789701502606,0.22727272727272727,0.5427614529356102,-2.257386565863918,1.393569228137887
public_offering,in sample 2024-2025,post,2m,21,covered_call,14,21,7.092451026505453,4.655809288471275,0.7142857142857143,2.3290482144000486,0.8438543141745347,4.1991090389702865
public_offering,in sample 2024-2025,post,2m,21,protective_put,12,21,-7.690350914328493,-4.354458215429915,0.0,-4.269565703083091,-6.595290023062858,-3.1713529209636766
public_offering,in sample 2024-2025,post,2m,21,collar,11,21,-2.1071841111810845,-1.7339325060860702,0.36363636363636365,-2.2174291637867203,-4.364000753488028,-0.6083661509410644
public_offering,in sample 2024-2025,post,2m,21,cash_secured_put,14,21,4.685116537367479,2.178371269636845,0.8571428571428571,1.8242035597887425,0.40778839652889076,3.7783224732434606
public_offering,in sample 2024-2025,post,2m,5,stock,20,21,1.6030482167541653,4.718030129978764,0.55,1.1770594676601882,-1.945392759107449,4.858989796273319
public_offering,in sample 2024-2025,post,2m,5,long_call,24,21,-0.8675073164916894,-1.6645107197352598,0.2916666666666667,-0.9885855017018776,-5.100636366028963,1.6653479061579834
public_offering,in sample 2024-2025,post,2m,5,covered_call,16,21,2.863281207992526,4.04154103130997,0.625,3.017029451140255,-0.3290575484355339,7.206401445744013
public_offering,in sample 2024-2025,post,2m,5,protective_put,15,21,-2.1959438887506413,-1.5971880823178,0.4,-3.0630766345877705,-7.525837405871803,0.3296670972814042
public_offering,in sample 2024-2025,post,2m,5,collar,13,21,-1.2043773445425632,-2.15842966262535,0.46153846153846156,-2.463439467242136,-7.17040515507761,1.3939522526163473
public_offering,in sample 2024-2025,post,2m,5,cash_secured_put,17,21,1.9189583789553404,1.3154777815479,0.5882352941176471,2.591351456791778,-0.7039014282650178,5.875825450448283
public_offering,in sample 2024-2025,post,3-6m,10,stock,18,23,-1.4589036485015257,-1.308208949308645,0.3888888888888889,-0.44399171196320153,-2.63760907826818,2.2517509942080656
public_offering,in sample 2024-2025,post,3-6m,10,long_call,29,23,-1.5486505627588494,-1.8769818862277299,0.3793103448275862,-1.022832808385543,-3.440338516602055,0.7668826970999154
public_offering,in sample 2024-2025,post,3-6m,10,covered_call,17,23,0.4236767531554812,-0.48570482586076996,0.47058823529411764,0.21731637790606706,-2.1079150502294643,2.9647110275321347
public_offering,in sample 2024-2025,post,3-6m,10,protective_put,15,23,-1.7021931991180332,-0.95191795686243,0.4,-0.6909438264872823,-3.1487998026925856,2.2868027959290003
public_offering,in sample 2024-2025,post,3-6m,10,collar,15,23,1.9462014687806388,-0.04463167420959,0.4666666666666667,1.3159927397033597,-1.3420134371245787,3.969530862902412
public_offering,in sample 2024-2025,post,3-6m,10,cash_secured_put,19,23,-0.653873439893599,-0.12206892276123998,0.42105263157894735,-0.5139995152509081,-2.413849930387302,2.3269828713579814
public_offering,in sample 2024-2025,post,3-6m,21,stock,13,23,-5.6316803278932674,-6.95514056073886,0.23076923076923078,-0.8407327901045374,-4.325372092491212,0.9074427814521707
public_offering,in sample 2024-2025,post,3-6m,21,long_call,26,23,-5.325416414234476,-6.238433148236505,0.11538461538461539,-1.8265324584714584,-5.561060147891563,-0.37997797018981455
public_offering,in sample 2024-2025,post,3-6m,21,covered_call,12,23,2.9891892659976924,0.9757529025916599,0.5833333333333334,0.6568145425048979,-1.8706051578955918,2.2414191692378456
public_offering,in sample 2024-2025,post,3-6m,21,protective_put,10,23,-3.799295663880373,-7.78947843020478,0.3,-0.8620660077235898,-6.873820343123332,1.0860110422512754
public_offering,in sample 2024-2025,post,3-6m,21,collar,10,23,2.98928423525999,-0.11177559829361502,0.5,1.2632842621570055,-1.3956485588331569,2.923085368098374
public_offering,in sample 2024-2025,post,3-6m,21,cash_secured_put,18,23,1.2809076306771467,1.636944294154185,0.5555555555555556,0.6374522441142587,-1.27109963668018,2.036929769944207
public_offering,in sample 2024-2025,post,3-6m,42,stock,21,23,11.383564628821045,8.30041342887449,0.5714285714285714,0.8281875070559557,-0.22403762654749781,1.91380452344846
public_offering,in sample 2024-2025,post,3-6m,42,long_call,30,23,-3.0644175232208783,-6.837569672122365,0.36666666666666664,-0.38930855907545203,-1.5078843565340452,0.4789535082832944
public_offering,in sample 2024-2025,post,3-6m,42,covered_call,19,23,15.91953992855035,17.4221146560568,0.8421052631578947,2.3981473950232486,1.4581273548362388,4.029299228218807
public_offering,in sample 2024-2025,post,3-6m,42,protective_put,18,23,-1.1311035429385556,-8.830280350457299,0.3888888888888889,-0.11113420989319135,-1.660699932014319,0.971693965425334
public_offering,in sample 2024-2025,post,3-6m,42,collar,16,23,5.839289808599851,3.044608969179115,0.625,1.5179535648051212,0.4880352335396674,2.8153543667501038
public_offering,in sample 2024-2025,post,3-6m,42,cash_secured_put,22,23,4.356358988043285,4.107642232540409,0.6818181818181818,1.2988080034203093,0.2652631084889463,2.647021043041358
public_offering,in sample 2024-2025,post,3-6m,5,stock,23,23,-1.782353044212036,-1.24400199936951,0.43478260869565216,-0.8469172088776701,-3.729145021684878,2.173078991217492
public_offering,in sample 2024-2025,post,3-6m,5,long_call,29,23,0.4099550815150721,0.0,0.41379310344827586,0.3331929963374447,-2.7580764448883466,2.793199823900867
public_offering,in sample 2024-2025,post,3-6m,5,covered_call,20,23,0.41805417090738944,1.75027025005901,0.6,0.3477776974458048,-2.81440052661715,3.753534537083757
public_offering,in sample 2024-2025,post,3-6m,5,protective_put,20,23,-2.3745738808397,-0.375323861115105,0.5,-1.5790714547756048,-4.305882613777703,1.724219265120486
public_offering,in sample 2024-2025,post,3-6m,5,collar,19,23,0.37237395012841545,0.57817953230812,0.631578947368421,0.49778664193741334,-2.858928684607583,4.13221765979596
public_offering,in sample 2024-2025,post,3-6m,5,cash_secured_put,25,23,0.21968776526320966,0.0,0.44,0.24230566147345226,-3.396263886007178,2.6576309380141447
public_offering,in sample 2024-2025,pre,1m,10,stock,35,34,3.108230315379853,-6.74386905748669,0.34285714285714286,0.45337466937511217,-1.5548028802777705,1.6751751659051397
public_offering,in sample 2024-2025,pre,1m,10,long_call,41,34,1.6576797929133178,-5.77940997198458,0.2682926829268293,0.28803945609413967,-1.7460725351162985,1.388107296189926
public_offering,in sample 2024-2025,pre,1m,10,covered_call,31,34,1.2018156146821402,-2.83185336616316,0.3548387096774194,0.29370570068596086,-2.2559090592837725,1.445983734619859
public_offering,in sample 2024-2025,pre,1m,10,protective_put,24,34,2.3815339587125917,-7.59372100053049,0.2916666666666667,0.31410348980407016,-2.5856930001805787,1.8119941277842566
public_offering,in sample 2024-2025,pre,1m,10,collar,22,34,0.9666608514494416,-2.32213148775559,0.3181818181818182,0.21402452535811203,-3.1286650424278912,1.593422626519101
public_offering,in sample 2024-2025,pre,1m,10,cash_secured_put,31,34,-0.6401824813473457,0.385792436387,0.5483870967741935,-0.3087866204777569,-1.5674697756996279,1.9457971936085006
public_offering,in sample 2024-2025,pre,1m,21,stock,15,22,-10.072535953580477,-18.36161176883106,0.26666666666666666,-1.5965565130750834,-5.450096793856839,0.15241462338579323
public_offering,in sample 2024-2025,pre,1m,21,long_call,19,22,-7.988701172044078,-8.32154755550477,0.15789473684210525,-2.0033605180268697,-6.161412547350533,-0.3022007707718635
public_offering,in sample 2024-2025,pre,1m,21,covered_call,10,22,-3.8119695595340417,-0.9631663799508149,0.4,-0.8920563739365881,-3.538468090867967,1.2997989479616943
public_offering,in sample 2024-2025,pre,1m,21,protective_put,10,22,-12.876697127670317,-16.536364947086014,0.1,-5.094251842272378,-13.813635529857784,-2.617304637583771
public_offering,in sample 2024-2025,pre,1m,21,cash_secured_put,15,22,-1.5973496382478327,1.3746087604117698,0.5333333333333333,-0.4742091231229381,-1.9941562856119397,1.6247939878841668
public_offering,in sample 2024-2025,pre,1m,5,stock,40,34,2.1952602878920198,-3.8142153953670848,0.45,0.46333795177914394,-1.7118133129019018,2.0553486352822605
public_offering,in sample 2024-2025,pre,1m,5,long_call,46,34,0.04097366790872353,-4.70796392782301,0.30434782608695654,0.011701544555322399,-2.538920761409377,1.4952832037412849
public_offering,in sample 2024-2025,pre,1m,5,covered_call,38,34,0.010121285387931724,-1.765229998299455,0.4473684210526316,0.004123250484237404,-2.1942079810169393,1.7962079476929047
public_offering,in sample 2024-2025,pre,1m,5,protective_put,31,34,0.7590425995766893,-4.37059597542493,0.3548387096774194,0.16557643818653522,-2.959691522123197,1.9863078331843458
public_offering,in sample 2024-2025,pre,1m,5,collar,30,34,-1.339792076312172,-1.800737134195125,0.4,-0.6253060010669473,-3.6687943028141112,1.2421179722853697
public_offering,in sample 2024-2025,pre,1m,5,cash_secured_put,35,34,1.2120930649251331,0.83927871908533,0.5428571428571428,0.8914762233842162,-0.9580053374106579,3.2744236267535793
public_offering,in sample 2024-2025,pre,2m,10,stock,25,21,-4.334567829929161,-8.599249321733291,0.44,-0.7128142940768366,-3.083106943028035,1.0194908889398273
public_offering,in sample 2024-2025,pre,2m,10,long_call,29,21,-3.8544424005289963,-6.70403125949741,0.27586206896551724,-1.0774320197896208,-3.3172332583820143,0.5266134589105755
public_offering,in sample 2024-2025,pre,2m,10,covered_call,21,21,-1.00492591329965,-2.34836394388163,0.42857142857142855,-0.4445399675053009,-2.4372613634329907,1.667760796297414
public_offering,in sample 2024-2025,pre,2m,10,protective_put,18,21,-9.17893622583026,-10.326075522280275,0.2777777777777778,-2.4396760530638066,-5.585682540348193,-0.6838937607303245
public_offering,in sample 2024-2025,pre,2m,10,collar,16,21,-3.7353761574292657,-1.04563056404394,0.3125,-2.0442787034331187,-3.9280593357740043,-0.36810648038027005
public_offering,in sample 2024-2025,pre,2m,10,cash_secured_put,19,21,-1.6857865537174455,0.0,0.47368421052631576,-0.7580237442769179,-2.358538114703341,2.2642358753940557
public_offering,in sample 2024-2025,pre,2m,21,stock,19,21,-0.2646872399546687,-5.07018097471258,0.42105263157894735,-0.03244803990004091,-2.0492867326374125,1.3632201815493736
public_offering,in sample 2024-2025,pre,2m,21,long_call,24,21,1.2283569069599007,-7.344400975691601,0.20833333333333334,0.10828579493265023,-2.3940464696798514,1.0747055457547094
public_offering,in sample 2024-2025,pre,2m,21,covered_call,16,21,1.995111796166709,2.627885051595765,0.5625,0.5288289725246664,-1.1691684629769512,2.3385780710003106
public_offering,in sample 2024-2025,pre,2m,21,protective_put,12,21,-13.52458254187156,-10.329341694199275,0.16666666666666666,-2.7317395737723214,-6.10861041339383,-1.984467363820621
public_offering,in sample 2024-2025,pre,2m,21,collar,11,21,-4.5510880785062,-2.0848470284530096,0.36363636363636365,-1.7773556163210906,-3.467054641704112,-0.5793783159036296
public_offering,in sample 2024-2025,pre,2m,21,cash_secured_put,14,21,2.160802453248956,2.671087207239915,0.7142857142857143,0.8483363833385815,-0.7193238263493072,4.042003430314745
public_offering,in sample 2024-2025,pre,2m,5,stock,21,21,-0.3555687663527631,-4.25560446603325,0.42857142857142855,-0.0813135240625543,-3.540009838275659,2.105270926069552
public_offering,in sample 2024-2025,pre,2m,5,long_call,27,21,-4.226669924345158,-4.92170348340565,0.18518518518518517,-1.6451301335755562,-5.349433005034451,0.5723584163450689
public_offering,in sample 2024-2025,pre,2m,5,covered_call,17,21,-1.3488961284827232,-0.9744688104294901,0.47058823529411764,-0.831144153611227,-3.568975757765944,2.5828106477585813
public_offering,in sample 2024-2025,pre,2m,5,protective_put,14,21,-7.378545401964878,-4.518863976622465,0.35714285714285715,-2.632172005012549,-5.945675441334936,-0.9462842985539693
public_offering,in sample 2024-2025,pre,2m,5,collar,12,21,-3.931850410726335,-1.490999319560195,0.4166666666666667,-2.658278381421004,-5.204560831321589,-0.07376436508556661
public_offering,in sample 2024-2025,pre,2m,5,cash_secured_put,17,21,-0.07717443203560005,-0.25331165766143,0.4117647058823529,-0.09362316668618456,-3.0412344073308644,3.2444707979927685
public_offering,in sample 2024-2025,pre,3-6m,10,stock,21,27,-5.980913801630037,-4.958226806097691,0.2857142857142857,-0.931263968006578,-3.707656191973631,0.8753091027016813
public_offering,in sample 2024-2025,pre,3-6m,10,long_call,34,27,-8.476088639458437,-8.824699902667371,0.17647058823529413,-2.524075511329982,-5.751739076148328,-0.7917998672729868
public_offering,in sample 2024-2025,pre,3-6m,10,covered_call,18,27,-3.956572346491975,-0.157566823749885,0.5,-1.6944699877198184,-3.3950053349116733,0.3172035408103929
public_offering,in sample 2024-2025,pre,3-6m,10,protective_put,15,27,-11.525236155787555,-9.43457609988265,0.2,-3.343667586659234,-7.565419128743396,-2.162198850092233
public_offering,in sample 2024-2025,pre,3-6m,10,collar,14,27,-3.602268912173303,-1.81836473224974,0.35714285714285715,-2.3443735734744005,-4.598293406204065,-0.2074337748954643
public_offering,in sample 2024-2025,pre,3-6m,10,cash_secured_put,19,27,-1.1033538295034946,0.0,0.3684210526315789,-0.9480831862316729,-2.679036440114683,1.527993797474411
public_offering,in sample 2024-2025,pre,3-6m,21,stock,15,27,-15.864143153211252,-16.97543023744587,0.13333333333333333,-2.0543999367296095,-5.2722185335234,-0.32610477202355087
public_offering,in sample 2024-2025,pre,3-6m,21,long_call,30,27,-11.647649958791332,-12.053587812914675,0.13333333333333333,-3.076216779529217,-5.656903404165159,-1.7314653939034685
public_offering,in sample 2024-2025,pre,3-6m,21,covered_call,14,27,-7.062129046084389,-4.302263361655095,0.2857142857142857,-1.8808860257580597,-3.6143037143153016,-0.4265773510699283
public_offering,in sample 2024-2025,pre,3-6m,21,protective_put,11,27,-18.812108861100356,-18.71505565560462,0.09090909090909091,-4.250099408290429,-10.473374186881001,-2.841866021382667
public_offering,in sample 2024-2025,pre,3-6m,21,collar,11,27,-4.721377483907296,-3.9996408187901697,0.18181818181818182,-2.4873848787817447,-5.201809958532181,-0.821336960078036
public_offering,in sample 2024-2025,pre,3-6m,21,cash_secured_put,19,27,-1.1885589361661748,0.0,0.42105263157894735,-0.4580417007285811,-1.7656772396423617,1.3726529925903115
public_offering,in sample 2024-2025,pre,3-6m,42,stock,22,27,2.195649393496491,-2.667792082996065,0.45454545454545453,0.17523601471220981,-0.8956318046373493,1.2203856145621064
public_offering,in sample 2024-2025,pre,3-6m,42,long_call,34,27,-8.016296232963601,-10.21320411280542,0.2647058823529412,-0.8781478882581961,-2.051260381717852,-0.06181707613006663
public_offering,in sample 2024-2025,pre,3-6m,42,covered_call,20,27,10.30255856755961,12.454774929123131,0.8,1.7403452524190264,0.7178459092546989,3.282369556111006
public_offering,in sample 2024-2025,pre,3-6m,42,protective_put,17,27,-7.058197112919849,-9.5502888324348,0.4117647058823529,-0.6484251861959862,-2.008163040160883,0.4864954022697706
public_offering,in sample 2024-2025,pre,3-6m,42,collar,16,27,2.1433413824831313,2.857123661476995,0.5625,0.48346807710728407,-0.6917693718231975,2.02141792646119
public_offering,in sample 2024-2025,pre,3-6m,42,cash_secured_put,21,27,3.541770616703043,5.50321932057037,0.6666666666666666,1.0394513501064284,-0.04498619262891597,2.874950313626699
public_offering,in sample 2024-2025,pre,3-6m,5,stock,23,27,-5.117437568025363,-14.468059904424848,0.30434782608695654,-0.8279452490138066,-6.4115965047319,1.3874208837076374
public_offering,in sample 2024-2025,pre,3-6m,5,long_call,32,27,-3.776571534748077,-7.7402175706369505,0.25,-1.0087695986638359,-5.349426672856554,0.8959775228824932
public_offering,in sample 2024-2025,pre,3-6m,5,covered_call,20,27,-3.416264698340036,-4.39215062412492,0.35,-1.8665291907468953,-5.145100357346889,0.6807551298488953
public_offering,in sample 2024-2025,pre,3-6m,5,protective_put,19,27,-8.051461647799227,-11.24943511138463,0.21052631578947367,-1.9220759549873905,-8.549186373335795,0.7388739729071979
public_offering,in sample 2024-2025,pre,3-6m,5,collar,18,27,-2.597703808473436,-2.885540359009595,0.3888888888888889,-2.3192118537597373,-5.666699724676253,0.3529160975878298
public_offering,in sample 2024-2025,pre,3-6m,5,cash_secured_put,24,27,0.1749233444380478,-0.9317363502091249,0.4166666666666667,0.15873911532319726,-2.404235937628926,2.6181113888676575
public_offering,out of sample 2026,post,1m,10,stock,15,14,-2.6871421490920238,-5.89111856773167,0.2,-0.5758363871915461,-6.6481077755642906,1.5196479845451565
public_offering,out of sample 2026,post,1m,10,long_call,17,14,-2.6529398841664977,-5.35834399334424,0.058823529411764705,-0.7331580790651153,-8.6376371320617,1.2534104990300683
public_offering,out of sample 2026,post,1m,10,covered_call,14,14,0.2294277525060319,-3.950158987172235,0.35714285714285715,0.0644811626025511,-5.261679121123832,2.1329791712246315
public_offering,out of sample 2026,post,1m,10,protective_put,12,14,-2.459119376372915,-7.732889933122344,0.25,-0.5553344096702464,-8.08016542383066,1.7472251424755718
public_offering,out of sample 2026,post,1m,10,collar,11,14,0.5599220848409248,-2.78140948516501,0.36363636363636365,0.1784838307034531,-7.6404298390979015,2.3227067915803206
public_offering,out of sample 2026,post,1m,10,cash_secured_put,14,14,0.9143340891734806,1.01757642979734,0.5714285714285714,1.0759898350706258,-1.915915301721931,3.6278592056565415
public_offering,out of sample 2026,post,1m,5,stock,16,14,-3.1061145570028694,-1.48320518119892,0.375,-2.074922961220445,-5.190119548216025,1.6169383038836795
public_offering,out of sample 2026,post,1m,5,long_call,16,14,-3.0008168760373004,-2.9738083884464155,0.3125,-3.2118078439447424,-6.986300746279413,-0.2523085445760789
public_offering,out of sample 2026,post,1m,5,covered_call,15,14,-1.5119199181412228,-0.35869378964267,0.4666666666666667,-1.0038328933179497,-4.566277585766428,3.13725559477246
public_offering,out of sample 2026,post,1m,5,protective_put,15,14,-4.748585664599114,-4.1880751740244,0.26666666666666666,-3.5002981036721015,-6.8517126957410275,-0.3261177591222373
public_offering,out of sample 2026,post,1m,5,collar,14,14,-3.507578140036845,-2.8567010740584102,0.2857142857142857,-2.6945463897517645,-6.620638325761115,1.03128155174401
public_offering,out of sample 2026,post,1m,5,cash_secured_put,16,14,1.1868206125901808,1.2464206238898898,0.6875,2.686052805438369,-0.8253223973383266,7.4131273882052
public_offering,out of sample 2026,post,3-6m,10,long_call,11,9,-3.845624775469452,-6.479744248434311,0.18181818181818182,-1.4143236271257278,-9.128770667996708,1.2599622425305708
public_offering,out of sample 2026,post,3-6m,21,long_call,12,9,1.138568853428131,-4.9789821622627946,0.16666666666666666,0.13305391523388743,-5.276407299705858,1.5262545297349543
public_offering,out of sample 2026,post,3-6m,5,long_call,10,9,-5.917023940990653,-4.276065012074034,0.0,-7.271065865920589,-14.182196613843269,-5.575926314681496
public_offering,out of sample 2026,pre,1m,10,stock,16,16,-1.82624990926188,-7.950551803305911,0.25,-0.25182188964077784,-6.238547023187516,1.5162866144385214
public_offering,out of sample 2026,pre,1m,10,long_call,19,16,-1.7621892564003234,-5.95543768730694,0.10526315789473684,-0.33089546673887116,-8.398043158452897,1.2253920670179546
public_offering,out of sample 2026,pre,1m,10,covered_call,15,16,-0.05845377416727128,-3.41309341464268,0.3333333333333333,-0.01026512022319655,-4.7302718519366325,1.6800151806462438
public_offering,out of sample 2026,pre,1m,10,protective_put,13,16,-2.2083684841832683,-8.46314832875547,0.15384615384615385,-0.32870973477105836,-9.391249489721277,1.5899488395498043
public_offering,out of sample 2026,pre,1m,10,collar,12,16,-0.3023416502962664,-5.17590822804011,0.25,-0.06199458486439131,-7.446985678432067,1.8861304021602592
public_offering,out of sample 2026,pre,1m,10,cash_secured_put,16,16,3.3529857306679083,1.41689671675937,0.6875,2.416796849904516,1.026058268660545,4.098245600567208
public_offering,out of sample 2026,pre,1m,5,stock,17,16,-2.9464690721142905,-2.26404503138448,0.4117647058823529,-1.1878075412122728,-5.023003113882206,1.567206014015447
public_offering,out of sample 2026,pre,1m,5,long_call,18,16,-2.9507732284355486,-4.000093735830825,0.2222222222222222,-2.1036906185660693,-6.858284401252428,0.5654750980306383
public_offering,out of sample 2026,pre,1m,5,covered_call,16,16,-0.7291154207082784,-0.758961432496625,0.4375,-0.3463476310958214,-4.320798213179193,2.349928855584025
public_offering,out of sample 2026,pre,1m,5,protective_put,16,16,-4.776182454811844,-4.78793225804783,0.3125,-2.194603440545806,-5.637333141297807,0.6361954166619354
public_offering,out of sample 2026,pre,1m,5,collar,15,16,-2.830732398530366,-2.16397382914626,0.4,-1.6092804318042009,-5.3240993888435195,1.4172255754125094
public_offering,out of sample 2026,pre,1m,5,cash_secured_put,18,16,3.2721788263412184,2.548514801891415,0.7777777777777778,3.976166098652447,2.1922272876489095,6.780011156485875
public_offering,out of sample 2026,pre,3-6m,10,stock,10,11,2.951605309935785,-5.319636345550325,0.3,0.4664989773886432,-5.474715966020234,2.619691742996051
public_offering,out of sample 2026,pre,3-6m,10,long_call,12,11,-0.49394235182226087,-7.415004699926925,0.25,-0.09868318529079287,-7.9410613022669505,1.8537304178879197
public_offering,out of sample 2026,pre,3-6m,21,long_call,13,11,2.5731919620103887,-11.68179027463141,0.3076923076923077,0.19521453819156345,-4.87376213900167,1.3754081926120534
public_offering,out of sample 2026,pre,3-6m,5,long_call,11,11,-3.179703136871042,-6.457737240596249,0.2727272727272727,-1.6232138628462773,-9.956723822686246,1.4995101881168968
