cik,local_path,source_sha256,source_url,ticker
0000935036,extracts\sec\ACIW\companyfacts.json,43bb02e9c60188f72a6a0ce98c2a245003b72b11445c6a5697bcab15e3706d68,https://data.sec.gov/api/xbrl/companyfacts/CIK0000935036.json,ACIW
0000796343,extracts\sec\ADBE\companyfacts.json,86a5689aa9aa7b0f9e95be21b48b0305376e014c8dbf3b8bb3b4b131f1b6a0c4,https://data.sec.gov/api/xbrl/companyfacts/CIK0000796343.json,ADBE
0000769397,extracts\sec\ADSK\companyfacts.json,4ee4631abb3cf3cb502a212c2a96745aea77cf4ba857a702f6dd5d6f39d0c991,https://data.sec.gov/api/xbrl/companyfacts/CIK0000769397.json,ADSK
0001362190,extracts\sec\AEYE\companyfacts.json,ff98d56fcf789f6a2b9b81e6ac2cc37d42092c28bddca9bce294d53b1d2e77bc,https://data.sec.gov/api/xbrl/companyfacts/CIK0001362190.json,AEYE
0001577526,extracts\sec\AI\companyfacts.json,c456ee49e0d66c093b29590a202b941c6d917b918515dc104dd419254b454871,https://data.sec.gov/api/xbrl/companyfacts/CIK0001577526.json,AI
0000803578,extracts\sec\AIFF\companyfacts.json,386f614f287e8c5b3e2613bdf47fdb87a9d81ae013faa05a6408c67881847335,https://data.sec.gov/api/xbrl/companyfacts/CIK0000803578.json,AIFF
0001842566,extracts\sec\AISP\companyfacts.json,c22899d6e8f2938d0a8c90ff770a1e369bcd7c6c8f1b162fa1a5c3b119d4fc77,https://data.sec.gov/api/xbrl/companyfacts/CIK0001842566.json,AISP
0001529274,extracts\sec\ALKT\companyfacts.json,a54f8859db01defe9f4a8d6d9cbbdac513ecdbf62d52f4e22c3addc5a248affa,https://data.sec.gov/api/xbrl/companyfacts/CIK0001529274.json,ALKT
0001459200,extracts\sec\ALRM\companyfacts.json,9a0ee0c7782c4c51ea09db728d9985733180d15888f0f1a8655281031cd114c5,https://data.sec.gov/api/xbrl/companyfacts/CIK0001459200.json,ALRM
0001866692,extracts\sec\AMPL\companyfacts.json,551e39d69b94635d529e886482539752b92e29ad437637ca35c20c6811ff1c25,https://data.sec.gov/api/xbrl/companyfacts/CIK0001866692.json,AMPL
0001807166,extracts\sec\AMST\companyfacts.json,a012fe95a36f2d1277fd31dad59e09003d0ced5bdff279dcbdc145ee1ca228c2,https://data.sec.gov/api/xbrl/companyfacts/CIK0001807166.json,AMST
0001433195,extracts\sec\APPF\companyfacts.json,a4f9e36f01cac8b6e59add1094a7424856b40c4b8d1697008ba59a25f764ca46,https://data.sec.gov/api/xbrl/companyfacts/CIK0001433195.json,APPF
0001441683,extracts\sec\APPN\companyfacts.json,7993a8c18942ddbd5c5fe582b0a25f18acc2b29079ce52466654b3a71dacf59f,https://data.sec.gov/api/xbrl/companyfacts/CIK0001441683.json,APPN
0001477720,extracts\sec\ASAN\companyfacts.json,322d50af3631c81cf7b0aab89c348ec0915f713fb0afc2ccc6e159c7f6835ac3,https://data.sec.gov/api/xbrl/companyfacts/CIK0001477720.json,ASAN
0002026353,extracts\sec\ATHR\companyfacts.json,71132880c7f8fa62bd572e15767c5777d6329b1c4337144a0ad3b1208bac832a,https://data.sec.gov/api/xbrl/companyfacts/CIK0002026353.json,ATHR
0001534154,extracts\sec\AUID\companyfacts.json,c5478c3122a52b020cff533c22c826406835f8645f0707a216eb20ec44a9894f,https://data.sec.gov/api/xbrl/companyfacts/CIK0001534154.json,AUID
0001777921,extracts\sec\AVPT\companyfacts.json,0f026fc239f4abc0335ecf8e030353ac2cd1e50398f83026bf8180dedb3f99f7,https://data.sec.gov/api/xbrl/companyfacts/CIK0001777921.json,AVPT
0001015739,extracts\sec\AWRE\companyfacts.json,f7e9c0285f56431cfc4ef5d838d77071ea9c12bf0b5469343731ad4368827ebf,https://data.sec.gov/api/xbrl/companyfacts/CIK0001015739.json,AWRE
0001514416,extracts\sec\BAND\companyfacts.json,4994fb321942c430297efebade88a4dd2e26a8f0227490c36d9e0cd95821bc58,https://data.sec.gov/api/xbrl/companyfacts/CIK0001514416.json,BAND
0001070235,extracts\sec\BB\companyfacts.json,44a8a5654b511686e79e77eadf53cd8bbcb3549746ca82861cd31ddc4aab1951,https://data.sec.gov/api/xbrl/companyfacts/CIK0001070235.json,BB
0001836981,extracts\sec\BBAI\companyfacts.json,e69f0811475624d9b60a6e71a72c220c8c85d2201e294e4fbafe80d3cb6f6124,https://data.sec.gov/api/xbrl/companyfacts/CIK0001836981.json,BBAI
0001786352,extracts\sec\BILL\companyfacts.json,2019d2ef99193211a40af614df014dc0793a73bb56f3b6932d9329b0ea452e04,https://data.sec.gov/api/xbrl/companyfacts/CIK0001786352.json,BILL
0001019034,extracts\sec\BKYI\companyfacts.json,3b2eccf1278707a06dd03fc1ca5bba4cb0fbd996f85776a3748003ec5b74f966,https://data.sec.gov/api/xbrl/companyfacts/CIK0001019034.json,BKYI
0001666134,extracts\sec\BL\companyfacts.json,ccdde1f9a8755705a9028e3e9731d95d9b7d2db8b23e1f6d5853c4040dc76fe8,https://data.sec.gov/api/xbrl/companyfacts/CIK0001666134.json,BL
0001378590,extracts\sec\BLIN\companyfacts.json,dade7dc4508f206450a3510ddce6b34fa7ebc97365b3e247d1867bc00a944ed6,https://data.sec.gov/api/xbrl/companyfacts/CIK0001378590.json,BLIN
0001280058,extracts\sec\BLKB\companyfacts.json,17899d33cf1c4cc980f7a340dc9574eee0fcdf7868975ae53f2e304cdbb65813,https://data.sec.gov/api/xbrl/companyfacts/CIK0001280058.json,BLKB
0001462056,extracts\sec\BLZE\companyfacts.json,71ceb404fc7e1838db013d7d268dc72c22d335ba54f369ab2d782f6a84c1785d,https://data.sec.gov/api/xbrl/companyfacts/CIK0001462056.json,BLZE
0001372612,extracts\sec\BOX\companyfacts.json,7db6f58b4571d237221682ee4e6b4797beda0b48b27e628f6b11ecc3e5285ac0,https://data.sec.gov/api/xbrl/companyfacts/CIK0001372612.json,BOX
0001676238,extracts\sec\BRZE\companyfacts.json,e3c3c8b049141f7a94570cbe3bf32507d693abf42b08593a3dae623dfed99723,https://data.sec.gov/api/xbrl/companyfacts/CIK0001676238.json,BRZE
0001031308,extracts\sec\BSY\companyfacts.json,a136a9cffbf9faf7fbe441fe73a8c6d985d0e794cd5896a8b7738b8eaba8b742,https://data.sec.gov/api/xbrl/companyfacts/CIK0001031308.json,BSY
0001818201,extracts\sec\CCC\companyfacts.json,639083a463e91400bc1f0b7f85b98612d976018159fe25e17a8f16b89213afd3,https://data.sec.gov/api/xbrl/companyfacts/CIK0001818201.json,CCC
0001582982,extracts\sec\CCLD\companyfacts.json,5596343485729d0d5bb30213a4ee6c480f6a37132f9f3ad6aa12a758bce22fe5,https://data.sec.gov/api/xbrl/companyfacts/CIK0001582982.json,CCLD
0001866633,extracts\sec\CCSI\companyfacts.json,48df98248b628e791e18d289aa7b279b6af5a8884852aecea5ed1b3e5884af94,https://data.sec.gov/api/xbrl/companyfacts/CIK0001866633.json,CCSI
0000813672,extracts\sec\CDNS\companyfacts.json,0bfb80dcfb082f1368b0f19c256ca5b35585e20bda411cea2163627b55f0955b,https://data.sec.gov/api/xbrl/companyfacts/CIK0000813672.json,CDNS
0001827090,extracts\sec\CERT\companyfacts.json,db516fa04f8a67839b9211e63dfa6b6802022f5ace41ae968953e3c30b05798c,https://data.sec.gov/api/xbrl/companyfacts/CIK0001827090.json,CERT
0001626450,extracts\sec\CMRC\companyfacts.json,93802537bfe4c4ce9d69459c8fd293c3ed6166396cb6f560a72ece7665b0d190,https://data.sec.gov/api/xbrl/companyfacts/CIK0001626450.json,CMRC
0001651562,extracts\sec\COUR\companyfacts.json,44cfccd6ac73c61db68a02a83c326c46017792651f81be71e84510ad2cfefb3b,https://data.sec.gov/api/xbrl/companyfacts/CIK0001651562.json,COUR
0001108524,extracts\sec\CRM\companyfacts.json,c36bddafd22061dfe573fa22199074d882196f6667cf641eb30c8cec5a340ae5,https://data.sec.gov/api/xbrl/companyfacts/CIK0001108524.json,CRM
0001768267,extracts\sec\CRNC\companyfacts.json,c518b471aa1320f0639bd2dda64dc40e15871eb4e08181484bd4c1d202904fc7,https://data.sec.gov/api/xbrl/companyfacts/CIK0001768267.json,CRNC
0001535527,extracts\sec\CRWD\companyfacts.json,a71a92f1f11bd3032271ca55be7a7770a96a846ec809f925829ef952fd5f3fa1,https://data.sec.gov/api/xbrl/companyfacts/CIK0001535527.json,CRWD
0001769628,extracts\sec\CRWV\companyfacts.json,c0af16143fd615e9d4d3066226d81722fcbb49de9ee4125f038b1f47e285026f,https://data.sec.gov/api/xbrl/companyfacts/CIK0001769628.json,CRWV
0001169561,extracts\sec\CVLT\companyfacts.json,8e18cf1384df1e5c6d7ec27ecaf92c266cb738259dabddc6621e743e1dd9d8b6,https://data.sec.gov/api/xbrl/companyfacts/CIK0001169561.json,CVLT
0001820875,extracts\sec\CXAI\companyfacts.json,071b8bd2f09d2550a6a2100c62fdb6b7118265dfe788baca120dea44e7c9dc16,https://data.sec.gov/api/xbrl/companyfacts/CIK0001820875.json,CXAI
0001569345,extracts\sec\CXM\companyfacts.json,0deced263f5e0122199a03bfb5626c25106cd06d9d4c52b929512ee492b1b80b,https://data.sec.gov/api/xbrl/companyfacts/CIK0001569345.json,CXM
0002032341,extracts\sec\CYAB\companyfacts.json,5faa611ee52f7813d778ced61cd1caf30135d68fab1bc90d82661700755c28e3,https://data.sec.gov/api/xbrl/companyfacts/CIK0002032341.json,CYAB
0001467623,extracts\sec\DBX\companyfacts.json,2bdc91a4d7ea3e67aa013ef5de5f59943131da9766693b95b2cf10d2ea95d176,https://data.sec.gov/api/xbrl/companyfacts/CIK0001467623.json,DBX
0000910638,extracts\sec\DDD\companyfacts.json,5d899ad29681369f47fdaa81bcda3d15d5a8c721f851bd161a0b4872f12cb1da,https://data.sec.gov/api/xbrl/companyfacts/CIK0000910638.json,DDD
0001561550,extracts\sec\DDOG\companyfacts.json,d3c4561fd839e25b1cde245ff3ca1f821b2a70e70d34688c5ede40bbc0f600a2,https://data.sec.gov/api/xbrl/companyfacts/CIK0001561550.json,DDOG
0001861795,extracts\sec\DH\companyfacts.json,099f36d3dafd986062f8f328010f5d88269979de5b96045ecad7461f22120b98,https://data.sec.gov/api/xbrl/companyfacts/CIK0001861795.json,DH
0001261333,extracts\sec\DOCU\companyfacts.json,11f270928b4870ad995ba009aba6c2c71fdcc0514e422defc2592ddd7c1646d5,https://data.sec.gov/api/xbrl/companyfacts/CIK0001261333.json,DOCU
0001773383,extracts\sec\DT\companyfacts.json,b9c783b4db10c56ada3a646177ec735948ca48c8d489cef60f513c7ce0a83503,https://data.sec.gov/api/xbrl/companyfacts/CIK0001773383.json,DT
0001562088,extracts\sec\DUOL\companyfacts.json,edf9df12643a1edb6e0110d4d2ae26800b0af48cd933e258001d9d46f44939fa,https://data.sec.gov/api/xbrl/companyfacts/CIK0001562088.json,DUOL
0001396536,extracts\sec\DUOT\companyfacts.json,70be7013b1b4271e3515ed08d19223e8e7cf1e5f9a34e9fa22fbb26c6e0f6ee7,https://data.sec.gov/api/xbrl/companyfacts/CIK0001396536.json,DUOT
0001066194,extracts\sec\EGAN\companyfacts.json,ce885553e55534385d2afa5118c997c701698e88d1f9a3b9490e68f76558c54c,https://data.sec.gov/api/xbrl/companyfacts/CIK0001066194.json,EGAN
0001707753,extracts\sec\ESTC\companyfacts.json,bf67dc8bc9dd23758c9e2dc067477dca9ae9f8041beaa79a7143ad61919b1e29,https://data.sec.gov/api/xbrl/companyfacts/CIK0001707753.json,ESTC
0001853145,extracts\sec\EVCM\companyfacts.json,f1ed7cf6f2d83c08c9ab3dee97e4aea99c703b01dfceb1dcd489921e56d0d9fc,https://data.sec.gov/api/xbrl/companyfacts/CIK0001853145.json,EVCM
0001476840,extracts\sec\EXFY\companyfacts.json,7e7b711d3d1a9da89ce11ddd31ea725ac8ab230dc7cfd416c5374e5c1bf094ea,https://data.sec.gov/api/xbrl/companyfacts/CIK0001476840.json,EXFY
0001960355,extracts\sec\EXYN\companyfacts.json,0e6eb650be629ce55002ee3b6c0ed351842ed1e18ac09c24fa1adfd99fa222d1,https://data.sec.gov/api/xbrl/companyfacts/CIK0001960355.json,EXYN
0001993400,extracts\sec\FATN\companyfacts.json,8c705d5e645faee7e1d88d4a94e6330a6f8fd21942a313211a83dd379a96440c,https://data.sec.gov/api/xbrl/companyfacts/CIK0001993400.json,FATN
0001579878,extracts\sec\FIG\companyfacts.json,351dac9a157f78e92f79157b482ddaeb313c7929697be9d974af2280d3c3303e,https://data.sec.gov/api/xbrl/companyfacts/CIK0001579878.json,FIG
0001602409,extracts\sec\FNGR\companyfacts.json,8a1c8f55783e05f3b4223b8ecbf8cd1f76ec113165490c217e0b46c96c7c0c55,https://data.sec.gov/api/xbrl/companyfacts/CIK0001602409.json,FNGR
0001800667,extracts\sec\FROG\companyfacts.json,5714aee0eea8ab7fa48eb1a828aacf1ede8160c9bf01aed3ce738dc080e762d7,https://data.sec.gov/api/xbrl/companyfacts/CIK0001800667.json,FROG
0001544522,extracts\sec\FRSH\companyfacts.json,80a6039d1f9b5fc9bfc4a234e454477d54804bc176ea38f5b6dc1625220d0e89,https://data.sec.gov/api/xbrl/companyfacts/CIK0001544522.json,FRSH
0001517413,extracts\sec\FSLY\companyfacts.json,119b15dbcd00bb2ecc4c622355a6a5723cd26c4242161650800db60bed63656d,https://data.sec.gov/api/xbrl/companyfacts/CIK0001517413.json,FSLY
0001743725,extracts\sec\GDYN\companyfacts.json,287c06156601c1bf716b10040e92faedb37c30e40df9cc4f2fa600cb578372c5,https://data.sec.gov/api/xbrl/companyfacts/CIK0001743725.json,GDYN
0001831096,extracts\sec\GEG\companyfacts.json,fb3df6affd934cac9dbf03fa9518160293f87d68eacea506cea92e5797341f95,https://data.sec.gov/api/xbrl/companyfacts/CIK0001831096.json,GEG
0000849399,extracts\sec\GEN\companyfacts.json,1ab96531b9c9e367514ad0e1b6e81b0749f553760fe2b87e5a77f69bb29de44f,https://data.sec.gov/api/xbrl/companyfacts/CIK0000849399.json,GEN
0001653482,extracts\sec\GTLB\companyfacts.json,5f900199621c5922f358c542d0fb942df930d4fe391724686f2625149fc1ee54,https://data.sec.gov/api/xbrl/companyfacts/CIK0001653482.json,GTLB
0001794515,extracts\sec\GTM\companyfacts.json,4b484f3726fb27c083ae3dc2827339817a16a25143169b1ed238bfabcd6827a3,https://data.sec.gov/api/xbrl/companyfacts/CIK0001794515.json,GTM
0001528396,extracts\sec\GWRE\companyfacts.json,1bcfe0669ef1e428cae9f4f40ded456766c027e1e669ce68608dc5b0e725e4b3,https://data.sec.gov/api/xbrl/companyfacts/CIK0001528396.json,GWRE
0001895618,extracts\sec\GXAI\companyfacts.json,17b498c86f2da2012a60763860d1d5d6116dcd448eead30f9c2528ec5bf0a17e,https://data.sec.gov/api/xbrl/companyfacts/CIK0001895618.json,GXAI
0001404655,extracts\sec\HUBS\companyfacts.json,f259532687f784b291938882beaab403caf24b2abd0c2792ac0940e95a34353d,https://data.sec.gov/api/xbrl/companyfacts/CIK0001404655.json,HUBS
0001718939,extracts\sec\IDAI\companyfacts.json,db53b1d1023183f104e49b6769fd4e178af567d0d8526b099e256f7621f7a998,https://data.sec.gov/api/xbrl/companyfacts/CIK0001718939.json,IDAI
0001040896,extracts\sec\IDN\companyfacts.json,149863c7cf7a285a3f93a4a2b6ebd2bf8fe878992e4f29c2e72adafb41f97681,https://data.sec.gov/api/xbrl/companyfacts/CIK0001040896.json,IDN
0001728688,extracts\sec\IIIV\companyfacts.json,5027a0b23f21ea25f3ebb1cd57164231da8f5331c86ce03bb3332ae6a5b2bc53,https://data.sec.gov/api/xbrl/companyfacts/CIK0001728688.json,IIIV
0001081745,extracts\sec\INLX\companyfacts.json,06dbb282f8d43c0b4d04a639767fff70ed913f92cb34f10dbfff6a0d3310c373,https://data.sec.gov/api/xbrl/companyfacts/CIK0001081745.json,INLX
0001615063,extracts\sec\INSE\companyfacts.json,322e00632fdc83a455c6a0787aeed1ef1baca2ca5c10e2732f2b3c115e4d50cc,https://data.sec.gov/api/xbrl/companyfacts/CIK0001615063.json,INSE
0001565687,extracts\sec\INTA\companyfacts.json,bd9f42fa9b5a7aeb467cd9a9f1c86aca6147403ec7b23c4b8352cd04355e8e28,https://data.sec.gov/api/xbrl/companyfacts/CIK0001565687.json,INTA
0000896878,extracts\sec\INTU\companyfacts.json,456f89ae1757bb5a6ee0990f8b759e3d694222b0107c33ee4b163ee85a478d8a,https://data.sec.gov/api/xbrl/companyfacts/CIK0000896878.json,INTU
0001397183,extracts\sec\IVDA\companyfacts.json,63d20b6f598129632d467888c22a3ede7b5f305db0db6298250ae3dad5396499,https://data.sec.gov/api/xbrl/companyfacts/CIK0001397183.json,IVDA
0001432133,extracts\sec\KLTR\companyfacts.json,b7b78225dbc73c5a2ff16d968086947cbdf597e98b0698815cc03f444ab3df5d,https://data.sec.gov/api/xbrl/companyfacts/CIK0001432133.json,KLTR
0001835830,extracts\sec\KVYO\companyfacts.json,cef7dfa9eda79fcd91e41d7a89ac12635e9b3f722cf5c7f12a38999a8e29232d,https://data.sec.gov/api/xbrl/companyfacts/CIK0001835830.json,KVYO
0001625641,extracts\sec\LAW\companyfacts.json,ffcdbe4caf8dcc2e151010b62d884dba5a87576569d1141c7bd71f7c034c8ab9,https://data.sec.gov/api/xbrl/companyfacts/CIK0001625641.json,LAW
0001673481,extracts\sec\LTRYW\companyfacts.json,bd89c4093a19d312a2b46f32a9f0c4b725d457f6b1df92803b54632ae308085a,https://data.sec.gov/api/xbrl/companyfacts/CIK0001673481.json,LTRYW
0001056696,extracts\sec\MANH\companyfacts.json,5ec141592216ece46161f5c23bbf15af27d5d42ec096f5c0ff3ecf45a35d068b,https://data.sec.gov/api/xbrl/companyfacts/CIK0001056696.json,MANH
0001910139,extracts\sec\MBLY\companyfacts.json,110f3e04e8aea18bb3e0d07c0de58f19597b7a403ae4b1751eebac8bc33e3201,https://data.sec.gov/api/xbrl/companyfacts/CIK0001910139.json,MBLY
0001224133,extracts\sec\MCHX\companyfacts.json,6991452645be1913b8e27072b14909487f95f50e8e4f9dffc9ecdc85e335ff21,https://data.sec.gov/api/xbrl/companyfacts/CIK0001224133.json,MCHX
0001441816,extracts\sec\MDB\companyfacts.json,8947052d6912d9ac6b35470f5e331ef6fe1f4b4cf782fab20822c9cb66738997,https://data.sec.gov/api/xbrl/companyfacts/CIK0001441816.json,MDB
0001805651,extracts\sec\MKTW\companyfacts.json,c1e5e54982d56e49f4366632a13ad79e12a008c4d9e375acdb6ef988e3fb51c8,https://data.sec.gov/api/xbrl/companyfacts/CIK0001805651.json,MKTW
0001522540,extracts\sec\MQ\companyfacts.json,1772f0a4e5d305b1907021ee19fc53a1d980695919937b65fbbc5a7288ccf80d,https://data.sec.gov/api/xbrl/companyfacts/CIK0001522540.json,MQ
0001437925,extracts\sec\MRDN\companyfacts.json,97752eba0e4537d86e6bed87a7c5ecad743a8006d559534e59db6721db025a12,https://data.sec.gov/api/xbrl/companyfacts/CIK0001437925.json,MRDN
0000789019,extracts\sec\MSFT\companyfacts.json,f8aae2965b20ad0df44bdf7ccbedf797d275b6b8dc030154a7a311361bb7246f,https://data.sec.gov/api/xbrl/companyfacts/CIK0000789019.json,MSFT
0001821175,extracts\sec\MSGM\companyfacts.json,aced047b5c4301a7a91644473dd8ddf9fb31c5ebbe9cbcc64515c9502ac518d8,https://data.sec.gov/api/xbrl/companyfacts/CIK0001821175.json,MSGM
0001823878,extracts\sec\MYPS\companyfacts.json,f653539f66a8348124563d2e51ce98dc8ac37e74447b147efc2750deb0971d83,https://data.sec.gov/api/xbrl/companyfacts/CIK0001823878.json,MYPS
0001211805,extracts\sec\MYSZ\companyfacts.json,72d7b8dbebe322e9b6c1e5467242aea9c1d299243b1575edc3c576708614d72d,https://data.sec.gov/api/xbrl/companyfacts/CIK0001211805.json,MYSZ
0001834488,extracts\sec\NABL\companyfacts.json,624a2f9952c97cfe5d2dad02b0db840b67bc71e60bed156a9bf64b4257d93b08,https://data.sec.gov/api/xbrl/companyfacts/CIK0001834488.json,NABL
0001639723,extracts\sec\NAVN\companyfacts.json,e70d106c3bc6ad60ac005b50ab4426cc10bb4c31b99502422b1790cbb0c21191,https://data.sec.gov/api/xbrl/companyfacts/CIK0001639723.json,NAVN
0001902733,extracts\sec\NCNO\companyfacts.json,d5ac7d7f2fef5087ba694612bb5c543492cfcc9163bb7a16054328adb85200cc,https://data.sec.gov/api/xbrl/companyfacts/CIK0001902733.json,NCNO
0001477333,extracts\sec\NET\companyfacts.json,04cc636210456fc5163996c546c38dd049e53b5f9ce59b8f824f1725b06afe11,https://data.sec.gov/api/xbrl/companyfacts/CIK0001477333.json,NET
0001373715,extracts\sec\NOW\companyfacts.json,1131b67e8d2d6cd6415cafa82c8874cb2139016e4c8d7e04b1728837a8bbec2c,https://data.sec.gov/api/xbrl/companyfacts/CIK0001373715.json,NOW
0001618732,extracts\sec\NTNX\companyfacts.json,6a69bb27fc3667bd5163a2e7646da8b653b3d478902852b2c8c937c556173944,https://data.sec.gov/api/xbrl/companyfacts/CIK0001618732.json,NTNX
0002063196,extracts\sec\NTSK\companyfacts.json,e526ccaf33366fa8af1b9a07cc6c92b80217feba3eaf0905fd63fbb6a0d8ca7c,https://data.sec.gov/api/xbrl/companyfacts/CIK0002063196.json,NTSK
0001039280,extracts\sec\NTWK\companyfacts.json,2daa5e67608cd4ca97f351fc5ac457ff07c7cfa7f3cf43e934e4eec6b1f0860b,https://data.sec.gov/api/xbrl/companyfacts/CIK0001039280.json,NTWK
0002083632,extracts\sec\OCTV\companyfacts.json,ee1b2cc05690a48d82729e798610fff9befdc7c4043911d90e89e9b35baea7ee,https://data.sec.gov/api/xbrl/companyfacts/CIK0002083632.json,OCTV
0001660134,extracts\sec\OKTA\companyfacts.json,ce9d8dc684e7e95b8ab313f731115188cc90b20d383e32a0725832de18cef1d7,https://data.sec.gov/api/xbrl/companyfacts/CIK0001660134.json,OKTA
0001341439,extracts\sec\ORCL\companyfacts.json,65523545f040abaea1dfcf321da2a5aec85e7f34387244b0ffcb26e4c8707f7d,https://data.sec.gov/api/xbrl/companyfacts/CIK0001341439.json,ORCL
0000813828,extracts\sec\PARA\companyfacts.json,c6173a017e1c2ed4efc0c746ca87c8d7e355c989c7b4b95a9a67165309cd490e,https://data.sec.gov/api/xbrl/companyfacts/CIK0000813828.json,PARA
0001734722,extracts\sec\PATH\companyfacts.json,46643c85f69e600a7fc474b819669859d04515314a69915eeda8f73ec465c0cb,https://data.sec.gov/api/xbrl/companyfacts/CIK0001734722.json,PATH
0001590955,extracts\sec\PAYC\companyfacts.json,588556b7e71a89bf4e8a6ac0b9fed255fc1e5c15953d5c5b77b35778fb5ea3dd,https://data.sec.gov/api/xbrl/companyfacts/CIK0001590955.json,PAYC
0001611052,extracts\sec\PCOR\companyfacts.json,a68d9e709737f2b82fc33e05a7b02d432248e968d6294ee18618b1c3c3f7b3e2,https://data.sec.gov/api/xbrl/companyfacts/CIK0001611052.json,PCOR
0001591698,extracts\sec\PCTY\companyfacts.json,0892d204921923b02c569de0a75187f7c7b69a1de913a6ffe8ff6ee502259ce3,https://data.sec.gov/api/xbrl/companyfacts/CIK0001591698.json,PCTY
0001568100,extracts\sec\PD\companyfacts.json,35b74433d1c158aeb8658822ef72580edbad9ae2dcdadecdccaacb0134b8893d,https://data.sec.gov/api/xbrl/companyfacts/CIK0001568100.json,PD
0001120914,extracts\sec\PDFS\companyfacts.json,70d8363183d065eede9cd3babf2900bf7fe4a13582ecb350203c9d336f26734c,https://data.sec.gov/api/xbrl/companyfacts/CIK0001120914.json,PDFS
0001826681,extracts\sec\PDYN\companyfacts.json,b9b7c90605cc64d0408bdc5e3102d1fc1f044c78719c7d273de0b1085e7aba23,https://data.sec.gov/api/xbrl/companyfacts/CIK0001826681.json,PDYN
0001321655,extracts\sec\PLTR\companyfacts.json,43014a2e04fa2784dd669d337a65c9eac9374ea638dacb292ecf19905408651f,https://data.sec.gov/api/xbrl/companyfacts/CIK0001321655.json,PLTR
0001784535,extracts\sec\PRCH\companyfacts.json,c98647850469db3c4b0ef77b830857987025e165ca8a782afbaa02926f446767,https://data.sec.gov/api/xbrl/companyfacts/CIK0001784535.json,PRCH
0000876167,extracts\sec\PRGS\companyfacts.json,331b0c86fb311bf5f4fcceceac19e8cac2cc5b03b64882ae3b2ed3ca912ce1e6,https://data.sec.gov/api/xbrl/companyfacts/CIK0000876167.json,PRGS
0000857005,extracts\sec\PTC\companyfacts.json,35d7f8001e1873d67862c9a42bc8b8683fc38fb7f88e9202f3a63a51575013ed,https://data.sec.gov/api/xbrl/companyfacts/CIK0000857005.json,PTC
0001040161,extracts\sec\PXLW\companyfacts.json,d9e290a2ab481d4207d4385319954a6333cc98d4accfe2d23bdc5c598f20e2ee,https://data.sec.gov/api/xbrl/companyfacts/CIK0001040161.json,PXLW
0001107843,extracts\sec\QLYS\companyfacts.json,5881840c35ba2fea8db2bf555735c059a487ca5962c4dea1febf05955d9a1f15,https://data.sec.gov/api/xbrl/companyfacts/CIK0001107843.json,QLYS
0001410384,extracts\sec\QTWO\companyfacts.json,00552b71c338438a06cb3370d052c0790553f7fdcbbfd5c39d9e51656f9994bb,https://data.sec.gov/api/xbrl/companyfacts/CIK0001410384.json,QTWO
0001758009,extracts\sec\QUBT\companyfacts.json,800636e1886f0d7d88fe1b988a36518dd1db78e85c73a9a5ddcd363321c85716,https://data.sec.gov/api/xbrl/companyfacts/CIK0001758009.json,QUBT
0000797542,extracts\sec\QXL\companyfacts.json,a4086b68a7e2da6b307a6aad797d5e185c1b2fcb55b1115d7f667daa51d8956e,https://data.sec.gov/api/xbrl/companyfacts/CIK0000797542.json,QXL
0001315098,extracts\sec\RBLX\companyfacts.json,da93dfbe41ad0be3c80f12e25819e45a48e960678647dc8d7235efdfce5aa481,https://data.sec.gov/api/xbrl/companyfacts/CIK0001315098.json,RBLX
0001943896,extracts\sec\RBRK\companyfacts.json,7d6489b8a651ac695a633d56676efce3ca3796eb75cc5596785822855f40c1c4,https://data.sec.gov/api/xbrl/companyfacts/CIK0001943896.json,RBRK
0000748268,extracts\sec\RCAT\companyfacts.json,a2ec0b48251add9d139a753ae9f3690d31db7a619f396917d494bfbea4bc42d5,https://data.sec.gov/api/xbrl/companyfacts/CIK0000748268.json,RCAT
0001720116,extracts\sec\RDVT\companyfacts.json,1c207678416e0d8377f10190bfc6754e82ba9db81e720e66d749cbe0cc373861,https://data.sec.gov/api/xbrl/companyfacts/CIK0001720116.json,RDVT
0002077709,extracts\sec\ROC\companyfacts.json,129fea232e70af0fd90a1abc3ed415627feac10f9ba04d48bd72aa1a8975101c,https://data.sec.gov/api/xbrl/companyfacts/CIK0002077709.json,ROC
0001560327,extracts\sec\RPD\companyfacts.json,196e90024aeca936e03fd58c8cc38a5e64022d181c0f01516cfb0c5d11f1d29b,https://data.sec.gov/api/xbrl/companyfacts/CIK0001560327.json,RPD
0001583708,extracts\sec\S\companyfacts.json,8c493fe6c6c4cd7e944856a59eb4f053bd56f94cf7d176c6eef713e1e87f205c,https://data.sec.gov/api/xbrl/companyfacts/CIK0001583708.json,S
0001627857,extracts\sec\SAIL\companyfacts.json,4e093b3bd067362d8e596a0d6fbf813ee00cb3b644508aca9412c8f39657758f,https://data.sec.gov/api/xbrl/companyfacts/CIK0001627857.json,SAIL
0001594805,extracts\sec\SHOP\companyfacts.json,6015c8703f4aaa9dfa8b13e2717e015862616ee9afa7aaf87348563c0ed74a52,https://data.sec.gov/api/xbrl/companyfacts/CIK0001594805.json,SHOP
0001774675,extracts\sec\SKIL\companyfacts.json,e5e5fe2e58eac09459ed60a9d7852f014efaf60522017d7c0ad50f96ddb7397e,https://data.sec.gov/api/xbrl/companyfacts/CIK0001774675.json,SKIL
0000948708,extracts\sec\SMSI\companyfacts.json,134d741491512820546d5fa4c902c858393c88452cc82fbc40420bd8c6a915fc,https://data.sec.gov/api/xbrl/companyfacts/CIK0000948708.json,SMSI
0001886894,extracts\sec\SNAL\companyfacts.json,e0574806406dbc6b233c97a6addf2ced82a1e3be9aaf903489a25dba7bb66f44,https://data.sec.gov/api/xbrl/companyfacts/CIK0001886894.json,SNAL
0001640147,extracts\sec\SNOW\companyfacts.json,9d2289f4d9810ef19dfd4f5eef8c90b406db14947ca4b6fcb36dca6c41383144,https://data.sec.gov/api/xbrl/companyfacts/CIK0001640147.json,SNOW
0000883241,extracts\sec\SNPS\companyfacts.json,7e9b6e13ac2481586b56f1db93af14b9b014a1b7f92af2a09075d7cbd51526d4,https://data.sec.gov/api/xbrl/companyfacts/CIK0000883241.json,SNPS
0001840856,extracts\sec\SOUN\companyfacts.json,814b3e2743fa3ca000253ce7b18db2f6fef2c674493e90347068e1406343869e,https://data.sec.gov/api/xbrl/companyfacts/CIK0001840856.json,SOUN
0001092699,extracts\sec\SPSC\companyfacts.json,c836a91aa42d9c6c3c38ebe9867e9b9f494bb7dc1f98635473d7a36facc1d55c,https://data.sec.gov/api/xbrl/companyfacts/CIK0001092699.json,SPSC
0001517375,extracts\sec\SPT\companyfacts.json,19817b86c758f2ea137550a257a2fd5be5d346714144e2046c4a46706e32f2c9,https://data.sec.gov/api/xbrl/companyfacts/CIK0001517375.json,SPT
0001402436,extracts\sec\SSNC\companyfacts.json,a7d9dc3f124f0a9d7ec9d0c3d2d0d23086312ef0adf1078bc84b45319e129568,https://data.sec.gov/api/xbrl/companyfacts/CIK0001402436.json,SSNC
0001351636,extracts\sec\SSTI\companyfacts.json,1bd26a3c7454833ebda8633997a461ac0a83fe85c5d2f799411465b3831c8af9,https://data.sec.gov/api/xbrl/companyfacts/CIK0001351636.json,SSTI
0001943289,extracts\sec\SVCO\companyfacts.json,32ce896e7ae569429e1acd600b1550a2cbd01f3db3c14189d8aff00cdbb8e2af,https://data.sec.gov/api/xbrl/companyfacts/CIK0001943289.json,SVCO
0002092574,extracts\sec\SWMR\companyfacts.json,a60eeeb07e224871e84ce6b7b85fad1947a535b7ecf2cff07fc06e8e7a1a51c0,https://data.sec.gov/api/xbrl/companyfacts/CIK0002092574.json,SWMR
0000816761,extracts\sec\TDC\companyfacts.json,cffc82d9502cd61e186cc6466a763e5d81858151a20d693df4383ffe9b75ba67,https://data.sec.gov/api/xbrl/companyfacts/CIK0000816761.json,TDC
0001650372,extracts\sec\TEAM\companyfacts.json,4a2efe51ce98d780879cf2bee5128ff8e06d7d89e61b09e1af42e11bab7feb7d,https://data.sec.gov/api/xbrl/companyfacts/CIK0001650372.json,TEAM
0001660280,extracts\sec\TENB\companyfacts.json,25756b942a29567cbb25e024fb51cdee78bbd29e0b31498a50eb533c7e470b11,https://data.sec.gov/api/xbrl/companyfacts/CIK0001660280.json,TENB
0001638826,extracts\sec\TTAN\companyfacts.json,90c5601e0da675e040cb01df1b006977dc915d8ef38b62446c92591af9ba8987,https://data.sec.gov/api/xbrl/companyfacts/CIK0001638826.json,TTAN
0000946581,extracts\sec\TTWO\companyfacts.json,e3358efb285aba62ca9e2c073849ca6411f9a0c04599048a118dde0ab2bb0e07,https://data.sec.gov/api/xbrl/companyfacts/CIK0000946581.json,TTWO
0001447669,extracts\sec\TWLO\companyfacts.json,61ef874218b461f099507924f15d0cfb100d48d667ab102906a8622cf007c76d,https://data.sec.gov/api/xbrl/companyfacts/CIK0001447669.json,TWLO
0000860731,extracts\sec\TYL\companyfacts.json,2a4ec793c0bf7f9da9d3133f93327d4f328746f361fc9ef0a3c52acc4b9ae922,https://data.sec.gov/api/xbrl/companyfacts/CIK0000860731.json,TYL
0001810806,extracts\sec\U\companyfacts.json,0067bd85fdf907cde034de5e84b9a15e3a0de11f9786a86dd6f7b71555b06273,https://data.sec.gov/api/xbrl/companyfacts/CIK0001810806.json,U
0001505155,extracts\sec\UPLD\companyfacts.json,c10c8cb7414254a52ec5a870a40d6cb158c788a14a47fae5ec37d1e0ebd7d6b1,https://data.sec.gov/api/xbrl/companyfacts/CIK0001505155.json,UPLD
0001393052,extracts\sec\VEEV\companyfacts.json,c2624d24b7f8e7939be966eb22c27d2d0b6f1b361bf51656bff51b88a4588804,https://data.sec.gov/api/xbrl/companyfacts/CIK0001393052.json,VEEV
0001806837,extracts\sec\VERX\companyfacts.json,927d8f601f05faf9cb6ec28098aecc3f3e91e3179bade7b40715d19e2ebf9a29,https://data.sec.gov/api/xbrl/companyfacts/CIK0001806837.json,VERX
0001603015,extracts\sec\VIA\companyfacts.json,e2e9df74427a528833f28c5e47f62db8c5f5d011b8aad67552b1787786fc2497,https://data.sec.gov/api/xbrl/companyfacts/CIK0001603015.json,VIA
0001973062,extracts\sec\VIDA\companyfacts.json,277e297f0537cae980f32b452014672fb1875ec0a90ee46ea125e51f7a3d905c,https://data.sec.gov/api/xbrl/companyfacts/CIK0001973062.json,VIDA
0001361113,extracts\sec\VRNS\companyfacts.json,5c7576b0fa53ccb95eac41b4bb2859484614b21a670c8a3b610da2be91cacc8a,https://data.sec.gov/api/xbrl/companyfacts/CIK0001361113.json,VRNS
0002038439,extracts\sec\VWAV\companyfacts.json,22efabb7e09f5027055c1063b9881036849a83b7a567d78b1a7811cee0c6f05b,https://data.sec.gov/api/xbrl/companyfacts/CIK0002038439.json,VWAV
0001609151,extracts\sec\WEAV\companyfacts.json,a6e6b73ff6d4b86f303609b7ea73c6eed05fcdda4afacb732192b932434d4eb0,https://data.sec.gov/api/xbrl/companyfacts/CIK0001609151.json,WEAV
0001360565,extracts\sec\WFCF\companyfacts.json,49dba7524287bcaa9e7d5a0c7a32d640e86a03fd85d27090cb42aa037eb914f0,https://data.sec.gov/api/xbrl/companyfacts/CIK0001360565.json,WFCF
0001445305,extracts\sec\WK\companyfacts.json,fed299a58af45a71b19014f7c9dcfcdf2c928b4a896b7597fddfc363e87d872a,https://data.sec.gov/api/xbrl/companyfacts/CIK0001445305.json,WK
0001788999,extracts\sec\XPER\companyfacts.json,402bff532862f54f626777bbe9cd0832faf28f4ce7ba10d17971e5824ad2160d,https://data.sec.gov/api/xbrl/companyfacts/CIK0001788999.json,XPER
0001512673,extracts\sec\XYZ\companyfacts.json,3f7fc57b09ca4de7d85161afc54a58352968e1f998d5c8facce2547ab8b65d0e,https://data.sec.gov/api/xbrl/companyfacts/CIK0001512673.json,XYZ
0001873951,extracts\sec\XZO\companyfacts.json,9ac504c1ad2907bed03e24fb4e252638e5ff15847d235d0421e5125b17db2b0d,https://data.sec.gov/api/xbrl/companyfacts/CIK0001873951.json,XZO
0001856314,extracts\sec\YOU\companyfacts.json,a39430db8bb11cb28ea3983bf52773d30b29f1d5137590c70aac15fa95e067a6,https://data.sec.gov/api/xbrl/companyfacts/CIK0001856314.json,YOU
0001667313,extracts\sec\ZDGE\companyfacts.json,d6b9c8f42c966f3a80696dae71f1b7d75f73be31504422b4189e57d058ea43a4,https://data.sec.gov/api/xbrl/companyfacts/CIK0001667313.json,ZDGE
0001851003,extracts\sec\ZETA\companyfacts.json,2d9b2101457228e1d73a83affb8d92409d9804ea3659005ffaca638c26c029f0,https://data.sec.gov/api/xbrl/companyfacts/CIK0001851003.json,ZETA
