feature,observations,companies
q_acquisition_payments_pct_rev,293,85
q_acquisitions,2,1
q_fcf_physical_capex_margin,748,155
q_general_and_administrative,6,6
q_gross_margin,2022,153
q_operating_cash_flow,27,9
q_operating_income,8,7
q_operating_margin,2272,167
q_physical_asset_purchases,11,3
q_physical_capex_pct_rev,744,155
q_rd_expense,3,3
q_rd_pct_rev,1992,151
q_revenue,7,5
q_sales_marketing,3,3
q_sbc_pct_rev,997,160
q_sm_pct_rev,1872,139
q_software_development_cash_payments,5,1
q_software_rd_pct_rev,75,5
q_stock_comp,32,15
ttm_general_and_administrative,1,1
ttm_operating_income,1,1
ttm_rd_expense,1,1
ttm_revenue,1,1
ttm_sales_marketing,1,1
