cik,ticker,name,filings_scanned,linked_exhibits_scanned,filings_missing,ai_candidates,cloud_candidates,physical_asset_candidates,status,scope
0000935036,ACIW,"ACI Worldwide, Inc.",64,0,0,5,8,0,scanned_no_candidate_is_not_no_adoption,indexed_SEC_documents_only_non_SEC_announcements_and_unindexed_exhibits_not_included
0000796343,ADBE,Adobe Inc.,63,0,0,20,0,49,scanned_no_candidate_is_not_no_adoption,indexed_SEC_documents_only_non_SEC_announcements_and_unindexed_exhibits_not_included
0000769397,ADSK,Autodesk Inc,62,0,0,9,97,96,scanned_no_candidate_is_not_no_adoption,indexed_SEC_documents_only_non_SEC_announcements_and_unindexed_exhibits_not_included
0001362190,AEYE,"AudioEye, Inc. Common Stock",68,0,0,0,0,29,scanned_no_candidate_is_not_no_adoption,indexed_SEC_documents_only_non_SEC_announcements_and_unindexed_exhibits_not_included
0001577526,AI,"C3.ai, Inc.",61,0,0,40,91,6,scanned_no_candidate_is_not_no_adoption,indexed_SEC_documents_only_non_SEC_announcements_and_unindexed_exhibits_not_included
0000803578,AIFF,"Firefly Neuroscience, Inc. Common Stock",82,0,0,0,6,5,scanned_no_candidate_is_not_no_adoption,indexed_SEC_documents_only_non_SEC_announcements_and_unindexed_exhibits_not_included
0001842566,AISP,"Airship AI Holdings, Inc. Class A Common Stock",66,0,0,2,0,2,scanned_no_candidate_is_not_no_adoption,indexed_SEC_documents_only_non_SEC_announcements_and_unindexed_exhibits_not_included
0001529274,ALKT,"Alkami Technology, Inc. Common Stock",65,0,0,1,48,0,scanned_no_candidate_is_not_no_adoption,indexed_SEC_documents_only_non_SEC_announcements_and_unindexed_exhibits_not_included
0001459200,ALRM,"Alarm.com Holdings, Inc.",52,0,0,4,0,7,scanned_no_candidate_is_not_no_adoption,indexed_SEC_documents_only_non_SEC_announcements_and_unindexed_exhibits_not_included
0001866692,AMPL,"Amplitude, Inc. Class A Common Stock",53,0,0,0,68,0,scanned_no_candidate_is_not_no_adoption,indexed_SEC_documents_only_non_SEC_announcements_and_unindexed_exhibits_not_included
0001807166,AMST,Amesite Inc.,77,0,0,0,0,20,scanned_no_candidate_is_not_no_adoption,indexed_SEC_documents_only_non_SEC_announcements_and_unindexed_exhibits_not_included
0001433195,APPF,"AppFolio, Inc. Class A",60,0,0,2,1,10,scanned_no_candidate_is_not_no_adoption,indexed_SEC_documents_only_non_SEC_announcements_and_unindexed_exhibits_not_included
0001441683,APPN,Appian Corporation Class A Common Stock,65,0,0,0,143,0,scanned_no_candidate_is_not_no_adoption,indexed_SEC_documents_only_non_SEC_announcements_and_unindexed_exhibits_not_included
0001477720,ASAN,"Asana, Inc. Class A Common Stock",64,0,0,9,62,30,scanned_no_candidate_is_not_no_adoption,indexed_SEC_documents_only_non_SEC_announcements_and_unindexed_exhibits_not_included
0002026353,ATHR,"Aether Holdings, Inc. Common Stock",18,0,0,2,17,3,scanned_no_candidate_is_not_no_adoption,indexed_SEC_documents_only_non_SEC_announcements_and_unindexed_exhibits_not_included
0001534154,AUID,authID Inc. Common Stock,76,0,0,7,0,8,scanned_no_candidate_is_not_no_adoption,indexed_SEC_documents_only_non_SEC_announcements_and_unindexed_exhibits_not_included
0001777921,AVPT,"AvePoint, Inc. Class A Common Stock",52,0,0,7,33,7,scanned_no_candidate_is_not_no_adoption,indexed_SEC_documents_only_non_SEC_announcements_and_unindexed_exhibits_not_included
0001015739,AWRE,Aware Inc,67,0,0,0,0,0,scanned_no_candidate_is_not_no_adoption,indexed_SEC_documents_only_non_SEC_announcements_and_unindexed_exhibits_not_included
0001514416,BAND,Bandwidth Inc. Class A Common Stock,63,0,0,2,10,19,scanned_no_candidate_is_not_no_adoption,indexed_SEC_documents_only_non_SEC_announcements_and_unindexed_exhibits_not_included
0001070235,BB,BlackBerry Limited,79,0,0,6,1,0,scanned_no_candidate_is_not_no_adoption,indexed_SEC_documents_only_non_SEC_announcements_and_unindexed_exhibits_not_included
0001836981,BBAI,"BigBear.ai Holdings, Inc.",90,0,0,14,1,9,scanned_no_candidate_is_not_no_adoption,indexed_SEC_documents_only_non_SEC_announcements_and_unindexed_exhibits_not_included
0001786352,BILL,"BILL Holdings, Inc.",74,0,0,13,6,0,scanned_no_candidate_is_not_no_adoption,indexed_SEC_documents_only_non_SEC_announcements_and_unindexed_exhibits_not_included
0001019034,BKYI,"BIO-key International, Inc. Common Stock",88,0,0,0,0,0,scanned_no_candidate_is_not_no_adoption,indexed_SEC_documents_only_non_SEC_announcements_and_unindexed_exhibits_not_included
0001666134,BL,"BlackLine, Inc. Common Stock",74,0,0,0,89,5,scanned_no_candidate_is_not_no_adoption,indexed_SEC_documents_only_non_SEC_announcements_and_unindexed_exhibits_not_included
0001378590,BLIN,Bridgeline Digital Inc.,65,0,0,5,6,4,scanned_no_candidate_is_not_no_adoption,indexed_SEC_documents_only_non_SEC_announcements_and_unindexed_exhibits_not_included
0001280058,BLKB,"Blackbaud, Inc.",83,0,0,2,102,0,scanned_no_candidate_is_not_no_adoption,indexed_SEC_documents_only_non_SEC_announcements_and_unindexed_exhibits_not_included
0001462056,BLZE,"Backblaze, Inc. Class A Common Stock",63,0,0,3,34,49,scanned_no_candidate_is_not_no_adoption,indexed_SEC_documents_only_non_SEC_announcements_and_unindexed_exhibits_not_included
0001372612,BOX,"BOX, INC.",57,0,0,16,97,6,scanned_no_candidate_is_not_no_adoption,indexed_SEC_documents_only_non_SEC_announcements_and_unindexed_exhibits_not_included
0001676238,BRZE,"Braze, Inc. Class A Common Stock",51,0,0,3,31,24,scanned_no_candidate_is_not_no_adoption,indexed_SEC_documents_only_non_SEC_announcements_and_unindexed_exhibits_not_included
0001031308,BSY,"Bentley Systems, Incorporated Class B Common Stock",66,0,0,1,7,24,scanned_no_candidate_is_not_no_adoption,indexed_SEC_documents_only_non_SEC_announcements_and_unindexed_exhibits_not_included
0001818201,CCC,CCC Intelligent Solutions Holdings Inc. Common Stock,83,0,0,15,8,22,scanned_no_candidate_is_not_no_adoption,indexed_SEC_documents_only_non_SEC_announcements_and_unindexed_exhibits_not_included
0001582982,CCLD,"CareCloud, Inc. Common Stock",109,0,0,7,1,20,scanned_no_candidate_is_not_no_adoption,indexed_SEC_documents_only_non_SEC_announcements_and_unindexed_exhibits_not_included
0001866633,CCSI,"Consensus Cloud Solutions, Inc. Common Stock",58,0,0,3,11,2,scanned_no_candidate_is_not_no_adoption,indexed_SEC_documents_only_non_SEC_announcements_and_unindexed_exhibits_not_included
0000813672,CDNS,Cadence Design Systems,70,0,0,0,2,3,scanned_no_candidate_is_not_no_adoption,indexed_SEC_documents_only_non_SEC_announcements_and_unindexed_exhibits_not_included
0001827090,CERT,"Certara, Inc. Common Stock",69,0,0,1,6,18,scanned_no_candidate_is_not_no_adoption,indexed_SEC_documents_only_non_SEC_announcements_and_unindexed_exhibits_not_included
0001626450,CMRC,"Commerce.com, Inc. Series 1 Common Stock",70,0,0,1,25,12,scanned_no_candidate_is_not_no_adoption,indexed_SEC_documents_only_non_SEC_announcements_and_unindexed_exhibits_not_included
0001651562,COUR,"Coursera, Inc.",70,0,0,43,46,20,scanned_no_candidate_is_not_no_adoption,indexed_SEC_documents_only_non_SEC_announcements_and_unindexed_exhibits_not_included
0001108524,CRM,"Salesforce, Inc.",69,0,0,6,19,14,scanned_no_candidate_is_not_no_adoption,indexed_SEC_documents_only_non_SEC_announcements_and_unindexed_exhibits_not_included
0001768267,CRNC,Cerence Inc. Common Stock,70,0,0,2,32,0,scanned_no_candidate_is_not_no_adoption,indexed_SEC_documents_only_non_SEC_announcements_and_unindexed_exhibits_not_included
0001535527,CRWD,"CrowdStrike Holdings, Inc. Class A Common Stock",56,0,0,1,94,101,scanned_no_candidate_is_not_no_adoption,indexed_SEC_documents_only_non_SEC_announcements_and_unindexed_exhibits_not_included
0001769628,CRWV,"CoreWeave, Inc. Class A Common Stock",44,0,0,47,25,1,scanned_no_candidate_is_not_no_adoption,indexed_SEC_documents_only_non_SEC_announcements_and_unindexed_exhibits_not_included
0001169561,CVLT,"Commault Systems, Inc.",60,0,0,0,10,5,scanned_no_candidate_is_not_no_adoption,indexed_SEC_documents_only_non_SEC_announcements_and_unindexed_exhibits_not_included
0001820875,CXAI,CXApp Inc. Class A Common Stock,68,0,0,5,16,0,scanned_no_candidate_is_not_no_adoption,indexed_SEC_documents_only_non_SEC_announcements_and_unindexed_exhibits_not_included
0001569345,CXM,"Sprinklr, Inc.",69,0,0,76,72,5,scanned_no_candidate_is_not_no_adoption,indexed_SEC_documents_only_non_SEC_announcements_and_unindexed_exhibits_not_included
0002032341,CYAB,"Cyabra, Inc. Common Stock",10,0,0,0,0,0,scanned_no_candidate_is_not_no_adoption,indexed_SEC_documents_only_non_SEC_announcements_and_unindexed_exhibits_not_included
0001467623,DBX,"Dropbox, Inc. Class A",61,0,0,3,7,30,scanned_no_candidate_is_not_no_adoption,indexed_SEC_documents_only_non_SEC_announcements_and_unindexed_exhibits_not_included
0000910638,DDD,3D Systems Corporation,89,0,0,0,0,0,scanned_no_candidate_is_not_no_adoption,indexed_SEC_documents_only_non_SEC_announcements_and_unindexed_exhibits_not_included
0001561550,DDOG,"Datadog, Inc. Class A Common Stock",48,0,0,0,116,0,scanned_no_candidate_is_not_no_adoption,indexed_SEC_documents_only_non_SEC_announcements_and_unindexed_exhibits_not_included
0001861795,DH,Definitive Healthcare Corp. Class A Common Stock,66,0,0,2,7,4,scanned_no_candidate_is_not_no_adoption,indexed_SEC_documents_only_non_SEC_announcements_and_unindexed_exhibits_not_included
0001261333,DOCU,"DocuSign, Inc. Common Stock",68,0,0,21,66,0,scanned_no_candidate_is_not_no_adoption,indexed_SEC_documents_only_non_SEC_announcements_and_unindexed_exhibits_not_included
0001773383,DT,"Dynatrace, Inc.",67,0,0,13,99,7,scanned_no_candidate_is_not_no_adoption,indexed_SEC_documents_only_non_SEC_announcements_and_unindexed_exhibits_not_included
0001562088,DUOL,"Duolingo, Inc. Class A Common Stock",54,0,0,3,35,0,scanned_no_candidate_is_not_no_adoption,indexed_SEC_documents_only_non_SEC_announcements_and_unindexed_exhibits_not_included
0001396536,DUOT,"Duos Technologies Group, Inc. Common Stock",103,0,0,14,0,11,scanned_no_candidate_is_not_no_adoption,indexed_SEC_documents_only_non_SEC_announcements_and_unindexed_exhibits_not_included
0001066194,EGAN,eGain Corporation,50,0,0,9,2,0,scanned_no_candidate_is_not_no_adoption,indexed_SEC_documents_only_non_SEC_announcements_and_unindexed_exhibits_not_included
0001707753,ESTC,Elastic N.V.,52,0,0,3,113,0,scanned_no_candidate_is_not_no_adoption,indexed_SEC_documents_only_non_SEC_announcements_and_unindexed_exhibits_not_included
0001853145,EVCM,EverCommerce Inc. Common Stock,61,0,0,0,26,27,scanned_no_candidate_is_not_no_adoption,indexed_SEC_documents_only_non_SEC_announcements_and_unindexed_exhibits_not_included
0001476840,EXFY,"Expensify, Inc. Class A Common Stock",62,0,0,0,0,8,scanned_no_candidate_is_not_no_adoption,indexed_SEC_documents_only_non_SEC_announcements_and_unindexed_exhibits_not_included
0001960355,EXYN,"Exyn Technologies, Inc. Common Stock",10,0,0,0,0,3,scanned_no_candidate_is_not_no_adoption,indexed_SEC_documents_only_non_SEC_announcements_and_unindexed_exhibits_not_included
0001993400,FATN,"FatPipe, Inc. Common Stock",16,0,0,0,5,7,scanned_no_candidate_is_not_no_adoption,indexed_SEC_documents_only_non_SEC_announcements_and_unindexed_exhibits_not_included
0001579878,FIG,"Figma, Inc.",12,0,0,7,34,3,scanned_no_candidate_is_not_no_adoption,indexed_SEC_documents_only_non_SEC_announcements_and_unindexed_exhibits_not_included
0001602409,FNGR,"FingerMotion, Inc. Common Stock",119,0,0,1,0,0,scanned_no_candidate_is_not_no_adoption,indexed_SEC_documents_only_non_SEC_announcements_and_unindexed_exhibits_not_included
0001800667,FROG,JFrog Ltd. Ordinary Shares,52,0,0,1,60,0,scanned_no_candidate_is_not_no_adoption,indexed_SEC_documents_only_non_SEC_announcements_and_unindexed_exhibits_not_included
0001544522,FRSH,Freshworks Inc. Class A Common Stock,61,0,0,12,115,0,scanned_no_candidate_is_not_no_adoption,indexed_SEC_documents_only_non_SEC_announcements_and_unindexed_exhibits_not_included
0001517413,FSLY,"Fastly, Inc. Class A Common Stock",64,0,0,3,37,0,scanned_no_candidate_is_not_no_adoption,indexed_SEC_documents_only_non_SEC_announcements_and_unindexed_exhibits_not_included
0001743725,GDYN,"Grid Dynamics Holdings, Inc. Class A Common Stock",61,0,0,11,0,0,scanned_no_candidate_is_not_no_adoption,indexed_SEC_documents_only_non_SEC_announcements_and_unindexed_exhibits_not_included
0001831096,GEG,"Great Elm Group, Inc. Common Stock",56,0,0,0,0,24,scanned_no_candidate_is_not_no_adoption,indexed_SEC_documents_only_non_SEC_announcements_and_unindexed_exhibits_not_included
0000849399,GEN,Gen Digital Inc. Common Stock,73,0,0,4,3,0,scanned_no_candidate_is_not_no_adoption,indexed_SEC_documents_only_non_SEC_announcements_and_unindexed_exhibits_not_included
0001653482,GTLB,GitLab Inc. Class A Common Stock,60,0,0,11,111,0,scanned_no_candidate_is_not_no_adoption,indexed_SEC_documents_only_non_SEC_announcements_and_unindexed_exhibits_not_included
0001794515,GTM,ZoomInfo Technologies Inc Common Stock,65,0,0,0,22,9,scanned_no_candidate_is_not_no_adoption,indexed_SEC_documents_only_non_SEC_announcements_and_unindexed_exhibits_not_included
0001528396,GWRE,"GUIDEWIRE SOFTWARE, INC.",58,0,0,14,135,0,scanned_no_candidate_is_not_no_adoption,indexed_SEC_documents_only_non_SEC_announcements_and_unindexed_exhibits_not_included
0001895618,GXAI,Gaxos.ai Inc. Common Stock,41,0,0,0,1,0,scanned_no_candidate_is_not_no_adoption,indexed_SEC_documents_only_non_SEC_announcements_and_unindexed_exhibits_not_included
0001404655,HUBS,"HUBSPOT, INC.",57,0,0,10,112,44,scanned_no_candidate_is_not_no_adoption,indexed_SEC_documents_only_non_SEC_announcements_and_unindexed_exhibits_not_included
0001718939,IDAI,T Stamp Inc. Class A Common Stock,112,0,0,34,12,21,scanned_no_candidate_is_not_no_adoption,indexed_SEC_documents_only_non_SEC_announcements_and_unindexed_exhibits_not_included
0001040896,IDN,"Intellicheck, Inc. Common Stock",71,0,0,0,5,19,scanned_no_candidate_is_not_no_adoption,indexed_SEC_documents_only_non_SEC_announcements_and_unindexed_exhibits_not_included
0001728688,IIIV,"i3 Verticals, Inc. Class A Common Stock",54,0,0,0,6,0,scanned_no_candidate_is_not_no_adoption,indexed_SEC_documents_only_non_SEC_announcements_and_unindexed_exhibits_not_included
0001081745,INLX,"Intellinetics, Inc.",74,0,0,3,7,3,scanned_no_candidate_is_not_no_adoption,indexed_SEC_documents_only_non_SEC_announcements_and_unindexed_exhibits_not_included
0001615063,INSE,"Inspired Entertainment, Inc.",75,0,0,0,2,9,scanned_no_candidate_is_not_no_adoption,indexed_SEC_documents_only_non_SEC_announcements_and_unindexed_exhibits_not_included
0001565687,INTA,"Intapp, Inc. Common Stock",55,0,0,4,88,34,scanned_no_candidate_is_not_no_adoption,indexed_SEC_documents_only_non_SEC_announcements_and_unindexed_exhibits_not_included
0000896878,INTU,Intuit Inc,62,0,0,19,8,0,scanned_no_candidate_is_not_no_adoption,indexed_SEC_documents_only_non_SEC_announcements_and_unindexed_exhibits_not_included
0001397183,IVDA,"Iveda Solutions, Inc. Common Stock",48,0,0,0,0,0,scanned_no_candidate_is_not_no_adoption,indexed_SEC_documents_only_non_SEC_announcements_and_unindexed_exhibits_not_included
0001432133,KLTR,"Kaltura, Inc. Common Stock",58,0,0,15,68,11,scanned_no_candidate_is_not_no_adoption,indexed_SEC_documents_only_non_SEC_announcements_and_unindexed_exhibits_not_included
0001835830,KVYO,"Klaviyo, Inc.",38,0,0,9,56,14,scanned_no_candidate_is_not_no_adoption,indexed_SEC_documents_only_non_SEC_announcements_and_unindexed_exhibits_not_included
0001625641,LAW,"CS Disco, Inc.",59,0,0,29,90,20,scanned_no_candidate_is_not_no_adoption,indexed_SEC_documents_only_non_SEC_announcements_and_unindexed_exhibits_not_included
0001673481,LTRYW,Sports Entertainment Gaming Global Corporation Warrants,135,0,0,1,1,0,scanned_no_candidate_is_not_no_adoption,indexed_SEC_documents_only_non_SEC_announcements_and_unindexed_exhibits_not_included
0001056696,MANH,Manhattan Associates Inc,53,0,0,4,44,0,scanned_no_candidate_is_not_no_adoption,indexed_SEC_documents_only_non_SEC_announcements_and_unindexed_exhibits_not_included
0001910139,MBLY,Mobileye Global Inc. Class A Common Stock,58,0,0,0,0,0,scanned_no_candidate_is_not_no_adoption,indexed_SEC_documents_only_non_SEC_announcements_and_unindexed_exhibits_not_included
0001224133,MCHX,"Marchex, Inc. Class B",79,0,0,3,12,9,scanned_no_candidate_is_not_no_adoption,indexed_SEC_documents_only_non_SEC_announcements_and_unindexed_exhibits_not_included
0001441816,MDB,"MongoDB, Inc. Class A",56,0,0,14,76,0,scanned_no_candidate_is_not_no_adoption,indexed_SEC_documents_only_non_SEC_announcements_and_unindexed_exhibits_not_included
0001805651,MKTW,"MarketWise, Inc. Class A Common Stock",94,0,0,0,16,14,scanned_no_candidate_is_not_no_adoption,indexed_SEC_documents_only_non_SEC_announcements_and_unindexed_exhibits_not_included
0001522540,MQ,"Marqeta, Inc. Class A Common Stock",68,0,0,2,24,31,scanned_no_candidate_is_not_no_adoption,indexed_SEC_documents_only_non_SEC_announcements_and_unindexed_exhibits_not_included
0001437925,MRDN,Meridian Holdings Inc. Common Stock,126,0,0,1,2,1,scanned_no_candidate_is_not_no_adoption,indexed_SEC_documents_only_non_SEC_announcements_and_unindexed_exhibits_not_included
0000789019,MSFT,Microsoft Corp,61,0,0,56,1,4,scanned_no_candidate_is_not_no_adoption,indexed_SEC_documents_only_non_SEC_announcements_and_unindexed_exhibits_not_included
0001821175,MSGM,Motorsport Games Inc. Class A Common Stock,113,0,0,1,7,2,scanned_no_candidate_is_not_no_adoption,indexed_SEC_documents_only_non_SEC_announcements_and_unindexed_exhibits_not_included
0001823878,MYPS,"PLAYSTUDIOS, Inc. Class A Common Stock",69,0,0,0,4,33,scanned_no_candidate_is_not_no_adoption,indexed_SEC_documents_only_non_SEC_announcements_and_unindexed_exhibits_not_included
0001211805,MYSZ,"My Size, Inc",77,0,0,1,1,0,scanned_no_candidate_is_not_no_adoption,indexed_SEC_documents_only_non_SEC_announcements_and_unindexed_exhibits_not_included
0001834488,NABL,"N-able, Inc.",58,0,0,0,76,2,scanned_no_candidate_is_not_no_adoption,indexed_SEC_documents_only_non_SEC_announcements_and_unindexed_exhibits_not_included
0001639723,NAVN,"Navan, Inc. Class A Common Stock",13,0,0,0,24,0,scanned_no_candidate_is_not_no_adoption,indexed_SEC_documents_only_non_SEC_announcements_and_unindexed_exhibits_not_included
0001902733,NCNO,"nCino, Inc. Common Stock",64,0,0,8,3,0,scanned_no_candidate_is_not_no_adoption,indexed_SEC_documents_only_non_SEC_announcements_and_unindexed_exhibits_not_included
0001477333,NET,"Cloudflare, Inc. Class A common stock, par value $0.001 per share",59,0,0,1,4,22,scanned_no_candidate_is_not_no_adoption,indexed_SEC_documents_only_non_SEC_announcements_and_unindexed_exhibits_not_included
0001373715,NOW,"SERVICENOW, INC.",57,0,0,9,29,44,scanned_no_candidate_is_not_no_adoption,indexed_SEC_documents_only_non_SEC_announcements_and_unindexed_exhibits_not_included
0001618732,NTNX,"Nutanix, Inc. Class A Common Stock",75,0,0,23,14,11,scanned_no_candidate_is_not_no_adoption,indexed_SEC_documents_only_non_SEC_announcements_and_unindexed_exhibits_not_included
0002063196,NTSK,"Netskope, Inc. Class A Common Stock",10,0,0,2,22,6,scanned_no_candidate_is_not_no_adoption,indexed_SEC_documents_only_non_SEC_announcements_and_unindexed_exhibits_not_included
0001039280,NTWK,"NetSol Technologies, Inc.",56,0,0,7,10,3,scanned_no_candidate_is_not_no_adoption,indexed_SEC_documents_only_non_SEC_announcements_and_unindexed_exhibits_not_included
0002083632,OCTV,Octave Intelligence plc Class B Ordinary Shares,5,0,0,0,3,1,scanned_no_candidate_is_not_no_adoption,indexed_SEC_documents_only_non_SEC_announcements_and_unindexed_exhibits_not_included
0001660134,OKTA,"Okta, Inc. Class A Common Stock",61,0,0,1,46,0,scanned_no_candidate_is_not_no_adoption,indexed_SEC_documents_only_non_SEC_announcements_and_unindexed_exhibits_not_included
0001341439,ORCL,Oracle Corp,64,0,0,6,68,8,scanned_no_candidate_is_not_no_adoption,indexed_SEC_documents_only_non_SEC_announcements_and_unindexed_exhibits_not_included
0000813828,PARA,"Banzai International, Inc. Class A Common Stock",73,0,0,0,0,0,scanned_no_candidate_is_not_no_adoption,indexed_SEC_documents_only_non_SEC_announcements_and_unindexed_exhibits_not_included
0001734722,PATH,"UiPath, Inc.",59,0,0,11,60,0,scanned_no_candidate_is_not_no_adoption,indexed_SEC_documents_only_non_SEC_announcements_and_unindexed_exhibits_not_included
0001590955,PAYC,"PAYCOM SOFTWARE, INC.",89,0,0,10,0,24,scanned_no_candidate_is_not_no_adoption,indexed_SEC_documents_only_non_SEC_announcements_and_unindexed_exhibits_not_included
0001611052,PCOR,"Procore Technologies, Inc.",60,0,0,7,48,23,scanned_no_candidate_is_not_no_adoption,indexed_SEC_documents_only_non_SEC_announcements_and_unindexed_exhibits_not_included
0001591698,PCTY,Paylocity Holding Corporation Common Stock,56,0,0,0,1,19,scanned_no_candidate_is_not_no_adoption,indexed_SEC_documents_only_non_SEC_announcements_and_unindexed_exhibits_not_included
0001568100,PD,"PagerDuty, Inc.",65,0,0,7,21,0,scanned_no_candidate_is_not_no_adoption,indexed_SEC_documents_only_non_SEC_announcements_and_unindexed_exhibits_not_included
0001120914,PDFS,PDF Solutions Inc,50,0,0,1,0,15,scanned_no_candidate_is_not_no_adoption,indexed_SEC_documents_only_non_SEC_announcements_and_unindexed_exhibits_not_included
0001826681,PDYN,Palladyne AI Corp. Common Stock,88,0,0,11,0,32,scanned_no_candidate_is_not_no_adoption,indexed_SEC_documents_only_non_SEC_announcements_and_unindexed_exhibits_not_included
0001321655,PLTR,Palantir Technologies Inc. Class A Common Stock,50,0,0,0,99,17,scanned_no_candidate_is_not_no_adoption,indexed_SEC_documents_only_non_SEC_announcements_and_unindexed_exhibits_not_included
0001784535,PRCH,"Porch Group, Inc. Common Stock",75,0,0,0,0,17,scanned_no_candidate_is_not_no_adoption,indexed_SEC_documents_only_non_SEC_announcements_and_unindexed_exhibits_not_included
0000876167,PRGS,Progress Software Corp (DE),68,0,0,0,17,9,scanned_no_candidate_is_not_no_adoption,indexed_SEC_documents_only_non_SEC_announcements_and_unindexed_exhibits_not_included
0000857005,PTC,"PTC, INC",66,0,0,2,16,8,scanned_no_candidate_is_not_no_adoption,indexed_SEC_documents_only_non_SEC_announcements_and_unindexed_exhibits_not_included
0001040161,PXLW,Pixelworks Inc,79,0,0,0,0,0,scanned_no_candidate_is_not_no_adoption,indexed_SEC_documents_only_non_SEC_announcements_and_unindexed_exhibits_not_included
0001107843,QLYS,"Qualys, Inc. Common Stock",50,0,0,0,2,78,scanned_no_candidate_is_not_no_adoption,indexed_SEC_documents_only_non_SEC_announcements_and_unindexed_exhibits_not_included
0001410384,QTWO,Q2 Holdings Inc,56,0,0,5,53,1,scanned_no_candidate_is_not_no_adoption,indexed_SEC_documents_only_non_SEC_announcements_and_unindexed_exhibits_not_included
0001758009,QUBT,Quantum Computing Inc. Common,85,0,0,6,7,2,scanned_no_candidate_is_not_no_adoption,indexed_SEC_documents_only_non_SEC_announcements_and_unindexed_exhibits_not_included
0000797542,QXL,Quantum X Labs Inc. Common Stock,62,0,0,1,0,0,scanned_no_candidate_is_not_no_adoption,indexed_SEC_documents_only_non_SEC_announcements_and_unindexed_exhibits_not_included
0001315098,RBLX,Roblox Corporation,67,0,0,15,31,0,scanned_no_candidate_is_not_no_adoption,indexed_SEC_documents_only_non_SEC_announcements_and_unindexed_exhibits_not_included
0001943896,RBRK,"Rubrik, Inc.",25,0,0,27,54,0,scanned_no_candidate_is_not_no_adoption,indexed_SEC_documents_only_non_SEC_announcements_and_unindexed_exhibits_not_included
0000748268,RCAT,"Red Cat Holdings, Inc. Common Stock",98,0,0,2,0,0,scanned_no_candidate_is_not_no_adoption,indexed_SEC_documents_only_non_SEC_announcements_and_unindexed_exhibits_not_included
0001720116,RDVT,"Red Violet, Inc. Common Stock",54,0,0,0,19,0,scanned_no_candidate_is_not_no_adoption,indexed_SEC_documents_only_non_SEC_announcements_and_unindexed_exhibits_not_included
0002077709,ROC,Rank One Computing Corporation Common stock,12,0,0,2,2,0,scanned_no_candidate_is_not_no_adoption,indexed_SEC_documents_only_non_SEC_announcements_and_unindexed_exhibits_not_included
0001560327,RPD,"Rapid7, Inc. Common Stock",58,0,0,0,31,61,scanned_no_candidate_is_not_no_adoption,indexed_SEC_documents_only_non_SEC_announcements_and_unindexed_exhibits_not_included
0001583708,S,"SentinelOne, Inc.",60,0,0,5,86,0,scanned_no_candidate_is_not_no_adoption,indexed_SEC_documents_only_non_SEC_announcements_and_unindexed_exhibits_not_included
0001627857,SAIL,"SailPoint, Inc. Common Stock",18,0,0,1,14,2,scanned_no_candidate_is_not_no_adoption,indexed_SEC_documents_only_non_SEC_announcements_and_unindexed_exhibits_not_included
0001594805,SHOP,Shopify Inc. Class A subordinate voting shares,26,0,0,4,18,10,scanned_no_candidate_is_not_no_adoption,indexed_SEC_documents_only_non_SEC_announcements_and_unindexed_exhibits_not_included
0001774675,SKIL,Skillsoft Corp.,90,0,0,5,2,5,scanned_no_candidate_is_not_no_adoption,indexed_SEC_documents_only_non_SEC_announcements_and_unindexed_exhibits_not_included
0000948708,SMSI,Smith Micro Software Inc,73,0,0,0,3,0,scanned_no_candidate_is_not_no_adoption,indexed_SEC_documents_only_non_SEC_announcements_and_unindexed_exhibits_not_included
0001886894,SNAL,"Snail, Inc. Class A Common Stock",61,0,0,0,8,6,scanned_no_candidate_is_not_no_adoption,indexed_SEC_documents_only_non_SEC_announcements_and_unindexed_exhibits_not_included
0001640147,SNOW,Snowflake Inc.,56,0,0,32,121,3,scanned_no_candidate_is_not_no_adoption,indexed_SEC_documents_only_non_SEC_announcements_and_unindexed_exhibits_not_included
0000883241,SNPS,Synopsys Inc,88,0,0,0,0,0,scanned_no_candidate_is_not_no_adoption,indexed_SEC_documents_only_non_SEC_announcements_and_unindexed_exhibits_not_included
0001840856,SOUN,"SoundHound AI, Inc. Class A Common Stock",74,0,0,30,29,16,scanned_no_candidate_is_not_no_adoption,indexed_SEC_documents_only_non_SEC_announcements_and_unindexed_exhibits_not_included
0001092699,SPSC,"SPS Commerce, Inc.",58,0,0,1,12,22,scanned_no_candidate_is_not_no_adoption,indexed_SEC_documents_only_non_SEC_announcements_and_unindexed_exhibits_not_included
0001517375,SPT,"Sprout Social, Inc Class A Common Stock",60,0,0,1,31,24,scanned_no_candidate_is_not_no_adoption,indexed_SEC_documents_only_non_SEC_announcements_and_unindexed_exhibits_not_included
0001402436,SSNC,SS&C Technologies Inc,63,0,0,0,0,0,scanned_no_candidate_is_not_no_adoption,indexed_SEC_documents_only_non_SEC_announcements_and_unindexed_exhibits_not_included
0001351636,SSTI,"SoundThinking, Inc. Common Stock",58,0,0,11,0,5,scanned_no_candidate_is_not_no_adoption,indexed_SEC_documents_only_non_SEC_announcements_and_unindexed_exhibits_not_included
0001943289,SVCO,"Silvaco Group, Inc. Common Stock",47,0,0,12,0,0,scanned_no_candidate_is_not_no_adoption,indexed_SEC_documents_only_non_SEC_announcements_and_unindexed_exhibits_not_included
0002092574,SWMR,"Swarmer, Inc Common Stock",13,0,0,0,1,0,scanned_no_candidate_is_not_no_adoption,indexed_SEC_documents_only_non_SEC_announcements_and_unindexed_exhibits_not_included
0000816761,TDC,TERADATA CORPORATION,61,0,0,8,20,0,scanned_no_candidate_is_not_no_adoption,indexed_SEC_documents_only_non_SEC_announcements_and_unindexed_exhibits_not_included
0001650372,TEAM,Atlassian Corporation Class A Common Stock,55,0,0,7,55,7,scanned_no_candidate_is_not_no_adoption,indexed_SEC_documents_only_non_SEC_announcements_and_unindexed_exhibits_not_included
0001660280,TENB,"Tenable Holdings, Inc.",63,0,0,17,117,0,scanned_no_candidate_is_not_no_adoption,indexed_SEC_documents_only_non_SEC_announcements_and_unindexed_exhibits_not_included
0001638826,TTAN,"ServiceTitan, Inc. Class A Common Stock",23,0,0,0,24,8,scanned_no_candidate_is_not_no_adoption,indexed_SEC_documents_only_non_SEC_announcements_and_unindexed_exhibits_not_included
0000946581,TTWO,Take-Two Interactive Software Inc,78,0,0,0,0,5,scanned_no_candidate_is_not_no_adoption,indexed_SEC_documents_only_non_SEC_announcements_and_unindexed_exhibits_not_included
0001447669,TWLO,Twilio Inc.,64,0,0,14,94,26,scanned_no_candidate_is_not_no_adoption,indexed_SEC_documents_only_non_SEC_announcements_and_unindexed_exhibits_not_included
0000860731,TYL,"Tyler Technologies, Inc.",62,0,0,4,51,35,scanned_no_candidate_is_not_no_adoption,indexed_SEC_documents_only_non_SEC_announcements_and_unindexed_exhibits_not_included
0001810806,U,Unity Software Inc.,80,0,0,4,79,0,scanned_no_candidate_is_not_no_adoption,indexed_SEC_documents_only_non_SEC_announcements_and_unindexed_exhibits_not_included
0001505155,UPLD,"Upland Software, Inc.",68,0,0,0,8,0,scanned_no_candidate_is_not_no_adoption,indexed_SEC_documents_only_non_SEC_announcements_and_unindexed_exhibits_not_included
0001393052,VEEV,Veeva Systems Inc.,66,0,0,2,42,7,scanned_no_candidate_is_not_no_adoption,indexed_SEC_documents_only_non_SEC_announcements_and_unindexed_exhibits_not_included
0001806837,VERX,"Vertex, Inc. Class A Common Stock",58,0,0,16,7,0,scanned_no_candidate_is_not_no_adoption,indexed_SEC_documents_only_non_SEC_announcements_and_unindexed_exhibits_not_included
0001603015,VIA,"Via Transportation, Inc.",11,0,0,2,5,0,scanned_no_candidate_is_not_no_adoption,indexed_SEC_documents_only_non_SEC_announcements_and_unindexed_exhibits_not_included
0001973062,VIDA,VIDA Global Inc.,5,0,0,2,12,14,scanned_no_candidate_is_not_no_adoption,indexed_SEC_documents_only_non_SEC_announcements_and_unindexed_exhibits_not_included
0001361113,VRNS,"Varonis Systems, Inc.",49,0,0,8,51,9,scanned_no_candidate_is_not_no_adoption,indexed_SEC_documents_only_non_SEC_announcements_and_unindexed_exhibits_not_included
0002038439,VWAV,"VisionWave Holdings, Inc. Common Stock",86,0,0,2,0,5,scanned_no_candidate_is_not_no_adoption,indexed_SEC_documents_only_non_SEC_announcements_and_unindexed_exhibits_not_included
0001609151,WEAV,"Weave Communications, Inc.",58,0,0,0,79,21,scanned_no_candidate_is_not_no_adoption,indexed_SEC_documents_only_non_SEC_announcements_and_unindexed_exhibits_not_included
0001360565,WFCF,"Where Food Comes From, Inc. Common Stock",52,0,0,0,0,0,scanned_no_candidate_is_not_no_adoption,indexed_SEC_documents_only_non_SEC_announcements_and_unindexed_exhibits_not_included
0001445305,WK,Workiva Inc.,60,0,0,14,67,41,scanned_no_candidate_is_not_no_adoption,indexed_SEC_documents_only_non_SEC_announcements_and_unindexed_exhibits_not_included
0001788999,XPER,Xperi Inc,54,0,0,5,3,2,scanned_no_candidate_is_not_no_adoption,indexed_SEC_documents_only_non_SEC_announcements_and_unindexed_exhibits_not_included
0001512673,XYZ,"Block, Inc.",70,0,0,8,0,15,scanned_no_candidate_is_not_no_adoption,indexed_SEC_documents_only_non_SEC_announcements_and_unindexed_exhibits_not_included
0001873951,XZO,"Exzeo Group, Inc.",16,0,0,0,3,0,scanned_no_candidate_is_not_no_adoption,indexed_SEC_documents_only_non_SEC_announcements_and_unindexed_exhibits_not_included
0001856314,YOU,"Clear Secure, Inc.",55,0,0,3,0,0,scanned_no_candidate_is_not_no_adoption,indexed_SEC_documents_only_non_SEC_announcements_and_unindexed_exhibits_not_included
0001667313,ZDGE,"Zedge, Inc.",61,0,0,7,5,0,scanned_no_candidate_is_not_no_adoption,indexed_SEC_documents_only_non_SEC_announcements_and_unindexed_exhibits_not_included
0001851003,ZETA,Zeta Global Holdings Corp.,59,0,0,5,2,7,scanned_no_candidate_is_not_no_adoption,indexed_SEC_documents_only_non_SEC_announcements_and_unindexed_exhibits_not_included
