NAME,NAICS2017,ESTAB,EMP,PAYANN,PAYQTR1,us,year,geo_level,state
United States,5112,14493,690024,116617810,31064292,1,2019,us,
Mississippi,5112,22,305,28964,7242,,2019,state,28
Missouri,5112,160,3871,516888,138293,,2019,state,29
Montana,5112,49,1134,103634,28001,,2019,state,30
Michigan,5112,291,11218,1509943,373267,,2019,state,26
Minnesota,5112,231,11444,1580906,391955,,2019,state,27
Nebraska,5112,66,3200,271686,67577,,2019,state,31
Nevada,5112,182,3653,375583,99976,,2019,state,32
New Hampshire,5112,110,4192,497458,127402,,2019,state,33
New Jersey,5112,327,8275,1212549,313433,,2019,state,34
New Mexico,5112,43,299,34842,8453,,2019,state,35
New York,5112,929,24370,4085565,968789,,2019,state,36
North Carolina,5112,400,17805,2799651,775820,,2019,state,37
North Dakota,5112,21,1717,254377,59753,,2019,state,38
Ohio,5112,309,11287,1240100,322696,,2019,state,39
Oklahoma,5112,70,1399,141422,40805,,2019,state,40
Oregon,5112,365,9898,1242108,308041,,2019,state,41
Pennsylvania,5112,405,15961,2451785,750643,,2019,state,42
Rhode Island,5112,49,1475,200267,58948,,2019,state,44
South Carolina,5112,116,4966,574747,194753,,2019,state,45
South Dakota,5112,19,462,34669,12005,,2019,state,46
Tennessee,5112,196,3811,431766,103285,,2019,state,47
Texas,5112,866,42443,5634542,1449419,,2019,state,48
Vermont,5112,34,976,105762,33041,,2019,state,50
Utah,5112,314,20045,2791752,669770,,2019,state,49
Virginia,5112,407,17648,2743874,742630,,2019,state,51
Washington,5112,660,79852,17927419,5303871,,2019,state,53
West Virginia,5112,13,88,8928,2212,,2019,state,54
Wisconsin,5112,156,17114,2106271,499031,,2019,state,55
Wyoming,5112,28,171,14445,4042,,2019,state,56
Puerto Rico,5112,36,846,66923,15265,,2019,state,72
Alabama,5112,96,2554,245579,57654,,2019,state,01
Alaska,5112,7,47,3929,1099,,2019,state,02
Arizona,5112,267,8459,967127,253201,,2019,state,04
Arkansas,5112,40,2313,236914,64951,,2019,state,05
California,5112,3281,186217,39700834,10190866,,2019,state,06
Colorado,5112,475,19265,2612882,668384,,2019,state,08
Delaware,5112,117,859,109397,27247,,2019,state,10
District of Columbia,5112,66,2699,406926,109139,,2019,state,11
Connecticut,5112,182,4695,611564,169180,,2019,state,09
Florida,5112,710,29634,4049376,1119362,,2019,state,12
Georgia,5112,423,21583,2884551,742502,,2019,state,13
Idaho,5112,67,1843,158840,42236,,2019,state,16
Hawaii,5112,35,196,24087,5931,,2019,state,15
Illinois,5112,502,23328,3327321,871891,,2019,state,17
Indiana,5112,139,6337,973238,240040,,2019,state,18
Iowa,5112,98,2950,296880,90675,,2019,state,19
Kansas,5112,75,2201,193499,49364,,2019,state,20
Kentucky,5112,75,1721,193121,47735,,2019,state,21
Louisiana,5112,56,941,71966,17575,,2019,state,22
Maine,5112,49,1054,144682,72190,,2019,state,23
Maryland,5112,234,7957,1268696,363287,,2019,state,24
Massachusetts,5112,661,44092,7214498,2004630,,2019,state,25
