ticker,first_price_date,list_date,status,old_name,new_name,old_cik,new_cik,excluded_bars,error,sources
ACIW,2022-01-03,1995-02-23,provider_issuer_and_share_identity_match,"ACI Worldwide, Inc.","ACI Worldwide, Inc.",0000935036,0000935036,0,,https://api.massive.com/v3/reference/tickers/ACIW?date=2022-01-03;https://api.massive.com/v3/reference/tickers/ACIW?date=2026-10-02
ADBE,2022-01-03,1986-08-20,provider_issuer_and_share_identity_match,Adobe Inc.,Adobe Inc.,0000796343,0000796343,0,,https://api.massive.com/v3/reference/tickers/ADBE?date=2022-01-03;https://api.massive.com/v3/reference/tickers/ADBE?date=2026-10-02
ADSK,2022-01-03,1985-07-01,provider_issuer_and_share_identity_match,Autodesk Inc,Autodesk Inc,0000769397,0000769397,0,,https://api.massive.com/v3/reference/tickers/ADSK?date=2022-01-03;https://api.massive.com/v3/reference/tickers/ADSK?date=2026-10-02
AEYE,2022-01-03,2013-04-15,provider_issuer_and_share_identity_match,"AudioEye, Inc. Common Stock","AudioEye, Inc. Common Stock",0001362190,0001362190,0,,https://api.massive.com/v3/reference/tickers/AEYE?date=2022-01-03;https://api.massive.com/v3/reference/tickers/AEYE?date=2026-10-02
AI,2022-01-03,2020-12-09,provider_issuer_and_share_identity_match,"C3.ai, Inc.","C3.ai, Inc.",0001577526,0001577526,0,,https://api.massive.com/v3/reference/tickers/AI?date=2022-01-03;https://api.massive.com/v3/reference/tickers/AI?date=2026-10-02
AIFF,2022-01-03,2024-08-13,provider_issuer_and_share_identity_match,"WaveDancer, Inc. Common Stock","Firefly Neuroscience, Inc. Common Stock",0000803578,0000803578,0,,https://api.massive.com/v3/reference/tickers/WAVD?date=2022-01-03;https://api.massive.com/v3/reference/tickers/AIFF?date=2026-10-02
AISP,2023-12-22,2023-12-22,same_share_class_issuer_fields_incomplete_requires_SEC_review,"Airship AI Holdings, Inc. Class A Common Stock","Airship AI Holdings, Inc. Class A Common Stock",,0001842566,0,,https://api.massive.com/v3/reference/tickers/AISP?date=2023-12-22;https://api.massive.com/v3/reference/tickers/AISP?date=2026-10-02
ALKT,2022-01-03,2021-04-14,provider_issuer_and_share_identity_match,"Alkami Technology, Inc. Common Stock","Alkami Technology, Inc. Common Stock",0001529274,0001529274,0,,https://api.massive.com/v3/reference/tickers/ALKT?date=2022-01-03;https://api.massive.com/v3/reference/tickers/ALKT?date=2026-10-02
ALRM,2022-01-03,2015-06-26,provider_issuer_and_share_identity_match,"Alarm.com Holdings, Inc.","Alarm.com Holdings, Inc.",0001459200,0001459200,0,,https://api.massive.com/v3/reference/tickers/ALRM?date=2022-01-03;https://api.massive.com/v3/reference/tickers/ALRM?date=2026-10-02
AMPL,2022-01-03,2021-09-28,provider_issuer_and_share_identity_match,"Amplitude, Inc. Class A Common Stock","Amplitude, Inc. Class A Common Stock",0001866692,0001866692,0,,https://api.massive.com/v3/reference/tickers/AMPL?date=2022-01-03;https://api.massive.com/v3/reference/tickers/AMPL?date=2026-10-02
AMST,2022-01-03,2020-09-25,provider_issuer_and_share_identity_match,Amesite Inc.,Amesite Inc.,0001807166,0001807166,0,,https://api.massive.com/v3/reference/tickers/AMST?date=2022-01-03;https://api.massive.com/v3/reference/tickers/AMST?date=2026-10-02
APPF,2022-01-03,2015-06-26,provider_issuer_and_share_identity_match,"AppFolio, Inc. Class A","AppFolio, Inc. Class A",0001433195,0001433195,0,,https://api.massive.com/v3/reference/tickers/APPF?date=2022-01-03;https://api.massive.com/v3/reference/tickers/APPF?date=2026-10-02
APPN,2022-01-03,2017-05-25,provider_issuer_and_share_identity_match,Appian Corporation Class A Common Stock,Appian Corporation Class A Common Stock,0001441683,0001441683,0,,https://api.massive.com/v3/reference/tickers/APPN?date=2022-01-03;https://api.massive.com/v3/reference/tickers/APPN?date=2026-10-02
ASAN,2022-01-03,2020-09-30,provider_issuer_and_share_identity_match,"Asana, Inc. Class A Common Stock","Asana, Inc. Class A Common Stock",0001477720,0001477720,0,,https://api.massive.com/v3/reference/tickers/ASAN?date=2022-01-03;https://api.massive.com/v3/reference/tickers/ASAN?date=2026-10-02
ATHR,2025-04-10,2025-04-10,provider_issuer_and_share_identity_match,"Aether Holdings, Inc. Common Stock","Aether Holdings, Inc. Common Stock",0002026353,0002026353,0,,https://api.massive.com/v3/reference/tickers/ATHR?date=2025-04-10;https://api.massive.com/v3/reference/tickers/ATHR?date=2026-10-02
AUID,2022-01-03,2015-02-02,provider_issuer_and_share_identity_match,Ipsidy Inc. Common Stock,authID Inc. Common Stock,0001534154,0001534154,0,,https://api.massive.com/v3/reference/tickers/AUID?date=2022-01-03;https://api.massive.com/v3/reference/tickers/AUID?date=2026-10-02
AVPT,2022-01-03,2021-07-02,provider_issuer_and_share_identity_match,"AvePoint, Inc. Class A Common Stock","AvePoint, Inc. Class A Common Stock",0001777921,0001777921,0,,https://api.massive.com/v3/reference/tickers/AVPT?date=2022-01-03;https://api.massive.com/v3/reference/tickers/AVPT?date=2026-10-02
AWRE,2022-01-03,1996-08-09,provider_issuer_and_share_identity_match,Aware Inc,Aware Inc,0001015739,0001015739,0,,https://api.massive.com/v3/reference/tickers/AWRE?date=2022-01-03;https://api.massive.com/v3/reference/tickers/AWRE?date=2026-10-02
BAND,2022-01-03,2017-11-10,provider_issuer_and_share_identity_match,Bandwidth Inc. Class A Common Stock,Bandwidth Inc. Class A Common Stock,0001514416,0001514416,0,,https://api.massive.com/v3/reference/tickers/BAND?date=2022-01-03;https://api.massive.com/v3/reference/tickers/BAND?date=2026-10-02
BB,2022-01-03,1999-02-04,provider_issuer_and_share_identity_match,BlackBerry Limited,BlackBerry Limited,0001070235,0001070235,0,,https://api.massive.com/v3/reference/tickers/BB?date=2022-01-03;https://api.massive.com/v3/reference/tickers/BB?date=2026-10-02
BBAI,2022-01-03,2021-12-08,provider_issuer_and_share_identity_match,"BigBear.ai Holdings, Inc.","BigBear.ai Holdings, Inc.",0001836981,0001836981,0,,https://api.massive.com/v3/reference/tickers/BBAI?date=2022-01-03;https://api.massive.com/v3/reference/tickers/BBAI?date=2026-10-02
BILL,2022-01-03,2019-12-12,provider_issuer_and_share_identity_match,"Bill.com Holdings, Inc.","BILL Holdings, Inc.",0001786352,0001786352,0,,https://api.massive.com/v3/reference/tickers/BILL?date=2022-01-03;https://api.massive.com/v3/reference/tickers/BILL?date=2026-10-02
BKYI,2022-01-03,1997-02-24,provider_issuer_and_share_identity_match,"BIO-key International, Inc. Common Stock","BIO-key International, Inc. Common Stock",0001019034,0001019034,0,,https://api.massive.com/v3/reference/tickers/BKYI?date=2022-01-03;https://api.massive.com/v3/reference/tickers/BKYI?date=2026-10-02
BL,2022-01-03,2016-10-28,provider_issuer_and_share_identity_match,"BlackLine, Inc. Common Stock","BlackLine, Inc. Common Stock",0001666134,0001666134,0,,https://api.massive.com/v3/reference/tickers/BL?date=2022-01-03;https://api.massive.com/v3/reference/tickers/BL?date=2026-10-02
BLIN,2022-01-03,2007-06-29,provider_issuer_and_share_identity_match,Bridgeline Digital Inc.,Bridgeline Digital Inc.,0001378590,0001378590,0,,https://api.massive.com/v3/reference/tickers/BLIN?date=2022-01-03;https://api.massive.com/v3/reference/tickers/BLIN?date=2026-10-02
BLKB,2022-01-03,2004-07-22,provider_issuer_and_share_identity_match,"Blackbaud, Inc.","Blackbaud, Inc.",0001280058,0001280058,0,,https://api.massive.com/v3/reference/tickers/BLKB?date=2022-01-03;https://api.massive.com/v3/reference/tickers/BLKB?date=2026-10-02
BLZE,2022-01-03,2021-11-11,provider_issuer_and_share_identity_match,"Backblaze, Inc. Class A Common Stock","Backblaze, Inc. Class A Common Stock",0001462056,0001462056,0,,https://api.massive.com/v3/reference/tickers/BLZE?date=2022-01-03;https://api.massive.com/v3/reference/tickers/BLZE?date=2026-10-02
BOX,2022-01-03,2015-01-23,provider_issuer_and_share_identity_match,"BOX, INC.","BOX, INC.",0001372612,0001372612,0,,https://api.massive.com/v3/reference/tickers/BOX?date=2022-01-03;https://api.massive.com/v3/reference/tickers/BOX?date=2026-10-02
BRZE,2022-01-03,2021-11-17,provider_issuer_and_share_identity_match,"Braze, Inc. Class A Common Stock","Braze, Inc. Class A Common Stock",0001676238,0001676238,0,,https://api.massive.com/v3/reference/tickers/BRZE?date=2022-01-03;https://api.massive.com/v3/reference/tickers/BRZE?date=2026-10-02
BSY,2022-01-03,2020-09-23,provider_issuer_and_share_identity_match,"Bentley Systems, Incorporated Class B Common Stock","Bentley Systems, Incorporated Class B Common Stock",0001031308,0001031308,0,,https://api.massive.com/v3/reference/tickers/BSY?date=2022-01-03;https://api.massive.com/v3/reference/tickers/BSY?date=2026-10-02
CCC,2022-01-03,2021-08-02,provider_issuer_and_share_identity_match,CCC Intelligent Solutions Holdings Inc.,CCC Intelligent Solutions Holdings Inc. Common Stock,0001818201,0001818201,0,,https://api.massive.com/v3/reference/tickers/CCCS?date=2022-01-03;https://api.massive.com/v3/reference/tickers/CCC?date=2026-10-02
CCLD,2022-01-03,2014-07-23,provider_issuer_and_share_identity_match,"CareCloud, Inc. Common Stock","CareCloud, Inc. Common Stock",0001582982,0001582982,0,,https://api.massive.com/v3/reference/tickers/MTBC?date=2022-01-03;https://api.massive.com/v3/reference/tickers/CCLD?date=2026-10-02
CCSI,2022-01-03,2021-09-30,provider_issuer_and_share_identity_match,"Consensus Cloud Solutions, Inc. Common Stock","Consensus Cloud Solutions, Inc. Common Stock",0001866633,0001866633,0,,https://api.massive.com/v3/reference/tickers/CCSI?date=2022-01-03;https://api.massive.com/v3/reference/tickers/CCSI?date=2026-10-02
CDNS,2022-01-03,1987-06-10,provider_issuer_and_share_identity_match,Cadence Design Systems,Cadence Design Systems,0000813672,0000813672,0,,https://api.massive.com/v3/reference/tickers/CDNS?date=2022-01-03;https://api.massive.com/v3/reference/tickers/CDNS?date=2026-10-02
CERT,2022-01-03,2020-12-11,provider_issuer_and_share_identity_match,"Certara, Inc. Common Stock","Certara, Inc. Common Stock",0001827090,0001827090,0,,https://api.massive.com/v3/reference/tickers/CERT?date=2022-01-03;https://api.massive.com/v3/reference/tickers/CERT?date=2026-10-02
CMRC,2022-01-03,2020-08-05,provider_issuer_and_share_identity_match,"BigCommerce Holdings, Inc. Series 1 Common Stock","Commerce.com, Inc. Series 1 Common Stock",0001626450,0001626450,0,,https://api.massive.com/v3/reference/tickers/BIGC?date=2022-01-03;https://api.massive.com/v3/reference/tickers/CMRC?date=2026-10-02
COUR,2022-01-03,2021-03-31,provider_issuer_and_share_identity_match,"Coursera, Inc.","Coursera, Inc.",0001651562,0001651562,0,,https://api.massive.com/v3/reference/tickers/COUR?date=2022-01-03;https://api.massive.com/v3/reference/tickers/COUR?date=2026-10-02
CRM,2022-01-03,2004-06-23,provider_issuer_and_share_identity_match,"salesforce.com, inc.","Salesforce, Inc.",0001108524,0001108524,0,,https://api.massive.com/v3/reference/tickers/CRM?date=2022-01-03;https://api.massive.com/v3/reference/tickers/CRM?date=2026-10-02
CRNC,2022-01-03,2019-09-16,provider_issuer_and_share_identity_match,Cerence Inc. Common Stock,Cerence Inc. Common Stock,0001768267,0001768267,0,,https://api.massive.com/v3/reference/tickers/CRNC?date=2022-01-03;https://api.massive.com/v3/reference/tickers/CRNC?date=2026-10-02
CRWD,2022-01-03,2019-06-12,provider_issuer_and_share_identity_match,"CrowdStrike Holdings, Inc. Class A Common Stock","CrowdStrike Holdings, Inc. Class A Common Stock",0001535527,0001535527,0,,https://api.massive.com/v3/reference/tickers/CRWD?date=2022-01-03;https://api.massive.com/v3/reference/tickers/CRWD?date=2026-10-02
CRWV,2025-03-28,2025-03-28,provider_issuer_and_share_identity_match,"CoreWeave, Inc. Class A Common Stock","CoreWeave, Inc. Class A Common Stock",0001769628,0001769628,0,,https://api.massive.com/v3/reference/tickers/CRWV?date=2025-03-28;https://api.massive.com/v3/reference/tickers/CRWV?date=2026-10-02
CVLT,2022-01-03,2006-09-22,provider_issuer_and_share_identity_match,"Commault Systems, Inc.","Commault Systems, Inc.",0001169561,0001169561,0,,https://api.massive.com/v3/reference/tickers/CVLT?date=2022-01-03;https://api.massive.com/v3/reference/tickers/CVLT?date=2026-10-02
CXAI,2023-03-15,2021-02-04,provider_issuer_and_share_identity_match,CXApp Inc. Class A Common Stock,CXApp Inc. Class A Common Stock,0001820875,0001820875,0,,https://api.massive.com/v3/reference/tickers/CXAI?date=2023-03-15;https://api.massive.com/v3/reference/tickers/CXAI?date=2026-10-02
CXM,2022-01-03,2021-06-23,provider_issuer_and_share_identity_match,"Sprinklr, Inc.","Sprinklr, Inc.",0001569345,0001569345,0,,https://api.massive.com/v3/reference/tickers/CXM?date=2022-01-03;https://api.massive.com/v3/reference/tickers/CXM?date=2026-10-02
CYAB,2026-03-27,2026-03-27,provider_issuer_and_share_identity_match,"Cyabra, Inc. Common Stock","Cyabra, Inc. Common Stock",0002032341,0002032341,0,,https://api.massive.com/v3/reference/tickers/CYAB?date=2026-03-27;https://api.massive.com/v3/reference/tickers/CYAB?date=2026-10-02
DBX,2022-01-03,2018-03-23,provider_issuer_and_share_identity_match,"Dropbox, Inc. Class A","Dropbox, Inc. Class A",0001467623,0001467623,0,,https://api.massive.com/v3/reference/tickers/DBX?date=2022-01-03;https://api.massive.com/v3/reference/tickers/DBX?date=2026-10-02
DDD,2022-01-03,1988-03-10,provider_issuer_and_share_identity_match,3D Systems Corp,3D Systems Corporation,0000910638,0000910638,0,,https://api.massive.com/v3/reference/tickers/DDD?date=2022-01-03;https://api.massive.com/v3/reference/tickers/DDD?date=2026-10-02
DDOG,2022-01-03,2019-09-19,provider_issuer_and_share_identity_match,"Datadog, Inc. Class A Common Stock","Datadog, Inc. Class A Common Stock",0001561550,0001561550,0,,https://api.massive.com/v3/reference/tickers/DDOG?date=2022-01-03;https://api.massive.com/v3/reference/tickers/DDOG?date=2026-10-02
DH,2022-01-03,2021-09-15,provider_issuer_and_share_identity_match,Definitive Healthcare Corp. Class A Common Stock,Definitive Healthcare Corp. Class A Common Stock,0001861795,0001861795,0,,https://api.massive.com/v3/reference/tickers/DH?date=2022-01-03;https://api.massive.com/v3/reference/tickers/DH?date=2026-10-02
DOCU,2022-01-03,2018-04-27,provider_issuer_and_share_identity_match,"DocuSign, Inc. Common Stock","DocuSign, Inc. Common Stock",0001261333,0001261333,0,,https://api.massive.com/v3/reference/tickers/DOCU?date=2022-01-03;https://api.massive.com/v3/reference/tickers/DOCU?date=2026-10-02
DT,2022-01-03,2019-08-01,provider_issuer_and_share_identity_match,"Dynatrace, Inc.","Dynatrace, Inc.",0001773383,0001773383,0,,https://api.massive.com/v3/reference/tickers/DT?date=2022-01-03;https://api.massive.com/v3/reference/tickers/DT?date=2026-10-02
DUOL,2022-01-03,2021-07-28,provider_issuer_and_share_identity_match,"Duolingo, Inc. Class A Common Stock","Duolingo, Inc. Class A Common Stock",0001562088,0001562088,0,,https://api.massive.com/v3/reference/tickers/DUOL?date=2022-01-03;https://api.massive.com/v3/reference/tickers/DUOL?date=2026-10-02
DUOT,2022-01-03,2008-06-30,provider_issuer_and_share_identity_match,"Duos Technologies Group, Inc. Common Stock","Duos Technologies Group, Inc. Common Stock",0001396536,0001396536,0,,https://api.massive.com/v3/reference/tickers/DUOT?date=2022-01-03;https://api.massive.com/v3/reference/tickers/DUOT?date=2026-10-02
EGAN,2022-01-03,1999-09-23,provider_issuer_and_share_identity_match,eGain Corporation,eGain Corporation,0001066194,0001066194,0,,https://api.massive.com/v3/reference/tickers/EGAN?date=2022-01-03;https://api.massive.com/v3/reference/tickers/EGAN?date=2026-10-02
ESTC,2022-01-03,2018-10-05,issuer_matches_share_class_or_corporate_action_requires_review,Elastic N.V.,Elastic N.V.,0001707753,0001707753,0,,https://api.massive.com/v3/reference/tickers/ESTC?date=2022-01-03;https://api.massive.com/v3/reference/tickers/ESTC?date=2026-10-02
EVCM,2022-01-03,2021-07-01,provider_issuer_and_share_identity_match,EverCommerce Inc. Common Stock,EverCommerce Inc. Common Stock,0001853145,0001853145,0,,https://api.massive.com/v3/reference/tickers/EVCM?date=2022-01-03;https://api.massive.com/v3/reference/tickers/EVCM?date=2026-10-02
EXFY,2022-01-03,2021-11-10,provider_issuer_and_share_identity_match,"Expensify, Inc. Class A Common Stock","Expensify, Inc. Class A Common Stock",0001476840,0001476840,0,,https://api.massive.com/v3/reference/tickers/EXFY?date=2022-01-03;https://api.massive.com/v3/reference/tickers/EXFY?date=2026-10-02
EXYN,2026-05-15,2026-05-15,provider_issuer_and_share_identity_match,"Exyn Technologies, Inc. Common Stock","Exyn Technologies, Inc. Common Stock",0001960355,0001960355,0,,https://api.massive.com/v3/reference/tickers/EXYN?date=2026-05-15;https://api.massive.com/v3/reference/tickers/EXYN?date=2026-10-02
FATN,2025-04-08,2025-04-08,provider_issuer_and_share_identity_match,"FatPipe, Inc. Common Stock","FatPipe, Inc. Common Stock",0001993400,0001993400,0,,https://api.massive.com/v3/reference/tickers/FATN?date=2025-04-08;https://api.massive.com/v3/reference/tickers/FATN?date=2026-10-02
FIG,2022-05-17,2025-07-31,different_security_or_issuer_before_listing_quarantined,Simplify Macro Strategy ETF,"Figma, Inc.",,0001579878,758,,https://api.massive.com/v3/reference/tickers/FIG?date=2022-05-17;https://api.massive.com/v3/reference/tickers/FIG?date=2026-10-02
FNGR,2022-01-03,2014-09-23,provider_issuer_and_share_identity_match,"FingerMotion, Inc. Common Stock","FingerMotion, Inc. Common Stock",0001602409,0001602409,0,,https://api.massive.com/v3/reference/tickers/FNGR?date=2022-01-03;https://api.massive.com/v3/reference/tickers/FNGR?date=2026-10-02
FROG,2022-01-03,2020-09-16,issuer_matches_share_class_or_corporate_action_requires_review,JFrog Ltd. Ordinary Shares,JFrog Ltd. Ordinary Shares,0001800667,0001800667,0,,https://api.massive.com/v3/reference/tickers/FROG?date=2022-01-03;https://api.massive.com/v3/reference/tickers/FROG?date=2026-10-02
FRSH,2022-01-03,2021-09-22,provider_issuer_and_share_identity_match,Freshworks Inc. Class A Common Stock,Freshworks Inc. Class A Common Stock,0001544522,0001544522,0,,https://api.massive.com/v3/reference/tickers/FRSH?date=2022-01-03;https://api.massive.com/v3/reference/tickers/FRSH?date=2026-10-02
FSLY,2022-01-03,2019-05-17,provider_issuer_and_share_identity_match,"Fastly, Inc.","Fastly, Inc. Class A Common Stock",0001517413,0001517413,0,,https://api.massive.com/v3/reference/tickers/FSLY?date=2022-01-03;https://api.massive.com/v3/reference/tickers/FSLY?date=2026-10-02
GDYN,2022-01-03,2020-03-06,provider_issuer_and_share_identity_match,"Grid Dynamics Holdings, Inc. Class A Common Stock","Grid Dynamics Holdings, Inc. Class A Common Stock",0001743725,0001743725,0,,https://api.massive.com/v3/reference/tickers/GDYN?date=2022-01-03;https://api.massive.com/v3/reference/tickers/GDYN?date=2026-10-02
GEG,2022-01-03,1999-06-11,provider_issuer_and_share_identity_match,"Great Elm Group, Inc. Common Stock","Great Elm Group, Inc. Common Stock",0001831096,0001831096,0,,https://api.massive.com/v3/reference/tickers/GEG?date=2022-01-03;https://api.massive.com/v3/reference/tickers/GEG?date=2026-10-02
GEN,2022-01-03,1989-06-23,provider_issuer_and_share_identity_match,NortonLifeLock Inc. Common Stock,Gen Digital Inc. Common Stock,0000849399,0000849399,0,,https://api.massive.com/v3/reference/tickers/NLOK?date=2022-01-03;https://api.massive.com/v3/reference/tickers/GEN?date=2026-10-02
GTLB,2022-01-03,2021-10-14,provider_issuer_and_share_identity_match,GitLab Inc. Class A Common Stock,GitLab Inc. Class A Common Stock,0001653482,0001653482,0,,https://api.massive.com/v3/reference/tickers/GTLB?date=2022-01-03;https://api.massive.com/v3/reference/tickers/GTLB?date=2026-10-02
GTM,2022-01-03,2020-06-04,provider_issuer_and_share_identity_match,ZoomInfo Technologies Inc. Class A Common Stock,ZoomInfo Technologies Inc Common Stock,0001794515,0001794515,0,,https://api.massive.com/v3/reference/tickers/ZI?date=2022-01-03;https://api.massive.com/v3/reference/tickers/GTM?date=2026-10-02
GWRE,2022-01-03,2012-01-25,provider_issuer_and_share_identity_match,"GUIDEWIRE SOFTWARE, INC.","GUIDEWIRE SOFTWARE, INC.",0001528396,0001528396,0,,https://api.massive.com/v3/reference/tickers/GWRE?date=2022-01-03;https://api.massive.com/v3/reference/tickers/GWRE?date=2026-10-02
GXAI,2024-01-19,2023-02-15,same_share_class_issuer_fields_incomplete_requires_SEC_review,Gaxos.ai Inc. Common Stock,Gaxos.ai Inc. Common Stock,,0001895618,0,,https://api.massive.com/v3/reference/tickers/GXAI?date=2024-01-19;https://api.massive.com/v3/reference/tickers/GXAI?date=2026-10-02
HUBS,2022-01-03,2014-10-09,provider_issuer_and_share_identity_match,"HUBSPOT, INC.","HUBSPOT, INC.",0001404655,0001404655,0,,https://api.massive.com/v3/reference/tickers/HUBS?date=2022-01-03;https://api.massive.com/v3/reference/tickers/HUBS?date=2026-10-02
IDAI,2022-01-03,2021-01-27,same_share_class_issuer_fields_incomplete_requires_SEC_review,T STAMP INC CL A,T Stamp Inc. Class A Common Stock,,0001718939,0,,https://api.massive.com/v3/reference/tickers/IDAI?date=2022-01-03;https://api.massive.com/v3/reference/tickers/IDAI?date=2026-10-02
IDN,2022-01-03,1999-11-19,provider_issuer_and_share_identity_match,"Intellicheck, Inc. Common Stock","Intellicheck, Inc. Common Stock",0001040896,0001040896,0,,https://api.massive.com/v3/reference/tickers/IDN?date=2022-01-03;https://api.massive.com/v3/reference/tickers/IDN?date=2026-10-02
IIIV,2022-01-03,2018-06-21,provider_issuer_and_share_identity_match,"i3 Verticals, Inc. Class A Common Stock","i3 Verticals, Inc. Class A Common Stock",0001728688,0001728688,0,,https://api.massive.com/v3/reference/tickers/IIIV?date=2022-01-03;https://api.massive.com/v3/reference/tickers/IIIV?date=2026-10-02
INLX,2022-01-03,2022-09-09,same_share_class_issuer_fields_incomplete_requires_SEC_review,INTELLINETICS INC,"Intellinetics, Inc.",,0001081745,0,,https://api.massive.com/v3/reference/tickers/INLX?date=2022-01-03;https://api.massive.com/v3/reference/tickers/INLX?date=2026-10-02
INSE,2022-01-03,2014-12-11,provider_issuer_and_share_identity_match,"Inspired Entertainment, Inc.","Inspired Entertainment, Inc.",0001615063,0001615063,0,,https://api.massive.com/v3/reference/tickers/INSE?date=2022-01-03;https://api.massive.com/v3/reference/tickers/INSE?date=2026-10-02
INTA,2022-01-03,2021-06-30,provider_issuer_and_share_identity_match,"Intapp, Inc. Common Stock","Intapp, Inc. Common Stock",0001565687,0001565687,0,,https://api.massive.com/v3/reference/tickers/INTA?date=2022-01-03;https://api.massive.com/v3/reference/tickers/INTA?date=2026-10-02
INTU,2022-01-03,1993-03-12,provider_issuer_and_share_identity_match,Intuit Inc,Intuit Inc,0000896878,0000896878,0,,https://api.massive.com/v3/reference/tickers/INTU?date=2022-01-03;https://api.massive.com/v3/reference/tickers/INTU?date=2026-10-02
IVDA,2022-01-03,2007-11-13,issuer_identity_fields_missing_requires_review,IVEDA SOLUTIONS INC,"Iveda Solutions, Inc. Common Stock",,0001397183,0,,https://api.massive.com/v3/reference/tickers/IVDA?date=2022-01-03;https://api.massive.com/v3/reference/tickers/IVDA?date=2026-10-02
KLTR,2022-01-03,2021-07-21,provider_issuer_and_share_identity_match,"Kaltura, Inc. Common Stock","Kaltura, Inc. Common Stock",0001432133,0001432133,0,,https://api.massive.com/v3/reference/tickers/KLTR?date=2022-01-03;https://api.massive.com/v3/reference/tickers/KLTR?date=2026-10-02
KVYO,2023-09-20,2023-09-20,provider_issuer_and_share_identity_match,"Klaviyo, Inc.","Klaviyo, Inc.",0001835830,0001835830,0,,https://api.massive.com/v3/reference/tickers/KVYO?date=2023-09-20;https://api.massive.com/v3/reference/tickers/KVYO?date=2026-10-02
LAW,2022-01-03,2021-07-21,provider_issuer_and_share_identity_match,"CS Disco, Inc.","CS Disco, Inc.",0001625641,0001625641,0,,https://api.massive.com/v3/reference/tickers/LAW?date=2022-01-03;https://api.massive.com/v3/reference/tickers/LAW?date=2026-10-02
LTRYW,2022-01-03,2021-10-29,issuer_matches_share_class_or_corporate_action_requires_review,"Lottery.com, Inc. Warrants",Sports Entertainment Gaming Global Corporation Warrants,0001673481,0001673481,0,,https://api.massive.com/v3/reference/tickers/LTRYW?date=2022-01-03;https://api.massive.com/v3/reference/tickers/LTRYW?date=2026-10-02
MANH,2022-01-03,1998-04-23,provider_issuer_and_share_identity_match,Manhattan Associates Inc,Manhattan Associates Inc,0001056696,0001056696,0,,https://api.massive.com/v3/reference/tickers/MANH?date=2022-01-03;https://api.massive.com/v3/reference/tickers/MANH?date=2026-10-02
MBLY,2022-10-26,2022-10-26,provider_issuer_and_share_identity_match,Mobileye Global Inc. Class A Common Stock,Mobileye Global Inc. Class A Common Stock,0001910139,0001910139,0,,https://api.massive.com/v3/reference/tickers/MBLY?date=2022-10-26;https://api.massive.com/v3/reference/tickers/MBLY?date=2026-10-02
MCHX,2022-01-03,2004-03-31,provider_issuer_and_share_identity_match,"Marchex, Inc. Class B","Marchex, Inc. Class B",0001224133,0001224133,0,,https://api.massive.com/v3/reference/tickers/MCHX?date=2022-01-03;https://api.massive.com/v3/reference/tickers/MCHX?date=2026-10-02
MDB,2022-01-03,2017-10-19,provider_issuer_and_share_identity_match,"MongoDB, Inc. Class A","MongoDB, Inc. Class A",0001441816,0001441816,0,,https://api.massive.com/v3/reference/tickers/MDB?date=2022-01-03;https://api.massive.com/v3/reference/tickers/MDB?date=2026-10-02
MKTW,2022-01-03,2021-07-22,provider_issuer_and_share_identity_match,"MarketWise, Inc. Class A Common Stock","MarketWise, Inc. Class A Common Stock",0001805651,0001805651,0,,https://api.massive.com/v3/reference/tickers/MKTW?date=2022-01-03;https://api.massive.com/v3/reference/tickers/MKTW?date=2026-10-02
MQ,2022-01-03,2021-06-09,provider_issuer_and_share_identity_match,"Marqeta, Inc. Class A Common Stock","Marqeta, Inc. Class A Common Stock",0001522540,0001522540,0,,https://api.massive.com/v3/reference/tickers/MQ?date=2022-01-03;https://api.massive.com/v3/reference/tickers/MQ?date=2026-10-02
MRDN,2026-03-03,2009-01-02,same_share_class_issuer_fields_incomplete_requires_SEC_review,Meridian Holdings Inc. Common Stock,Meridian Holdings Inc. Common Stock,,0001437925,0,,https://api.massive.com/v3/reference/tickers/MRDN?date=2026-03-03;https://api.massive.com/v3/reference/tickers/MRDN?date=2026-10-02
MSFT,2022-01-03,1986-03-13,provider_issuer_and_share_identity_match,Microsoft Corp,Microsoft Corp,0000789019,0000789019,0,,https://api.massive.com/v3/reference/tickers/MSFT?date=2022-01-03;https://api.massive.com/v3/reference/tickers/MSFT?date=2026-10-02
MSGM,2022-01-03,2021-01-13,provider_issuer_and_share_identity_match,Motorsport Games Inc. Class A Common Stock,Motorsport Games Inc. Class A Common Stock,0001821175,0001821175,0,,https://api.massive.com/v3/reference/tickers/MSGM?date=2022-01-03;https://api.massive.com/v3/reference/tickers/MSGM?date=2026-10-02
MYPS,2022-01-03,2021-06-22,provider_issuer_and_share_identity_match,"PLAYSTUDIOS, Inc. Class A Common Stock","PLAYSTUDIOS, Inc. Class A Common Stock",0001823878,0001823878,0,,https://api.massive.com/v3/reference/tickers/MYPS?date=2022-01-03;https://api.massive.com/v3/reference/tickers/MYPS?date=2026-10-02
MYSZ,2022-01-03,2016-07-25,provider_issuer_and_share_identity_match,"My Size, Inc","My Size, Inc",0001211805,0001211805,0,,https://api.massive.com/v3/reference/tickers/MYSZ?date=2022-01-03;https://api.massive.com/v3/reference/tickers/MYSZ?date=2026-10-02
NABL,2022-01-03,2021-07-09,provider_issuer_and_share_identity_match,"N-able, Inc.","N-able, Inc.",0001834488,0001834488,0,,https://api.massive.com/v3/reference/tickers/NABL?date=2022-01-03;https://api.massive.com/v3/reference/tickers/NABL?date=2026-10-02
NAVN,2025-10-30,2025-10-30,provider_issuer_and_share_identity_match,"Navan, Inc. Class A Common Stock","Navan, Inc. Class A Common Stock",0001639723,0001639723,0,,https://api.massive.com/v3/reference/tickers/NAVN?date=2025-10-30;https://api.massive.com/v3/reference/tickers/NAVN?date=2026-10-02
NCNO,2022-01-03,2020-07-14,different_security_or_issuer_before_listing_quarantined,"nCino, Inc. Common Stock","nCino, Inc. Common Stock",0001566895,0001902733,0,,https://api.massive.com/v3/reference/tickers/NCNO?date=2022-01-03;https://api.massive.com/v3/reference/tickers/NCNO?date=2026-10-02
NET,2022-01-03,2019-09-13,provider_issuer_and_share_identity_match,"Cloudflare, Inc. Class A common stock, par value $0.001 per share","Cloudflare, Inc. Class A common stock, par value $0.001 per share",0001477333,0001477333,0,,https://api.massive.com/v3/reference/tickers/NET?date=2022-01-03;https://api.massive.com/v3/reference/tickers/NET?date=2026-10-02
NOW,2022-01-03,2012-06-29,provider_issuer_and_share_identity_match,"SERVICENOW, INC.","SERVICENOW, INC.",0001373715,0001373715,0,,https://api.massive.com/v3/reference/tickers/NOW?date=2022-01-03;https://api.massive.com/v3/reference/tickers/NOW?date=2026-10-02
NTNX,2022-01-03,2016-09-30,provider_issuer_and_share_identity_match,"Nutanix, Inc. Class A Common Stock","Nutanix, Inc. Class A Common Stock",0001618732,0001618732,0,,https://api.massive.com/v3/reference/tickers/NTNX?date=2022-01-03;https://api.massive.com/v3/reference/tickers/NTNX?date=2026-10-02
NTSK,2025-09-18,2025-09-18,provider_issuer_and_share_identity_match,"Netskope, Inc. Class A Common Stock","Netskope, Inc. Class A Common Stock",0002063196,0002063196,0,,https://api.massive.com/v3/reference/tickers/NTSK?date=2025-09-18;https://api.massive.com/v3/reference/tickers/NTSK?date=2026-10-02
NTWK,2022-01-03,1994-02-24,provider_issuer_and_share_identity_match,"NetSol Technologies, Inc.","NetSol Technologies, Inc.",0001039280,0001039280,0,,https://api.massive.com/v3/reference/tickers/NTWK?date=2022-01-03;https://api.massive.com/v3/reference/tickers/NTWK?date=2026-10-02
OCTV,2026-05-28,2026-05-21,issuer_matches_share_class_or_corporate_action_requires_review,Octave Intelligence plc Class B Ordinary Shares,Octave Intelligence plc Class B Ordinary Shares,0002083632,0002083632,0,,https://api.massive.com/v3/reference/tickers/OCTV?date=2026-05-28;https://api.massive.com/v3/reference/tickers/OCTV?date=2026-10-02
OKTA,2022-01-03,2017-04-07,provider_issuer_and_share_identity_match,"Okta, Inc. Class A Common Stock","Okta, Inc. Class A Common Stock",0001660134,0001660134,0,,https://api.massive.com/v3/reference/tickers/OKTA?date=2022-01-03;https://api.massive.com/v3/reference/tickers/OKTA?date=2026-10-02
ORCL,2022-01-03,1986-03-12,provider_issuer_and_share_identity_match,Oracle Corp,Oracle Corp,0001341439,0001341439,0,,https://api.massive.com/v3/reference/tickers/ORCL?date=2022-01-03;https://api.massive.com/v3/reference/tickers/ORCL?date=2026-10-02
PARA,2022-02-17,2023-12-15,historical_target_issuer_prefix_retained_later_ticker_reuse_quarantined,Paramount Global Class B Common Stock,"Banzai International, Inc. Class A Common Stock",0000813828,0001826011,40,,https://api.massive.com/v3/reference/tickers/PARA?date=2022-02-17;https://api.massive.com/v3/reference/tickers/PARA?date=2026-10-02;https://api.massive.com/v3/reference/tickers/PARA?date=2023-12-08;https://api.massive.com/v3/reference/tickers/PARA?date=2024-11-04;https://api.massive.com/v3/reference/tickers/PARA?date=2025-04-21;https://api.massive.com/v3/reference/tickers/PARA?date=2025-07-14;https://api.massive.com/v3/reference/tickers/PARA?date=2026-08-21;https://api.massive.com/v3/reference/tickers/PARA?date=2025-08-01;https://api.massive.com/v3/reference/tickers/PARA?date=2026-08-12;https://api.massive.com/v3/reference/tickers/PARA?date=2025-08-06;https://api.massive.com/v3/reference/tickers/PARA?date=2026-08-10;https://api.massive.com/v3/reference/tickers/PARA?date=2026-08-07;https://api.massive.com/v3/reference/tickers/PARA?date=2022-02-17;https://api.massive.com/v3/reference/tickers/PARA?date=2022-07-26;https://api.massive.com/v3/reference/tickers/PARA?date=2022-12-29;https://api.massive.com/v3/reference/tickers/PARA?date=2023-06-07;https://api.massive.com/v3/reference/tickers/PARA?date=2023-11-09;https://api.massive.com/v3/reference/tickers/PARA?date=2024-04-17;https://api.massive.com/v3/reference/tickers/PARA?date=2024-09-23;https://api.massive.com/v3/reference/tickers/PARA?date=2025-03-03;https://api.massive.com/v3/reference/tickers/PARA?date=2025-08-06
PATH,2022-01-03,2021-04-21,provider_issuer_and_share_identity_match,"UiPath, Inc.","UiPath, Inc.",0001734722,0001734722,0,,https://api.massive.com/v3/reference/tickers/PATH?date=2022-01-03;https://api.massive.com/v3/reference/tickers/PATH?date=2026-10-02
PAYC,2022-01-03,2014-04-15,provider_issuer_and_share_identity_match,"PAYCOM SOFTWARE, INC.","PAYCOM SOFTWARE, INC.",0001590955,0001590955,0,,https://api.massive.com/v3/reference/tickers/PAYC?date=2022-01-03;https://api.massive.com/v3/reference/tickers/PAYC?date=2026-10-02
PCOR,2022-01-03,2021-05-20,provider_issuer_and_share_identity_match,"Procore Technologies, Inc.","Procore Technologies, Inc.",0001611052,0001611052,0,,https://api.massive.com/v3/reference/tickers/PCOR?date=2022-01-03;https://api.massive.com/v3/reference/tickers/PCOR?date=2026-10-02
PCTY,2022-01-03,2014-03-19,provider_issuer_and_share_identity_match,Paylocity Holding Corporation Common Stock,Paylocity Holding Corporation Common Stock,0001591698,0001591698,0,,https://api.massive.com/v3/reference/tickers/PCTY?date=2022-01-03;https://api.massive.com/v3/reference/tickers/PCTY?date=2026-10-02
PD,2022-01-03,2019-04-11,provider_issuer_and_share_identity_match,"PagerDuty, Inc.","PagerDuty, Inc.",0001568100,0001568100,0,,https://api.massive.com/v3/reference/tickers/PD?date=2022-01-03;https://api.massive.com/v3/reference/tickers/PD?date=2026-10-02
PDFS,2022-01-03,2001-07-26,provider_issuer_and_share_identity_match,PDF Solutions Inc,PDF Solutions Inc,0001120914,0001120914,0,,https://api.massive.com/v3/reference/tickers/PDFS?date=2022-01-03;https://api.massive.com/v3/reference/tickers/PDFS?date=2026-10-02
PDYN,2022-01-03,2021-09-27,provider_issuer_and_share_identity_match,Sarcos Technology and Robotics Corp. Common Stock,Palladyne AI Corp. Common Stock,0001826681,0001826681,0,,https://api.massive.com/v3/reference/tickers/STRC?date=2022-01-03;https://api.massive.com/v3/reference/tickers/PDYN?date=2026-10-02
PLTR,2022-01-03,2020-09-30,provider_issuer_and_share_identity_match,Palantir Technologies Inc. Class A Common Stock,Palantir Technologies Inc. Class A Common Stock,0001321655,0001321655,0,,https://api.massive.com/v3/reference/tickers/PLTR?date=2022-01-03;https://api.massive.com/v3/reference/tickers/PLTR?date=2026-10-02
PRCH,2022-01-03,2020-12-24,provider_issuer_and_share_identity_match,"Porch Group, Inc. Common Stock","Porch Group, Inc. Common Stock",0001784535,0001784535,0,,https://api.massive.com/v3/reference/tickers/PRCH?date=2022-01-03;https://api.massive.com/v3/reference/tickers/PRCH?date=2026-10-02
PRGS,2022-01-03,1991-06-14,provider_issuer_and_share_identity_match,Progress Software Corp (DE),Progress Software Corp (DE),0000876167,0000876167,0,,https://api.massive.com/v3/reference/tickers/PRGS?date=2022-01-03;https://api.massive.com/v3/reference/tickers/PRGS?date=2026-10-02
PTC,2022-01-03,1989-12-07,provider_issuer_and_share_identity_match,"PTC, INC","PTC, INC",0000857005,0000857005,0,,https://api.massive.com/v3/reference/tickers/PTC?date=2022-01-03;https://api.massive.com/v3/reference/tickers/PTC?date=2026-10-02
PXLW,2022-01-03,2000-05-19,provider_issuer_and_share_identity_match,Pixelworks Inc,Pixelworks Inc,0001040161,0001040161,0,,https://api.massive.com/v3/reference/tickers/PXLW?date=2022-01-03;https://api.massive.com/v3/reference/tickers/PXLW?date=2026-10-02
QLYS,2022-01-03,2012-09-28,provider_issuer_and_share_identity_match,"Qualys, Inc. Common Stock","Qualys, Inc. Common Stock",0001107843,0001107843,0,,https://api.massive.com/v3/reference/tickers/QLYS?date=2022-01-03;https://api.massive.com/v3/reference/tickers/QLYS?date=2026-10-02
QTWO,2022-01-03,2014-03-20,provider_issuer_and_share_identity_match,Q2 Holdings Inc,Q2 Holdings Inc,0001410384,0001410384,0,,https://api.massive.com/v3/reference/tickers/QTWO?date=2022-01-03;https://api.massive.com/v3/reference/tickers/QTWO?date=2026-10-02
QUBT,2022-01-03,2004-12-30,provider_issuer_and_share_identity_match,Quantum Computing Inc. Common,Quantum Computing Inc. Common,0001758009,0001758009,0,,https://api.massive.com/v3/reference/tickers/QUBT?date=2022-01-03;https://api.massive.com/v3/reference/tickers/QUBT?date=2026-10-02
QXL,2022-01-03,,same_share_class_issuer_fields_incomplete_requires_SEC_review,VIEWBIX INC,Quantum X Labs Inc. Common Stock,,0000797542,0,,https://api.massive.com/v3/reference/tickers/VBIX?date=2022-01-03;https://api.massive.com/v3/reference/tickers/QXL?date=2026-10-02
RBLX,2022-01-03,2021-03-10,provider_issuer_and_share_identity_match,Roblox Corporation,Roblox Corporation,0001315098,0001315098,0,,https://api.massive.com/v3/reference/tickers/RBLX?date=2022-01-03;https://api.massive.com/v3/reference/tickers/RBLX?date=2026-10-02
RBRK,2024-04-25,2024-04-25,provider_issuer_and_share_identity_match,"Rubrik, Inc.","Rubrik, Inc.",0001943896,0001943896,0,,https://api.massive.com/v3/reference/tickers/RBRK?date=2024-04-25;https://api.massive.com/v3/reference/tickers/RBRK?date=2026-10-02
RCAT,2022-01-03,2002-04-02,provider_issuer_and_share_identity_match,"Red Cat Holdings, Inc. Common Stock","Red Cat Holdings, Inc. Common Stock",0000748268,0000748268,0,,https://api.massive.com/v3/reference/tickers/RCAT?date=2022-01-03;https://api.massive.com/v3/reference/tickers/RCAT?date=2026-10-02
RDVT,2022-01-03,2018-03-27,provider_issuer_and_share_identity_match,"Red Violet, Inc. Common Stock","Red Violet, Inc. Common Stock",0001720116,0001720116,0,,https://api.massive.com/v3/reference/tickers/RDVT?date=2022-01-03;https://api.massive.com/v3/reference/tickers/RDVT?date=2026-10-02
ROC,2022-01-03,2026-02-20,different_security_or_issuer_before_listing_quarantined,ROC Energy Acquisition Corp. Common Stock,Rank One Computing Corporation Common stock,0001884516,0002077709,301,,https://api.massive.com/v3/reference/tickers/ROC?date=2022-01-03;https://api.massive.com/v3/reference/tickers/ROC?date=2026-10-02
RPD,2022-01-03,2015-07-17,provider_issuer_and_share_identity_match,"Rapid7, Inc. Common Stock","Rapid7, Inc. Common Stock",0001560327,0001560327,0,,https://api.massive.com/v3/reference/tickers/RPD?date=2022-01-03;https://api.massive.com/v3/reference/tickers/RPD?date=2026-10-02
S,2022-01-03,2021-06-30,provider_issuer_and_share_identity_match,"SentinelOne, Inc.","SentinelOne, Inc.",0001583708,0001583708,0,,https://api.massive.com/v3/reference/tickers/S?date=2022-01-03;https://api.massive.com/v3/reference/tickers/S?date=2026-10-02
SAIL,2022-01-03,2025-02-13,historical_target_issuer_prefix_retained_later_ticker_reuse_quarantined,"SailPoint Technologies Holdings, Inc. Common Stock","SailPoint, Inc. Common Stock",0001627857,0002030781,411,,https://api.massive.com/v3/reference/tickers/SAIL?date=2022-01-03;https://api.massive.com/v3/reference/tickers/SAIL?date=2026-10-02;https://api.massive.com/v3/reference/tickers/SAIL?date=2025-08-18;https://api.massive.com/v3/reference/tickers/SAIL?date=2022-07-27;https://api.massive.com/v3/reference/tickers/SAIL?date=2025-05-06;https://api.massive.com/v3/reference/tickers/SAIL?date=2025-03-17;https://api.massive.com/v3/reference/tickers/SAIL?date=2025-02-19;https://api.massive.com/v3/reference/tickers/SAIL?date=2022-08-08;https://api.massive.com/v3/reference/tickers/SAIL?date=2022-08-12;https://api.massive.com/v3/reference/tickers/SAIL?date=2025-02-13;https://api.massive.com/v3/reference/tickers/SAIL?date=2022-08-15;https://api.massive.com/v3/reference/tickers/SAIL?date=2022-01-03;https://api.massive.com/v3/reference/tickers/SAIL?date=2022-01-31;https://api.massive.com/v3/reference/tickers/SAIL?date=2022-02-28;https://api.massive.com/v3/reference/tickers/SAIL?date=2022-03-28;https://api.massive.com/v3/reference/tickers/SAIL?date=2022-04-25;https://api.massive.com/v3/reference/tickers/SAIL?date=2022-05-20;https://api.massive.com/v3/reference/tickers/SAIL?date=2022-06-21;https://api.massive.com/v3/reference/tickers/SAIL?date=2022-07-19;https://api.massive.com/v3/reference/tickers/SAIL?date=2022-08-15
SHOP,2022-01-03,2015-05-21,provider_issuer_and_share_identity_match,Shopify Inc. Class A subordinate voting shares,Shopify Inc. Class A subordinate voting shares,0001594805,0001594805,0,,https://api.massive.com/v3/reference/tickers/SHOP?date=2022-01-03;https://api.massive.com/v3/reference/tickers/SHOP?date=2026-10-02
SKIL,2022-01-03,2019-07-26,provider_issuer_and_share_identity_match,Skillsoft Corp.,Skillsoft Corp.,0001774675,0001774675,0,,https://api.massive.com/v3/reference/tickers/SKIL?date=2022-01-03;https://api.massive.com/v3/reference/tickers/SKIL?date=2026-10-02
SMSI,2022-01-03,1995-09-19,provider_issuer_and_share_identity_match,Smith Micro Software Inc,Smith Micro Software Inc,0000948708,0000948708,0,,https://api.massive.com/v3/reference/tickers/SMSI?date=2022-01-03;https://api.massive.com/v3/reference/tickers/SMSI?date=2026-10-02
SNAL,2022-11-10,2022-11-10,provider_issuer_and_share_identity_match,"Snail, Inc. Class A Common Stock","Snail, Inc. Class A Common Stock",0001886894,0001886894,0,,https://api.massive.com/v3/reference/tickers/SNAL?date=2022-11-10;https://api.massive.com/v3/reference/tickers/SNAL?date=2026-10-02
SNOW,2022-01-03,2020-09-16,provider_issuer_and_share_identity_match,Snowflake Inc.,Snowflake Inc.,0001640147,0001640147,0,,https://api.massive.com/v3/reference/tickers/SNOW?date=2022-01-03;https://api.massive.com/v3/reference/tickers/SNOW?date=2026-10-02
SNPS,2022-01-03,1992-03-03,provider_issuer_and_share_identity_match,Synopsys Inc,Synopsys Inc,0000883241,0000883241,0,,https://api.massive.com/v3/reference/tickers/SNPS?date=2022-01-03;https://api.massive.com/v3/reference/tickers/SNPS?date=2026-10-02
SOUN,2022-04-28,2022-04-28,provider_issuer_and_share_identity_match,"SoundHound AI, Inc. Class A Common Stock","SoundHound AI, Inc. Class A Common Stock",0001840856,0001840856,0,,https://api.massive.com/v3/reference/tickers/SOUN?date=2022-04-28;https://api.massive.com/v3/reference/tickers/SOUN?date=2026-10-02
SPSC,2022-01-03,2010-04-22,provider_issuer_and_share_identity_match,"SPS Commerce, Inc.","SPS Commerce, Inc.",0001092699,0001092699,0,,https://api.massive.com/v3/reference/tickers/SPSC?date=2022-01-03;https://api.massive.com/v3/reference/tickers/SPSC?date=2026-10-02
SPT,2022-01-03,2019-12-13,provider_issuer_and_share_identity_match,"Sprout Social, Inc Class A Common Stock","Sprout Social, Inc Class A Common Stock",0001517375,0001517375,0,,https://api.massive.com/v3/reference/tickers/SPT?date=2022-01-03;https://api.massive.com/v3/reference/tickers/SPT?date=2026-10-02
SSNC,2022-01-03,2010-03-31,provider_issuer_and_share_identity_match,SS&C Technologies Inc,SS&C Technologies Inc,0001402436,0001402436,0,,https://api.massive.com/v3/reference/tickers/SSNC?date=2022-01-03;https://api.massive.com/v3/reference/tickers/SSNC?date=2026-10-02
SSTI,2022-01-03,2017-06-07,provider_issuer_and_share_identity_match,"ShotSpotter, Inc. Common Stock","SoundThinking, Inc. Common Stock",0001351636,0001351636,0,,https://api.massive.com/v3/reference/tickers/SSTI?date=2022-01-03;https://api.massive.com/v3/reference/tickers/SSTI?date=2026-10-02
SVCO,2024-05-09,2024-05-09,provider_issuer_and_share_identity_match,"Silvaco Group, Inc. Common Stock","Silvaco Group, Inc. Common Stock",0001943289,0001943289,0,,https://api.massive.com/v3/reference/tickers/SVCO?date=2024-05-09;https://api.massive.com/v3/reference/tickers/SVCO?date=2026-10-02
SWMR,2026-03-17,2026-03-17,same_share_class_issuer_fields_incomplete_requires_SEC_review,"Swarmer, Inc Common Stock","Swarmer, Inc Common Stock",,0002092574,0,,https://api.massive.com/v3/reference/tickers/SWMR?date=2026-03-17;https://api.massive.com/v3/reference/tickers/SWMR?date=2026-10-02
TDC,2022-01-03,2007-09-12,provider_issuer_and_share_identity_match,TERADATA CORPORATION,TERADATA CORPORATION,0000816761,0000816761,0,,https://api.massive.com/v3/reference/tickers/TDC?date=2022-01-03;https://api.massive.com/v3/reference/tickers/TDC?date=2026-10-02
TEAM,2022-01-03,2015-12-10,issuer_matches_share_class_or_corporate_action_requires_review,Atlassian Corporation Plc Class A Ordinary Shares,Atlassian Corporation Class A Common Stock,0001650372,0001650372,0,,https://api.massive.com/v3/reference/tickers/TEAM?date=2022-01-03;https://api.massive.com/v3/reference/tickers/TEAM?date=2026-10-02
TENB,2022-01-03,2018-07-26,provider_issuer_and_share_identity_match,"Tenable Holdings, Inc.","Tenable Holdings, Inc.",0001660280,0001660280,0,,https://api.massive.com/v3/reference/tickers/TENB?date=2022-01-03;https://api.massive.com/v3/reference/tickers/TENB?date=2026-10-02
TTAN,2024-12-12,2024-12-12,provider_issuer_and_share_identity_match,"ServiceTitan, Inc. Class A Common Stock","ServiceTitan, Inc. Class A Common Stock",0001638826,0001638826,0,,https://api.massive.com/v3/reference/tickers/TTAN?date=2024-12-12;https://api.massive.com/v3/reference/tickers/TTAN?date=2026-10-02
TTWO,2022-01-03,1997-04-14,provider_issuer_and_share_identity_match,Take-Two Interactive Software Inc,Take-Two Interactive Software Inc,0000946581,0000946581,0,,https://api.massive.com/v3/reference/tickers/TTWO?date=2022-01-03;https://api.massive.com/v3/reference/tickers/TTWO?date=2026-10-02
TWLO,2022-01-03,2016-06-23,provider_issuer_and_share_identity_match,Twilio Inc.,Twilio Inc.,0001447669,0001447669,0,,https://api.massive.com/v3/reference/tickers/TWLO?date=2022-01-03;https://api.massive.com/v3/reference/tickers/TWLO?date=2026-10-02
TYL,2022-01-03,1969-03-24,provider_issuer_and_share_identity_match,"Tyler Technologies, Inc.","Tyler Technologies, Inc.",0000860731,0000860731,0,,https://api.massive.com/v3/reference/tickers/TYL?date=2022-01-03;https://api.massive.com/v3/reference/tickers/TYL?date=2026-10-02
U,2022-01-03,2020-09-18,provider_issuer_and_share_identity_match,Unity Software Inc.,Unity Software Inc.,0001810806,0001810806,0,,https://api.massive.com/v3/reference/tickers/U?date=2022-01-03;https://api.massive.com/v3/reference/tickers/U?date=2026-10-02
UPLD,2022-01-03,2014-11-06,provider_issuer_and_share_identity_match,"Upland Software, Inc.","Upland Software, Inc.",0001505155,0001505155,0,,https://api.massive.com/v3/reference/tickers/UPLD?date=2022-01-03;https://api.massive.com/v3/reference/tickers/UPLD?date=2026-10-02
VEEV,2022-01-03,2013-10-16,provider_issuer_and_share_identity_match,Veeva Systems Inc.,Veeva Systems Inc.,0001393052,0001393052,0,,https://api.massive.com/v3/reference/tickers/VEEV?date=2022-01-03;https://api.massive.com/v3/reference/tickers/VEEV?date=2026-10-02
VERX,2022-01-03,2020-07-29,provider_issuer_and_share_identity_match,"Vertex, Inc. Class A Common Stock","Vertex, Inc. Class A Common Stock",0001806837,0001806837,0,,https://api.massive.com/v3/reference/tickers/VERX?date=2022-01-03;https://api.massive.com/v3/reference/tickers/VERX?date=2026-10-02
VIA,2022-01-03,2025-09-12,different_security_or_issuer_before_listing_quarantined,"Via Renewables, Inc. Class A Common Stock","Via Transportation, Inc.",0001606268,0001603015,615,,https://api.massive.com/v3/reference/tickers/VIA?date=2022-01-03;https://api.massive.com/v3/reference/tickers/VIA?date=2026-10-02
VIDA,2022-01-26,2026-05-15,issuer_identity_fields_missing_requires_review,VIDAROO CORP,VIDA Global Inc.,,0001973062,0,,https://api.massive.com/v3/reference/tickers/VIDA?date=2022-01-26;https://api.massive.com/v3/reference/tickers/VIDA?date=2026-10-02
VRNS,2022-01-03,2014-02-28,provider_issuer_and_share_identity_match,"Varonis Systems, Inc.","Varonis Systems, Inc.",0001361113,0001361113,0,,https://api.massive.com/v3/reference/tickers/VRNS?date=2022-01-03;https://api.massive.com/v3/reference/tickers/VRNS?date=2026-10-02
VWAV,2025-07-15,2025-07-15,provider_issuer_and_share_identity_match,"VisionWave Holdings, Inc. Common Stock","VisionWave Holdings, Inc. Common Stock",0002038439,0002038439,0,,https://api.massive.com/v3/reference/tickers/VWAV?date=2025-07-15;https://api.massive.com/v3/reference/tickers/VWAV?date=2026-10-02
WEAV,2022-01-03,2021-11-11,provider_issuer_and_share_identity_match,"Weave Communications, Inc.","Weave Communications, Inc.",0001609151,0001609151,0,,https://api.massive.com/v3/reference/tickers/WEAV?date=2022-01-03;https://api.massive.com/v3/reference/tickers/WEAV?date=2026-10-02
WFCF,2022-01-03,1999-02-11,provider_issuer_and_share_identity_match,"Where Food Comes From, Inc. Common Stock","Where Food Comes From, Inc. Common Stock",0001360565,0001360565,0,,https://api.massive.com/v3/reference/tickers/WFCF?date=2022-01-03;https://api.massive.com/v3/reference/tickers/WFCF?date=2026-10-02
WK,2022-01-03,2014-12-12,provider_issuer_and_share_identity_match,Workiva Inc.,Workiva Inc.,0001445305,0001445305,0,,https://api.massive.com/v3/reference/tickers/WK?date=2022-01-03;https://api.massive.com/v3/reference/tickers/WK?date=2026-10-02
XPER,2022-01-03,2022-09-20,different_security_or_issuer_before_listing_quarantined,Xperi Holding Corporation Common Stock,Xperi Inc,0001803696,0001788999,179,,https://api.massive.com/v3/reference/tickers/XPER?date=2022-01-03;https://api.massive.com/v3/reference/tickers/XPER?date=2026-10-02
XYZ,2022-01-03,2015-11-19,provider_issuer_and_share_identity_match,"Block, Inc.","Block, Inc.",0001512673,0001512673,0,,https://api.massive.com/v3/reference/tickers/SQ?date=2022-01-03;https://api.massive.com/v3/reference/tickers/XYZ?date=2026-10-02
XZO,2025-11-05,2025-11-05,issuer_matches_share_class_or_corporate_action_requires_review,"Exzeo Group, Inc.","Exzeo Group, Inc.",0001873951,0001873951,0,,https://api.massive.com/v3/reference/tickers/XZO?date=2025-11-05;https://api.massive.com/v3/reference/tickers/XZO?date=2026-10-02
YOU,2022-01-03,2021-06-30,provider_issuer_and_share_identity_match,"Clear Secure, Inc.","Clear Secure, Inc.",0001856314,0001856314,0,,https://api.massive.com/v3/reference/tickers/YOU?date=2022-01-03;https://api.massive.com/v3/reference/tickers/YOU?date=2026-10-02
ZDGE,2022-01-03,2016-05-26,provider_issuer_and_share_identity_match,"Zedge, Inc.","Zedge, Inc.",0001667313,0001667313,0,,https://api.massive.com/v3/reference/tickers/ZDGE?date=2022-01-03;https://api.massive.com/v3/reference/tickers/ZDGE?date=2026-10-02
ZETA,2022-01-03,2021-06-10,provider_issuer_and_share_identity_match,Zeta Global Holdings Corp.,Zeta Global Holdings Corp.,0001851003,0001851003,0,,https://api.massive.com/v3/reference/tickers/ZETA?date=2022-01-03;https://api.massive.com/v3/reference/tickers/ZETA?date=2026-10-02
