cik,ticker,name,query,matching_records,status,error,source_urls
0001362190,AEYE,"AudioEye, Inc. Common Stock",AudioEye,1,candidates_require_ownership_review,,https://services.nvd.nist.gov/rest/json/cves/2.0?keywordSearch=AudioEye&resultsPerPage=2000&startIndex=0&keywordExactMatch
0001577526,AI,"C3.ai, Inc.",C3 ai,0,no_records_for_this_name_search_not_zero_risk,,https://services.nvd.nist.gov/rest/json/cves/2.0?keywordSearch=C3+ai&resultsPerPage=2000&startIndex=0&keywordExactMatch
0000803578,AIFF,"Firefly Neuroscience, Inc. Common Stock",Firefly Neuroscience,0,no_records_for_this_name_search_not_zero_risk,,https://services.nvd.nist.gov/rest/json/cves/2.0?keywordSearch=Firefly+Neuroscience&resultsPerPage=2000&startIndex=0&keywordExactMatch
0001842566,AISP,"Airship AI Holdings, Inc. Class A Common Stock",Airship AI,2,candidates_require_ownership_review,,https://services.nvd.nist.gov/rest/json/cves/2.0?keywordSearch=Airship+AI&resultsPerPage=2000&startIndex=0&keywordExactMatch
0001529274,ALKT,"Alkami Technology, Inc. Common Stock",Alkami Technology,0,no_records_for_this_name_search_not_zero_risk,,https://services.nvd.nist.gov/rest/json/cves/2.0?keywordSearch=Alkami+Technology&resultsPerPage=2000&startIndex=0&keywordExactMatch
0001866692,AMPL,"Amplitude, Inc. Class A Common Stock",Amplitude,1,candidates_require_ownership_review,,https://services.nvd.nist.gov/rest/json/cves/2.0?keywordSearch=Amplitude&resultsPerPage=2000&startIndex=0&keywordExactMatch
0001807166,AMST,Amesite Inc.,Amesite,0,no_records_for_this_name_search_not_zero_risk,,https://services.nvd.nist.gov/rest/json/cves/2.0?keywordSearch=Amesite&resultsPerPage=2000&startIndex=0&keywordExactMatch
0002026353,ATHR,"Aether Holdings, Inc. Common Stock",Aether,1,candidates_require_ownership_review,,https://services.nvd.nist.gov/rest/json/cves/2.0?keywordSearch=Aether&resultsPerPage=2000&startIndex=0&keywordExactMatch
0001534154,AUID,authID Inc. Common Stock,authID,6,candidates_require_ownership_review,,https://services.nvd.nist.gov/rest/json/cves/2.0?keywordSearch=authID&resultsPerPage=2000&startIndex=0&keywordExactMatch
0001015739,AWRE,Aware Inc,Aware,317,candidates_require_ownership_review,,https://services.nvd.nist.gov/rest/json/cves/2.0?keywordSearch=Aware&resultsPerPage=2000&startIndex=0&keywordExactMatch
0001514416,BAND,Bandwidth Inc. Class A Common Stock,Bandwidth,106,candidates_require_ownership_review,,https://services.nvd.nist.gov/rest/json/cves/2.0?keywordSearch=Bandwidth&resultsPerPage=2000&startIndex=0&keywordExactMatch
0001836981,BBAI,"BigBear.ai Holdings, Inc.",BigBear ai,0,no_records_for_this_name_search_not_zero_risk,,https://services.nvd.nist.gov/rest/json/cves/2.0?keywordSearch=BigBear+ai&resultsPerPage=2000&startIndex=0&keywordExactMatch
0001786352,BILL,"BILL Holdings, Inc.",BILL,461,candidates_require_ownership_review,,https://services.nvd.nist.gov/rest/json/cves/2.0?keywordSearch=BILL&resultsPerPage=2000&startIndex=0&keywordExactMatch
0001666134,BL,"BlackLine, Inc. Common Stock",BlackLine,0,no_records_for_this_name_search_not_zero_risk,,https://services.nvd.nist.gov/rest/json/cves/2.0?keywordSearch=BlackLine&resultsPerPage=2000&startIndex=0&keywordExactMatch
0001378590,BLIN,Bridgeline Digital Inc.,Bridgeline Digital,0,no_records_for_this_name_search_not_zero_risk,,https://services.nvd.nist.gov/rest/json/cves/2.0?keywordSearch=Bridgeline+Digital&resultsPerPage=2000&startIndex=0&keywordExactMatch
0001676238,BRZE,"Braze, Inc. Class A Common Stock",Braze,0,no_records_for_this_name_search_not_zero_risk,,https://services.nvd.nist.gov/rest/json/cves/2.0?keywordSearch=Braze&resultsPerPage=2000&startIndex=0&keywordExactMatch
0001818201,CCC,CCC Intelligent Solutions Holdings Inc. Common Stock,CCC Intelligent Solutions,0,no_records_for_this_name_search_not_zero_risk,,https://services.nvd.nist.gov/rest/json/cves/2.0?keywordSearch=CCC+Intelligent+Solutions&resultsPerPage=2000&startIndex=0&keywordExactMatch
0001582982,CCLD,"CareCloud, Inc. Common Stock",CareCloud,0,no_records_for_this_name_search_not_zero_risk,,https://services.nvd.nist.gov/rest/json/cves/2.0?keywordSearch=CareCloud&resultsPerPage=2000&startIndex=0&keywordExactMatch
0001866633,CCSI,"Consensus Cloud Solutions, Inc. Common Stock",Consensus Cloud Solutions,0,no_records_for_this_name_search_not_zero_risk,,https://services.nvd.nist.gov/rest/json/cves/2.0?keywordSearch=Consensus+Cloud+Solutions&resultsPerPage=2000&startIndex=0&keywordExactMatch
0001827090,CERT,"Certara, Inc. Common Stock",Certara,0,no_records_for_this_name_search_not_zero_risk,,https://services.nvd.nist.gov/rest/json/cves/2.0?keywordSearch=Certara&resultsPerPage=2000&startIndex=0&keywordExactMatch
0001626450,CMRC,"Commerce.com, Inc. Series 1 Common Stock",Commerce com Series 1,0,no_records_for_this_name_search_not_zero_risk,,https://services.nvd.nist.gov/rest/json/cves/2.0?keywordSearch=Commerce+com+Series+1&resultsPerPage=2000&startIndex=0&keywordExactMatch
0001651562,COUR,"Coursera, Inc.",Coursera,0,no_records_for_this_name_search_not_zero_risk,,https://services.nvd.nist.gov/rest/json/cves/2.0?keywordSearch=Coursera&resultsPerPage=2000&startIndex=0&keywordExactMatch
0001768267,CRNC,Cerence Inc. Common Stock,Cerence,0,no_records_for_this_name_search_not_zero_risk,,https://services.nvd.nist.gov/rest/json/cves/2.0?keywordSearch=Cerence&resultsPerPage=2000&startIndex=0&keywordExactMatch
0001769628,CRWV,"CoreWeave, Inc. Class A Common Stock",CoreWeave,0,no_records_for_this_name_search_not_zero_risk,,https://services.nvd.nist.gov/rest/json/cves/2.0?keywordSearch=CoreWeave&resultsPerPage=2000&startIndex=0&keywordExactMatch
0001820875,CXAI,CXApp Inc. Class A Common Stock,CXApp,0,no_records_for_this_name_search_not_zero_risk,,https://services.nvd.nist.gov/rest/json/cves/2.0?keywordSearch=CXApp&resultsPerPage=2000&startIndex=0&keywordExactMatch
0001569345,CXM,"Sprinklr, Inc.",Sprinklr,0,no_records_for_this_name_search_not_zero_risk,,https://services.nvd.nist.gov/rest/json/cves/2.0?keywordSearch=Sprinklr&resultsPerPage=2000&startIndex=0&keywordExactMatch
0002032341,CYAB,"Cyabra, Inc. Common Stock",Cyabra,0,no_records_for_this_name_search_not_zero_risk,,https://services.nvd.nist.gov/rest/json/cves/2.0?keywordSearch=Cyabra&resultsPerPage=2000&startIndex=0&keywordExactMatch
0000910638,DDD,3D Systems Corporation,3D Systems,0,no_records_for_this_name_search_not_zero_risk,,https://services.nvd.nist.gov/rest/json/cves/2.0?keywordSearch=3D+Systems&resultsPerPage=2000&startIndex=0&keywordExactMatch
0001861795,DH,Definitive Healthcare Corp. Class A Common Stock,Definitive Healthcare,0,no_records_for_this_name_search_not_zero_risk,,https://services.nvd.nist.gov/rest/json/cves/2.0?keywordSearch=Definitive+Healthcare&resultsPerPage=2000&startIndex=0&keywordExactMatch
0001562088,DUOL,"Duolingo, Inc. Class A Common Stock",Duolingo,1,candidates_require_ownership_review,,https://services.nvd.nist.gov/rest/json/cves/2.0?keywordSearch=Duolingo&resultsPerPage=2000&startIndex=0&keywordExactMatch
0001396536,DUOT,"Duos Technologies Group, Inc. Common Stock",Duos Technologies Group,0,no_records_for_this_name_search_not_zero_risk,,https://services.nvd.nist.gov/rest/json/cves/2.0?keywordSearch=Duos+Technologies+Group&resultsPerPage=2000&startIndex=0&keywordExactMatch
0001853145,EVCM,EverCommerce Inc. Common Stock,EverCommerce,0,no_records_for_this_name_search_not_zero_risk,,https://services.nvd.nist.gov/rest/json/cves/2.0?keywordSearch=EverCommerce&resultsPerPage=2000&startIndex=0&keywordExactMatch
0001960355,EXYN,"Exyn Technologies, Inc. Common Stock",Exyn Technologies,0,no_records_for_this_name_search_not_zero_risk,,https://services.nvd.nist.gov/rest/json/cves/2.0?keywordSearch=Exyn+Technologies&resultsPerPage=2000&startIndex=0&keywordExactMatch
0001602409,FNGR,"FingerMotion, Inc. Common Stock",FingerMotion,0,no_records_for_this_name_search_not_zero_risk,,https://services.nvd.nist.gov/rest/json/cves/2.0?keywordSearch=FingerMotion&resultsPerPage=2000&startIndex=0&keywordExactMatch
0001743725,GDYN,"Grid Dynamics Holdings, Inc. Class A Common Stock",Grid Dynamics,0,no_records_for_this_name_search_not_zero_risk,,https://services.nvd.nist.gov/rest/json/cves/2.0?keywordSearch=Grid+Dynamics&resultsPerPage=2000&startIndex=0&keywordExactMatch
0001831096,GEG,"Great Elm Group, Inc. Common Stock",Great Elm Group,0,no_records_for_this_name_search_not_zero_risk,,https://services.nvd.nist.gov/rest/json/cves/2.0?keywordSearch=Great+Elm+Group&resultsPerPage=2000&startIndex=0&keywordExactMatch
0000849399,GEN,Gen Digital Inc. Common Stock,Gen Digital,12,candidates_require_ownership_review,,https://services.nvd.nist.gov/rest/json/cves/2.0?keywordSearch=Gen+Digital&resultsPerPage=2000&startIndex=0&keywordExactMatch
0001794515,GTM,ZoomInfo Technologies Inc Common Stock,ZoomInfo Technologies,0,no_records_for_this_name_search_not_zero_risk,,https://services.nvd.nist.gov/rest/json/cves/2.0?keywordSearch=ZoomInfo+Technologies&resultsPerPage=2000&startIndex=0&keywordExactMatch
0001895618,GXAI,Gaxos.ai Inc. Common Stock,Gaxos ai,0,no_records_for_this_name_search_not_zero_risk,,https://services.nvd.nist.gov/rest/json/cves/2.0?keywordSearch=Gaxos+ai&resultsPerPage=2000&startIndex=0&keywordExactMatch
0001718939,IDAI,T Stamp Inc. Class A Common Stock,T Stamp,0,no_records_for_this_name_search_not_zero_risk,,https://services.nvd.nist.gov/rest/json/cves/2.0?keywordSearch=T+Stamp&resultsPerPage=2000&startIndex=0&keywordExactMatch
0001040896,IDN,"Intellicheck, Inc. Common Stock",Intellicheck,0,no_records_for_this_name_search_not_zero_risk,,https://services.nvd.nist.gov/rest/json/cves/2.0?keywordSearch=Intellicheck&resultsPerPage=2000&startIndex=0&keywordExactMatch
0001728688,IIIV,"i3 Verticals, Inc. Class A Common Stock",i3 Verticals,0,no_records_for_this_name_search_not_zero_risk,,https://services.nvd.nist.gov/rest/json/cves/2.0?keywordSearch=i3+Verticals&resultsPerPage=2000&startIndex=0&keywordExactMatch
0001081745,INLX,"Intellinetics, Inc.",Intellinetics,0,no_records_for_this_name_search_not_zero_risk,,https://services.nvd.nist.gov/rest/json/cves/2.0?keywordSearch=Intellinetics&resultsPerPage=2000&startIndex=0&keywordExactMatch
0001615063,INSE,"Inspired Entertainment, Inc.",Inspired Entertainment,0,no_records_for_this_name_search_not_zero_risk,,https://services.nvd.nist.gov/rest/json/cves/2.0?keywordSearch=Inspired+Entertainment&resultsPerPage=2000&startIndex=0&keywordExactMatch
0001565687,INTA,"Intapp, Inc. Common Stock",Intapp,0,no_records_for_this_name_search_not_zero_risk,,https://services.nvd.nist.gov/rest/json/cves/2.0?keywordSearch=Intapp&resultsPerPage=2000&startIndex=0&keywordExactMatch
0001397183,IVDA,"Iveda Solutions, Inc. Common Stock",Iveda Solutions,0,no_records_for_this_name_search_not_zero_risk,,https://services.nvd.nist.gov/rest/json/cves/2.0?keywordSearch=Iveda+Solutions&resultsPerPage=2000&startIndex=0&keywordExactMatch
0001625641,LAW,"CS Disco, Inc.",CS Disco,0,no_records_for_this_name_search_not_zero_risk,,https://services.nvd.nist.gov/rest/json/cves/2.0?keywordSearch=CS+Disco&resultsPerPage=2000&startIndex=0&keywordExactMatch
0001673481,LTRYW,Sports Entertainment Gaming Global Corporation Warrants,Sports Entertainment Gaming Global Warrants,0,no_records_for_this_name_search_not_zero_risk,,https://services.nvd.nist.gov/rest/json/cves/2.0?keywordSearch=Sports+Entertainment+Gaming+Global+Warrants&resultsPerPage=2000&startIndex=0&keywordExactMatch
0001910139,MBLY,Mobileye Global Inc. Class A Common Stock,Mobileye Global,0,no_records_for_this_name_search_not_zero_risk,,https://services.nvd.nist.gov/rest/json/cves/2.0?keywordSearch=Mobileye+Global&resultsPerPage=2000&startIndex=0&keywordExactMatch
0001224133,MCHX,"Marchex, Inc. Class B",Marchex,0,no_records_for_this_name_search_not_zero_risk,,https://services.nvd.nist.gov/rest/json/cves/2.0?keywordSearch=Marchex&resultsPerPage=2000&startIndex=0&keywordExactMatch
0001805651,MKTW,"MarketWise, Inc. Class A Common Stock",MarketWise,0,no_records_for_this_name_search_not_zero_risk,,https://services.nvd.nist.gov/rest/json/cves/2.0?keywordSearch=MarketWise&resultsPerPage=2000&startIndex=0&keywordExactMatch
0001522540,MQ,"Marqeta, Inc. Class A Common Stock",Marqeta,0,no_records_for_this_name_search_not_zero_risk,,https://services.nvd.nist.gov/rest/json/cves/2.0?keywordSearch=Marqeta&resultsPerPage=2000&startIndex=0&keywordExactMatch
0001437925,MRDN,Meridian Holdings Inc. Common Stock,Meridian,39,candidates_require_ownership_review,,https://services.nvd.nist.gov/rest/json/cves/2.0?keywordSearch=Meridian&resultsPerPage=2000&startIndex=0&keywordExactMatch
0001821175,MSGM,Motorsport Games Inc. Class A Common Stock,Motorsport Games,0,no_records_for_this_name_search_not_zero_risk,,https://services.nvd.nist.gov/rest/json/cves/2.0?keywordSearch=Motorsport+Games&resultsPerPage=2000&startIndex=0&keywordExactMatch
0001823878,MYPS,"PLAYSTUDIOS, Inc. Class A Common Stock",PLAYSTUDIOS,0,no_records_for_this_name_search_not_zero_risk,,https://services.nvd.nist.gov/rest/json/cves/2.0?keywordSearch=PLAYSTUDIOS&resultsPerPage=2000&startIndex=0&keywordExactMatch
0001211805,MYSZ,"My Size, Inc",My Size,0,no_records_for_this_name_search_not_zero_risk,,https://services.nvd.nist.gov/rest/json/cves/2.0?keywordSearch=My+Size&resultsPerPage=2000&startIndex=0&keywordExactMatch
0001639723,NAVN,"Navan, Inc. Class A Common Stock",Navan,0,no_records_for_this_name_search_not_zero_risk,,https://services.nvd.nist.gov/rest/json/cves/2.0?keywordSearch=Navan&resultsPerPage=2000&startIndex=0&keywordExactMatch
0001902733,NCNO,"nCino, Inc. Common Stock",nCino,0,no_records_for_this_name_search_not_zero_risk,,https://services.nvd.nist.gov/rest/json/cves/2.0?keywordSearch=nCino&resultsPerPage=2000&startIndex=0&keywordExactMatch
0002083632,OCTV,Octave Intelligence plc Class B Ordinary Shares,Octave Intelligence,0,no_records_for_this_name_search_not_zero_risk,,https://services.nvd.nist.gov/rest/json/cves/2.0?keywordSearch=Octave+Intelligence&resultsPerPage=2000&startIndex=0&keywordExactMatch
0000813828,PARA,"Banzai International, Inc. Class A Common Stock",Banzai International,0,no_records_for_this_name_search_not_zero_risk,,https://services.nvd.nist.gov/rest/json/cves/2.0?keywordSearch=Banzai+International&resultsPerPage=2000&startIndex=0&keywordExactMatch
0001120914,PDFS,PDF Solutions Inc,PDF Solutions,0,no_records_for_this_name_search_not_zero_risk,,https://services.nvd.nist.gov/rest/json/cves/2.0?keywordSearch=PDF+Solutions&resultsPerPage=2000&startIndex=0&keywordExactMatch
0001826681,PDYN,Palladyne AI Corp. Common Stock,Palladyne AI,0,no_records_for_this_name_search_not_zero_risk,,https://services.nvd.nist.gov/rest/json/cves/2.0?keywordSearch=Palladyne+AI&resultsPerPage=2000&startIndex=0&keywordExactMatch
0001784535,PRCH,"Porch Group, Inc. Common Stock",Porch Group,0,no_records_for_this_name_search_not_zero_risk,,https://services.nvd.nist.gov/rest/json/cves/2.0?keywordSearch=Porch+Group&resultsPerPage=2000&startIndex=0&keywordExactMatch
0001040161,PXLW,Pixelworks Inc,Pixelworks,0,no_records_for_this_name_search_not_zero_risk,,https://services.nvd.nist.gov/rest/json/cves/2.0?keywordSearch=Pixelworks&resultsPerPage=2000&startIndex=0&keywordExactMatch
0001758009,QUBT,Quantum Computing Inc. Common,Quantum Computing Common,0,no_records_for_this_name_search_not_zero_risk,,https://services.nvd.nist.gov/rest/json/cves/2.0?keywordSearch=Quantum+Computing+Common&resultsPerPage=2000&startIndex=0&keywordExactMatch
0000797542,QXL,Quantum X Labs Inc. Common Stock,Quantum X Labs,0,no_records_for_this_name_search_not_zero_risk,,https://services.nvd.nist.gov/rest/json/cves/2.0?keywordSearch=Quantum+X+Labs&resultsPerPage=2000&startIndex=0&keywordExactMatch
0000748268,RCAT,"Red Cat Holdings, Inc. Common Stock",Red Cat,0,no_records_for_this_name_search_not_zero_risk,,https://services.nvd.nist.gov/rest/json/cves/2.0?keywordSearch=Red+Cat&resultsPerPage=2000&startIndex=0&keywordExactMatch
0001720116,RDVT,"Red Violet, Inc. Common Stock",Red Violet,0,no_records_for_this_name_search_not_zero_risk,,https://services.nvd.nist.gov/rest/json/cves/2.0?keywordSearch=Red+Violet&resultsPerPage=2000&startIndex=0&keywordExactMatch
0002077709,ROC,Rank One Computing Corporation Common stock,Rank One Computing,0,no_records_for_this_name_search_not_zero_risk,,https://services.nvd.nist.gov/rest/json/cves/2.0?keywordSearch=Rank+One+Computing&resultsPerPage=2000&startIndex=0&keywordExactMatch
0001774675,SKIL,Skillsoft Corp.,Skillsoft,0,no_records_for_this_name_search_not_zero_risk,,https://services.nvd.nist.gov/rest/json/cves/2.0?keywordSearch=Skillsoft&resultsPerPage=2000&startIndex=0&keywordExactMatch
0000948708,SMSI,Smith Micro Software Inc,Smith Micro Software,0,no_records_for_this_name_search_not_zero_risk,,https://services.nvd.nist.gov/rest/json/cves/2.0?keywordSearch=Smith+Micro+Software&resultsPerPage=2000&startIndex=0&keywordExactMatch
0001886894,SNAL,"Snail, Inc. Class A Common Stock",Snail,7,candidates_require_ownership_review,,https://services.nvd.nist.gov/rest/json/cves/2.0?keywordSearch=Snail&resultsPerPage=2000&startIndex=0&keywordExactMatch
0001840856,SOUN,"SoundHound AI, Inc. Class A Common Stock",SoundHound AI,0,no_records_for_this_name_search_not_zero_risk,,https://services.nvd.nist.gov/rest/json/cves/2.0?keywordSearch=SoundHound+AI&resultsPerPage=2000&startIndex=0&keywordExactMatch
0001092699,SPSC,"SPS Commerce, Inc.",SPS Commerce,0,no_records_for_this_name_search_not_zero_risk,,https://services.nvd.nist.gov/rest/json/cves/2.0?keywordSearch=SPS+Commerce&resultsPerPage=2000&startIndex=0&keywordExactMatch
0001517375,SPT,"Sprout Social, Inc Class A Common Stock",Sprout Social,0,no_records_for_this_name_search_not_zero_risk,,https://services.nvd.nist.gov/rest/json/cves/2.0?keywordSearch=Sprout+Social&resultsPerPage=2000&startIndex=0&keywordExactMatch
0001351636,SSTI,"SoundThinking, Inc. Common Stock",SoundThinking,0,no_records_for_this_name_search_not_zero_risk,,https://services.nvd.nist.gov/rest/json/cves/2.0?keywordSearch=SoundThinking&resultsPerPage=2000&startIndex=0&keywordExactMatch
0001943289,SVCO,"Silvaco Group, Inc. Common Stock",Silvaco Group,0,no_records_for_this_name_search_not_zero_risk,,https://services.nvd.nist.gov/rest/json/cves/2.0?keywordSearch=Silvaco+Group&resultsPerPage=2000&startIndex=0&keywordExactMatch
0002092574,SWMR,"Swarmer, Inc Common Stock",Swarmer,0,no_records_for_this_name_search_not_zero_risk,,https://services.nvd.nist.gov/rest/json/cves/2.0?keywordSearch=Swarmer&resultsPerPage=2000&startIndex=0&keywordExactMatch
0001638826,TTAN,"ServiceTitan, Inc. Class A Common Stock",ServiceTitan,0,no_records_for_this_name_search_not_zero_risk,,https://services.nvd.nist.gov/rest/json/cves/2.0?keywordSearch=ServiceTitan&resultsPerPage=2000&startIndex=0&keywordExactMatch
0000946581,TTWO,Take-Two Interactive Software Inc,Take-Two Interactive Software,0,no_records_for_this_name_search_not_zero_risk,,https://services.nvd.nist.gov/rest/json/cves/2.0?keywordSearch=Take-Two+Interactive+Software&resultsPerPage=2000&startIndex=0&keywordExactMatch
0001806837,VERX,"Vertex, Inc. Class A Common Stock",Vertex,33,candidates_require_ownership_review,,https://services.nvd.nist.gov/rest/json/cves/2.0?keywordSearch=Vertex&resultsPerPage=2000&startIndex=0&keywordExactMatch
0001603015,VIA,"Via Transportation, Inc.",Via Transportation,0,no_records_for_this_name_search_not_zero_risk,,https://services.nvd.nist.gov/rest/json/cves/2.0?keywordSearch=Via+Transportation&resultsPerPage=2000&startIndex=0&keywordExactMatch
0001973062,VIDA,VIDA Global Inc.,VIDA Global,0,no_records_for_this_name_search_not_zero_risk,,https://services.nvd.nist.gov/rest/json/cves/2.0?keywordSearch=VIDA+Global&resultsPerPage=2000&startIndex=0&keywordExactMatch
0002038439,VWAV,"VisionWave Holdings, Inc. Common Stock",VisionWave,0,no_records_for_this_name_search_not_zero_risk,,https://services.nvd.nist.gov/rest/json/cves/2.0?keywordSearch=VisionWave&resultsPerPage=2000&startIndex=0&keywordExactMatch
0001609151,WEAV,"Weave Communications, Inc.",Weave Communications,0,no_records_for_this_name_search_not_zero_risk,,https://services.nvd.nist.gov/rest/json/cves/2.0?keywordSearch=Weave+Communications&resultsPerPage=2000&startIndex=0&keywordExactMatch
0001360565,WFCF,"Where Food Comes From, Inc. Common Stock",Where Food Comes From,0,no_records_for_this_name_search_not_zero_risk,,https://services.nvd.nist.gov/rest/json/cves/2.0?keywordSearch=Where+Food+Comes+From&resultsPerPage=2000&startIndex=0&keywordExactMatch
0001788999,XPER,Xperi Inc,Xperi,46,candidates_require_ownership_review,,https://services.nvd.nist.gov/rest/json/cves/2.0?keywordSearch=Xperi&resultsPerPage=2000&startIndex=0&keywordExactMatch
0001512673,XYZ,"Block, Inc.",Block,5373,candidates_require_ownership_review,,https://services.nvd.nist.gov/rest/json/cves/2.0?keywordSearch=Block&resultsPerPage=2000&startIndex=0&keywordExactMatch;https://services.nvd.nist.gov/rest/json/cves/2.0?keywordSearch=Block&resultsPerPage=2000&startIndex=2000&keywordExactMatch;https://services.nvd.nist.gov/rest/json/cves/2.0?keywordSearch=Block&resultsPerPage=2000&startIndex=4000&keywordExactMatch
0001873951,XZO,"Exzeo Group, Inc.",Exzeo Group,0,no_records_for_this_name_search_not_zero_risk,,https://services.nvd.nist.gov/rest/json/cves/2.0?keywordSearch=Exzeo+Group&resultsPerPage=2000&startIndex=0&keywordExactMatch
0001856314,YOU,"Clear Secure, Inc.",Clear Secure,0,no_records_for_this_name_search_not_zero_risk,,https://services.nvd.nist.gov/rest/json/cves/2.0?keywordSearch=Clear+Secure&resultsPerPage=2000&startIndex=0&keywordExactMatch
0001667313,ZDGE,"Zedge, Inc.",Zedge,0,no_records_for_this_name_search_not_zero_risk,,https://services.nvd.nist.gov/rest/json/cves/2.0?keywordSearch=Zedge&resultsPerPage=2000&startIndex=0&keywordExactMatch
0001851003,ZETA,Zeta Global Holdings Corp.,Zeta Global,0,no_records_for_this_name_search_not_zero_risk,,https://services.nvd.nist.gov/rest/json/cves/2.0?keywordSearch=Zeta+Global&resultsPerPage=2000&startIndex=0&keywordExactMatch
