date,pred,fwd
2004-07-01,0.018561467880264197,-0.24209962506695237
2004-07-02,0.017751230445538474,-0.24693986162852577
2004-07-06,0.016679616479627266,-0.2598264420622767
2004-07-07,0.01658334982188162,-0.2641705668226729
2004-07-08,0.01687616095924054,-0.32390745501285345
2004-07-09,0.015439335929846885,-0.2982180293501048
2004-07-12,0.008462476359110446,-0.2860192102454643
2004-07-13,0.006871947636492978,-0.2694840834248079
2004-07-14,0.004245180324880534,-0.2730434782608696
2004-07-15,0.0016533427496004255,-0.16844207723035953
2004-07-16,0.0008020131466910593,-0.15265017667844527
2004-07-19,0.002987415399411943,-0.15477031802120145
2004-07-20,0.004139820798177476,-0.1731034482758621
2004-07-21,0.004739008425678044,-0.16607773851590102
2004-07-22,0.005093262897595223,-0.07300380228136882
2004-07-23,0.0058890839774125335,-0.09372666168782673
2004-07-26,0.011248167529766132,-0.08146487294469362
2004-07-27,0.01343342978724818,-0.05259203606311047
2004-07-28,0.015422671544460687,0.01594896331738438
2004-07-29,0.01690907419433091,0.10088070456365084
2004-07-30,0.017801421328572806,0.08757297748123438
2004-08-02,-0.024020965459724868,-0.0376254180602007
2004-08-03,-0.026588655412675646,-0.012927439532944174
2004-08-04,-0.02774094809208734,0.01737288135593218
2004-08-05,-0.02402033046143344,-0.01845775225594748
2004-08-06,-0.01979936423542064,-0.01977750309023485
2004-08-09,-0.014853086516066085,0.013832384052074875
2004-08-10,-0.010836672011906802,-0.016653449643140417
2004-08-11,-0.006379124164190704,-0.021585557299843017
2004-08-12,-0.003360488896275155,-0.10290909090909095
2004-08-13,-0.0009107670838193046,-0.07898773006134974
2004-08-16,0.006980973861773564,0.08166811468288437
2004-08-17,0.007316579823515546,0.059991550485847034
2004-08-18,0.0062352591055909465,0.06039150354019163
2004-08-19,0.0046490239809405115,0.04931048892603429
2004-08-20,0.004325059586125597,0.033627574611181155
2004-08-23,0.005739447491877184,-0.0561797752808989
2004-08-24,0.002178197767416699,-0.06209677419354842
2004-08-25,-0.0012418934336397335,-0.06738868832731648
2004-08-26,-0.005040806223242092,-0.08715038508309692
2004-08-27,-0.009171550614781268,-0.06577851790174849
2004-08-30,-0.012347081117744059,-0.10040160642570284
2004-08-31,-0.01169626420936413,-0.09685133519330413
2005-07-01,-0.049873825832855816,0.06495916852264294
2005-07-05,-0.031953316463906395,-0.041769041769041726
2005-07-06,-0.027278520094114366,-0.016876122082585265
2005-07-07,-0.028275596690087727,-0.03251445086705207
2005-07-08,-0.035610730658102656,-0.00925240562546259
2005-07-11,-0.04387771816320161,-0.02652616279069764
2005-07-12,-0.046242939868122404,-0.032211882605583386
2005-07-13,-0.04835032327088709,-0.0530569219957836
2005-07-14,-0.047164392188984175,-0.05359612724757956
2005-07-15,-0.03396528845153903,-0.06830790568654643
2005-07-18,-0.013655583932088523,-0.06169397002439869
2005-07-19,-0.006062860185770596,0.01025641025641022
2005-07-21,0.0049478749438026555,0.002613890963405474
2005-07-22,0.004444343450583106,-0.016062756817332824
2005-07-25,0.06569609684882773,-0.01381112355356473
2005-07-26,0.07810678485401934,-0.04881656804733725
2005-07-27,0.08743888325121987,-0.04489795918367345
2005-07-28,0.09639263013044568,-0.06320789185239317
2005-07-29,0.09411979781239653,-0.0427986602158541
2005-08-01,0.10023731490863547,-0.08952451708766718
2005-08-02,0.12251580442150349,-0.10551124002900658
2005-08-03,0.13615733759387058,-0.08208955223880599
2005-08-04,0.12717721412530655,-0.09162011173184359
2005-08-05,0.12771947202385878,-0.09301442672741078
2005-08-08,0.13922382302185196,-0.08062074186222556
2005-08-09,0.1534806859349982,-0.05015552099533438
2005-08-10,0.16176046624542018,-0.06371406371406374
2005-08-11,0.16804500156855892,-0.08424336973478941
2005-08-12,0.17450048196434362,-0.08087091757387244
2005-08-15,0.14336425501314626,-0.030599755201958345
2005-08-16,0.11892783240695767,-0.027563842723956178
2005-08-17,0.10638340633480427,-0.04593495934959346
2005-08-18,0.10176195141736032,-0.022960229602296045
2005-08-19,0.09750175448686015,-0.014650481372959434
2005-08-22,0.07160047205278779,-0.004116920543433489
2005-08-23,0.06417420609710686,-0.025787965616045794
2005-08-24,0.061239631458111364,-0.01991701244813282
2005-08-25,0.055267366381224425,-0.011073253833049357
2005-08-26,0.05218472310335488,-0.027072758037225086
2005-08-29,0.054467350705526316,-0.030303030303030276
2005-08-30,0.046714117133091065,-0.050437682367653225
2005-08-31,0.04139346221612818,-0.030677460587984706
2006-07-03,-0.02579589344284776,-0.020781379883624274
2006-07-05,-0.030798016217120243,-0.014718250630782137
2006-07-06,-0.030563573503025125,-0.0398520953163517
2006-07-07,-0.029000386760277837,-0.0415282392026578
2006-07-10,-0.03123293603407576,-0.03275290215588722
2006-07-11,-0.0342832867783701,-0.035831960461285006
2006-07-12,-0.04010413185922846,-0.03524046434494199
2006-07-13,-0.04588163304698703,-0.03933054393305435
2006-07-14,-0.05521946438255824,-0.04235880398671099
2006-07-17,-0.0777649740686717,-0.017796610169491522
2006-07-18,-0.07504699656676189,-0.02631578947368418
2006-07-19,-0.07357080781087438,-0.006828851899274402
2006-07-20,-0.07159103891805293,-0.014120667522464658
2006-07-21,-0.06865817520720931,0.0008665511265164572
2006-07-24,-0.045727617746915625,-0.03429061294470637
2006-07-25,-0.04729134054254817,-0.0474156343442973
2006-07-26,-0.04591862933982365,-0.033949290932531184
2006-07-27,-0.0507096077440003,-0.029616724738675937
2006-07-28,-0.050991695368329544,-0.044232437120555024
2006-07-31,-0.0746130193538044,-0.051337359792924975
2006-08-01,-0.0746290495843373,-0.02964254577157799
2006-08-02,-0.07880177577508224,-0.05070906746884396
2006-08-03,-0.07476374659228693,-0.04253472222222221
2006-08-04,-0.06662734902661767,-0.05281385281385287
2006-08-07,-0.03839034326398754,-0.026631158455392767
2006-08-08,-0.03500666937192269,-0.01479820627802686
2006-08-09,-0.03301716951841367,-0.017348754448398562
2006-08-10,-0.03468373311714586,-0.009874326750448859
2006-08-11,-0.03960903383943796,-0.014519056261342977
2006-08-14,-0.042847603131767234,-0.021828103683492528
2006-08-15,-0.04234422096448193,-0.035040431266846306
2006-08-16,-0.040640729144903576,-0.01856043458578538
2006-08-17,-0.04146776760831989,-0.016772438803263845
2006-08-18,-0.043447922839571995,-0.015539305301645379
2006-08-21,-0.03498799664528785,-0.0127678978568172
2006-08-22,-0.034387141680682014,-0.02776513427401006
2006-08-23,-0.031732426755751664,-0.02489814395654144
2006-08-24,-0.030715229409975897,-0.026291931097008114
2006-08-25,-0.029995617898063008,-0.02025782688766109
2006-08-28,-0.04180830743869003,-0.019525801952580246
2006-08-29,-0.046638439938080936,-0.013035381750465591
2006-08-30,-0.049402668163240224,-0.01845018450184499
2006-08-31,-0.049827176723657,0.013831258644536604
2007-07-02,-0.051582242049579806,-0.036127167630057855
2007-07-03,-0.04800291394264651,0.0008818342151675207
2007-07-05,-0.046752295098938065,0.0017554125219425565
2007-07-06,-0.04659365314986409,-0.016767851980341142
2007-07-09,-0.042655275051138836,-0.06178160919540232
2007-07-10,-0.04310614808086449,-0.07733408323959501
2007-07-11,-0.04071954252930464,-0.08529741863075191
2007-07-12,-0.03693495232235883,-0.09725274725274724
2007-07-13,-0.034478948189614195,-0.10679079956188386
2007-07-16,-0.03231830074629492,-0.056208775451677684
2007-07-17,-0.037627018265070304,0.00029985007496247107
2007-07-18,-0.03792247662548838,-0.02995594713656391
2007-07-19,-0.04190233867393107,-0.029205607476635476
2007-07-20,-0.044050780662693946,-0.013231402528668057
2007-07-23,-0.053033630735828556,0.011944869831546745
2007-07-24,-0.051706668297072086,0.022249314233465434
2007-07-25,-0.05510853295198004,0.04907975460122693
2007-07-26,-0.05692064342526012,0.04443091905051744
2007-07-27,-0.05632439540869975,0.04230533415082771
2007-07-30,-0.059693211876684096,0.046490428441203324
2007-07-31,-0.06161845549337718,0.01918465227817756
2007-08-01,-0.03880625637622074,0.016046018770814463
2007-08-02,-0.03871701931405993,-0.038206979542719566
2007-08-03,-0.040865944673297856,-0.03277711561382601
2007-08-06,-0.03259855207707445,-0.017251815980629526
2007-08-07,-0.03328756554762857,-0.027131782945736482
2007-08-08,-0.026532462795614217,-0.02777777777777779
2007-08-09,-0.024437731036879903,-0.018648018648018683
2007-08-10,-0.026857275395384222,-0.0011764705882353343
2007-08-13,-0.031185623923485634,-0.005226480836236891
2007-08-14,-0.029462040813281177,0.006176470588235228
2007-08-15,-0.03413530098686624,0.023241954707985624
2007-08-16,-0.03132112492388207,0.08914607444479206
2007-08-17,-0.028479753938146477,0.06962415280345047
2007-08-20,-0.020662999422733322,0.09947643979057585
2007-08-21,-0.015893040520696823,0.08979466748391052
2007-08-22,-0.012217216672205745,0.05624060150375931
2007-08-23,-0.011840588472136718,0.05819477434679343
2007-08-24,-0.008502898384388884,0.06419316843345113
2007-08-27,-0.014762674936073927,0.05662580268534745
2007-08-28,-0.02051195680998388,0.08155510084770534
2007-08-29,-0.023454021155409763,0.08095515433896328
2007-08-30,-0.02420606034760415,0.0809879379666858
2007-08-31,-0.024475715342737986,0.11578341013824889
2008-07-01,0.05444628743959699,-0.03378378378378377
2008-07-02,0.053090211021106885,-0.0758013063952605
2008-07-03,0.0520599972000339,-0.11338962605548852
2008-07-07,0.04480017522961786,-0.11296412838263059
2008-07-08,0.04875429383117302,-0.09240871236386927
2008-07-09,0.04667100212202629,-0.1164448669201521
2008-07-10,0.0451614398483252,-0.13948431189810495
2008-07-11,0.04777235315410413,-0.14213431462741488
2008-07-14,0.042482873300435764,-0.1221003134796238
2008-07-15,0.03895046503121058,-0.10230220492866404
2008-07-16,0.040402415820821075,-0.11379529561347745
2008-07-17,0.042906598132084924,-0.08234714003944776
2008-07-18,0.0372597063202973,-0.07636054421768712
2008-07-21,0.045816268798095215,-0.08691025186236256
2008-07-22,0.046631207049643436,-0.10887594847361914
2008-07-23,0.048113514402810476,-0.12461897077281692
2008-07-24,0.05138670725451775,-0.10252707581227438
2008-07-25,0.054707526097998393,-0.14280607685433422
2008-07-28,0.04570395348233166,-0.13229780396357793
2008-07-29,0.04721429295854202,-0.11865631208235505
2008-07-30,0.04689360242168006,-0.08895265423242471
2008-07-31,0.04492896434301749,-0.10764821780404799
2008-08-01,0.016637249179513862,-0.10771496961885474
2008-08-04,0.014623703163703821,-0.006216006216006265
2008-08-05,0.012261895897678296,0.0035643564356435675
2008-08-06,0.01200997697169725,0.06001638672675136
2008-08-07,0.009620187166448493,0.07884151246983095
2008-08-08,0.008580672136665957,0.10175145954962472
2008-08-11,0.008840025130459632,0.10226337448559675
2008-08-12,0.008858254214248918,0.09631147540983598
2008-08-13,0.00794402037834879,0.06141732283464574
2008-08-14,0.008622736180522624,0.06985146527498998
2008-08-15,0.008454649361772594,0.09946347503095332
2008-08-18,0.0013057576520284983,0.017591868647380826
2008-08-19,-0.0014417960503410807,-0.012628255722178405
2008-08-20,-0.0038791361798102587,-0.046183574879227085
2008-08-21,-0.006092621123463177,-0.12005965697240861
2008-08-22,-0.007620820309243791,-0.09576078728236181
2008-08-25,-0.0060805193699905065,-0.09725592682471529
2008-08-26,-0.005390739521582685,-0.11663551401869154
2008-08-27,-0.002596690156293319,-0.09792284866468848
2008-08-28,-0.000536487128030531,0.11819887429643527
2008-08-29,-0.0002509400227406911,-0.11486486486486491
2009-07-01,-0.0065274395792627345,-0.22447357965832337
2009-07-06,0.0005350925131855505,-0.13916666666666666
2009-07-07,0.00032902618271339265,-0.10498456109395682
2009-07-08,-0.0011468174755017886,-0.06042435424354242
2009-07-09,-0.000739020364402352,-0.07834308869878437
2009-07-10,-0.00012720394216991955,-0.09505871925548415
2009-07-13,-0.0002111333631280351,-0.0643609711406321
2009-07-14,-0.00026810471630529277,-0.018156424581005637
2009-07-15,-0.0004098582111872126,0.036256736893679475
2009-07-16,-0.001633885106084516,0.1559938524590163
2009-07-17,-0.0011594392503568914,0.12332838038632987
2009-07-20,0.001229446322319491,0.13601161665053252
2009-07-21,0.0010275307182884014,0.14834894036471158
2009-07-22,0.0023483137160102696,0.15365733922434943
2009-07-23,0.002045175345502269,0.14362481680508066
2009-07-24,0.001637481611352425,0.1601371204701274
2009-07-27,-0.008116516159487622,0.1461444308445532
2009-07-28,-0.009426905784389886,0.15362731152204834
2009-07-29,-0.010813292577527299,0.14988179669030743
2009-07-30,-0.010651067524992529,0.05229337469532469
2009-07-31,-0.011322457732659334,-0.029982363315696703
2009-08-03,-0.02060496307165881,-0.15807413719642094
2009-08-04,-0.02069114422162306,-0.1454935622317597
2009-08-05,-0.023899043165810815,-0.15148936170212768
2009-08-06,-0.024586103648141126,-0.14630499786416062
2009-08-07,-0.022631658631367933,-0.13634444913465593
2009-08-10,-0.023142350293348452,-0.07731738573259295
2009-08-11,-0.024512612871950726,-0.10316481709823266
2009-08-12,-0.02431570170546826,-0.10320723684210531
2009-08-13,-0.025764737319656086,-0.06148662876395028
2009-08-14,-0.03377689150190667,0.03249999999999997
2009-08-17,-0.030476094024468135,0.11336032388663964
2009-08-18,-0.030492253847618337,0.01858362631843291
2009-08-19,-0.025800933614835143,0.012286860581745218
2009-08-20,-0.018512963168305398,-0.017262947210407775
2009-08-21,-0.010557029068996464,-0.06060606060606055
2009-08-24,-0.008936022045047624,-0.10277777777777775
2009-08-25,-0.004522486371225281,-0.118698441796517
2009-08-26,-0.008041244944497122,-0.1072902338376891
2009-08-27,-0.008612886535432383,-0.1164460399371775
2009-08-28,-0.007779074489022181,-0.185560202509355
2009-08-31,0.0002493054519474812,-0.12727272727272732
2010-07-01,-0.013434586719770665,0.06921866806502353
2010-07-02,-0.012661886111482057,0.0470007790184368
2010-07-06,-0.025906390763084257,0.049261083743842304
2010-07-07,-0.025508238614369936,0.022406847935548813
2010-07-08,-0.029175204468648748,0.0034567901234567877
2010-07-09,-0.033163632913547264,-0.008288639687957122
2010-07-12,-0.03578485128432108,-0.032469105888054295
2010-07-13,-0.038256777837699575,-0.03153808830664728
2010-07-14,-0.04564414959380976,-0.024613899613899592
2010-07-15,-0.04682364924422236,0.007605495583905775
2010-07-16,-0.04812572982259338,0.03236880823933297
2010-07-19,-0.04740058400876381,0.04489087301587302
2010-07-20,-0.04816949486586051,0.041265134667655134
2010-07-21,-0.048203637105262286,0.03718295986210296
2010-07-22,-0.04949223955419932,0.038385826771653475
2010-07-23,-0.04834208622439002,0.041297935103244754
2010-07-26,-0.0532053226367021,0.050338091660405704
2010-07-27,-0.055637749988013394,0.038326653306613334
2010-07-28,-0.05330209699354302,0.03364670954972793
2010-07-29,-0.05685918252857686,0.029461894326759275
2010-07-30,-0.05691713949976092,-0.00047505938242276
2010-08-02,-0.040529493828185825,-0.018276762402088753
2010-08-03,-0.040800443512886385,-0.007831039392501182
2010-08-04,-0.03887749646140043,-0.016856600189933513
2010-08-05,-0.03989785255859837,-0.03625592417061607
2010-08-06,-0.04053124062418402,-0.046978281397544897
2010-08-09,-0.038041529452875665,-0.03958035288507389
2010-08-10,-0.03476217515939649,-0.03546441495778041
2010-08-11,-0.03378638643410869,-0.0426041168022977
2010-08-12,-0.03377320502376342,-0.04162724692526021
2010-08-13,-0.03518354902324897,-0.028517110266159662
2010-08-16,-0.033713432358675556,-0.015473887814313358
2010-08-17,-0.03571063232514784,-0.035637407318823255
2010-08-18,-0.044493827796685224,-0.02970297029702973
2010-08-19,-0.04808109632078485,-0.009097614949594268
2010-08-20,-0.04928867509850647,0.020312112955164663
2010-08-23,-0.059091373813426634,0.036494538232373364
2010-08-24,-0.054780411123830565,0.04177088544272145
2010-08-25,-0.049336303336685386,0.03774999999999995
2010-08-26,-0.04328664031925421,0.01036525172754188
2010-08-27,-0.04505644867838081,0.003180039138943158
2010-08-30,-0.043584635175344104,0.006876227897838927
2010-08-31,-0.04486892725032074,0.034226190476190466
2011-07-01,-0.0019052391125911957,0.04783512951408575
2011-07-05,-0.01741216862385613,0.035278663914430464
2011-07-06,-0.021593454894183052,0.03549962434259957
2011-07-07,-0.023857348765745977,0.025826830174656257
2011-07-08,-0.028969145790454773,0.020894970414201186
2011-07-11,-0.032724519388199876,0.009611829944547123
2011-07-12,-0.032767306388313724,0.01207464324917673
2011-07-13,-0.03292269422037469,-0.008111031002162927
2011-07-14,-0.03226678402488449,-0.01636102121539018
2011-07-15,-0.03012695606928191,-0.022731372902760283
2011-07-18,-0.02967081026513003,-0.01930710934680624
2011-07-19,-0.030714414331014496,-0.004531448250860937
2011-07-20,-0.03096671639959309,-0.010339198258661364
2011-07-21,-0.031508104977835204,-0.029704763629777253
2011-07-22,-0.03193716567394423,-0.0353196884622351
2011-07-25,-0.028548043411269357,-0.04119370194068106
2011-07-26,-0.027725630266196934,-0.06091829356471434
2011-07-27,-0.028347195005578037,-0.05451571869889149
2011-07-28,-0.028808816947824854,-0.024858343995613263
2011-07-29,-0.02962723526428122,-0.01273767768137346
2011-08-01,-0.02157944926906342,-0.011223551057957692
2011-08-02,-0.019845005950665875,-0.024034959941733436
2011-08-03,-0.018880641343468594,-0.005315249266862221
2011-08-04,-0.018672677569626286,0.00952025387343669
2011-08-05,-0.01781294553581383,0.021216672925272295
2011-08-08,-0.011493011974586452,0.05136528546877983
2011-08-09,-0.012376742813090274,0.06987487969201145
2011-08-10,-0.011462330886491442,0.06592350566980598
2011-08-11,-0.01069028040215923,0.039175257731958846
2011-08-12,-0.010983386809713348,0.058152580403889376
2011-08-15,-0.013720722121863479,0.07033866765909935
2011-08-16,-0.010964059112859515,0.08115671641791056
2011-08-17,-0.01078899338469237,0.06799336650082921
2011-08-18,-0.011665823965624976,0.05380917159763321
2011-08-19,-0.012769202019325378,0.05607648464791315
2011-08-22,-0.014460808881007488,0.026879767526334808
2011-08-23,-0.015467759495728418,0.015473191795609909
2011-08-24,-0.01629619152142756,0.014965741074648431
2011-08-25,-0.017505036268863367,0.02200577200577203
2011-08-26,-0.01945999718317922,-0.019261353596041753
2011-08-29,-0.021574713976168204,-0.03946453407510431
2011-08-30,-0.022211758881720382,-0.051596203623813675
2011-08-31,-0.023541635057470697,-0.06228433402346445
2012-07-02,-0.08697002890787008,0.06966878773046181
2012-07-03,-0.1085955187334488,0.07075846716489109
2012-07-05,-0.17494621912403757,0.06593913310790045
2012-07-06,-0.2076169803512141,0.08504398826979465
2012-07-09,-0.24156253039706463,0.02012012012012021
2012-07-10,-0.2519787540273404,0.00030326004548908436
2012-07-11,-0.26081109115429313,0.043900184842883494
2012-07-12,-0.277647400247591,0.018453021682300452
2012-07-13,-0.29521899912776417,0.02573081607795369
2012-07-16,-0.35016512562459384,0.05631216526396332
2012-07-17,-0.3621770799043691,0.05003050640634532
2012-07-18,-0.3631982534081192,-0.0007425007425007069
2012-07-19,-0.37736484755705546,-0.046575342465753455
2012-07-20,-0.3763401447900752,-0.05761024182076813
2012-07-23,-0.4484586448009814,-0.05357668531056814
2012-07-24,-0.4682919336449966,-0.026678793390935263
2012-07-25,-0.5021981522882828,-0.03792238453593033
2012-07-26,-0.510492211006825,0.02340329155971621
2012-07-27,-0.5108804035650693,0.014991836128840808
2012-07-30,-0.4922886692974181,-0.04027234535709112
2012-07-31,-0.48937261764126455,-0.02382335851249273
2012-08-01,0.023540140574042207,-0.013374944271065559
2012-08-02,0.022376718577897678,0.0019661222020568303
2012-08-03,0.02238125199978982,0.008905660377358515
2012-08-06,0.012575567990758383,0.05987558320373254
2012-08-07,0.011427996221051999,0.09235321600996738
2012-08-08,0.008574622246388271,0.07239263803680984
2012-08-09,0.007166676867615332,0.019327235172617252
2012-08-10,0.0034452750048973918,0.016379058204153196
2012-08-13,-0.00030252578640517936,0.04437735849056601
2012-08-14,-0.0018375908813859495,0.03125
2012-08-15,-0.0023089508120571,0.062358788974243184
2012-08-16,-0.004234415201245379,0.06883018867924529
2012-08-17,-0.009134982087696194,0.055954518252543384
2012-08-20,-0.014632829478594827,0.03947175348495957
2012-08-21,-0.01681169109870029,-0.0031365839749073476
2012-08-22,-0.01945509803852358,-0.0020022883295194305
2012-08-23,-0.018009020396241006,0.002605297438124099
2012-08-24,-0.013158552662568091,-0.01410071942446045
2012-08-27,-0.006605851251900343,-0.01922243098713683
2012-08-28,-0.004605636931098208,0.004761904761904745
2012-08-29,-0.0018754356620777042,-0.011200907415284234
2012-08-30,3.783873697919653e-05,-0.019065103798898475
2012-08-31,0.0022831728094063622,-0.054122981014451677
2013-07-01,-0.0032168790908627225,-0.060649474689589256
2013-07-02,-0.0026476868270262095,-0.06071201525746983
2013-07-03,0.0009758246788859372,-0.07215029996842437
2013-07-05,0.0006821254044971619,-0.061240554156171245
2013-07-08,0.006471155241253201,-0.05530526642846045
2013-07-09,0.007062665553215124,-0.0934449093444909
2013-07-10,0.0040507752657585674,-0.1251766923197738
2013-07-11,0.0035039567167797236,-0.15362997658079625
2013-07-12,0.002768120774387166,-0.13657444426675192
2013-07-15,0.0027682532225248883,-0.05932932072227004
2013-07-16,0.002676338067061832,-0.08490086426029486
2013-07-17,0.00452468152064105,-0.07005076142131983
2013-07-18,0.005855100944429566,-0.07588905904372978
2013-07-19,0.006554426091171585,-0.10716082508804292
2013-07-22,0.0010205027248872955,-0.1253083374444992
2013-07-23,0.0015446377493167412,-0.09452991452991455
2013-07-24,0.00029248770157756093,-0.04649910233393173
2013-07-25,-0.003260811675849958,0.00036893562073414543
2013-07-26,-0.005585370835203725,-0.006667901463233927
2013-07-29,-0.0007267090350430222,0.004570383912248621
2013-07-30,-0.004509237940312157,0.007222222222222241
2013-07-31,-0.0063097701027525765,-0.004366812227074246
2013-08-01,-0.013594431518496944,-0.05118762658810527
2013-08-02,-0.01430633041725123,-0.035875281743050325
2013-08-05,-0.015438264753091888,-0.005828163188569269
2013-08-06,-0.013805144197070466,-0.011327166320558857
2013-08-07,-0.013955373703088327,0.003954057616268214
2013-08-08,-0.015143017301641415,-0.02489397012723582
2013-08-09,-0.013545191576515327,0.018273354465784042
2013-08-12,-0.016625958901895294,0.03930846223839857
2013-08-13,-0.014751795695469885,0.039897039897039965
2013-08-14,-0.012367217037020043,0.047514619883040954
2013-08-15,-0.011310311015825886,0.11003299049097603
2013-08-16,-0.010622746689682893,0.10968244691213713
2013-08-19,-0.004549040496424091,0.08585476550680782
2013-08-20,-0.0034677228124757016,0.06759595188084777
2013-08-21,-0.0032633196984863796,0.06751687921980487
2013-08-22,-0.0032904245941847788,0.08698940998487137
2013-08-23,-0.0035231436325918472,0.028566196667277
2013-08-26,-0.0032508631640617664,-0.016809665557695697
2013-08-27,-0.0022703455659826106,-0.006188118811881194
2013-08-28,9.716658207191593e-05,0.006280530355896818
2013-08-29,6.685243789636159e-05,0.04108391608391604
2013-08-30,-0.0001320413227800547,-0.0531952247191011
2014-07-01,-0.025029633904103135,-0.15196428571428566
2014-07-02,-0.02479780670133879,-0.15637342908438057
2014-07-03,-0.023399817225248854,-0.15204467663484056
2014-07-07,-0.022263105084853827,-0.13738077769625823
2014-07-08,-0.022026034926957715,-0.10960706899793193
2014-07-09,-0.022261972697192427,-0.10003746721618578
2014-07-10,-0.02242338222148644,-0.09193457416807671
2014-07-11,-0.02379713939876502,-0.06444144317962575
2014-07-14,-0.024452020262874772,-0.04517374517374517
2014-07-15,-0.022928386138007864,0.03896653960186369
2014-07-16,-0.023111675435241015,0.02800589597810066
2014-07-17,-0.02349227558906832,0.042349436050223455
2014-07-18,-0.021725733024547812,0.03250478011472269
2014-07-21,-0.016886281066813964,0.048267063576440616
2014-07-22,-0.017235445383259752,0.03272804054054057
2014-07-23,-0.017713581939646693,0.029975020815986575
2014-07-24,-0.01824477069926759,0.035196687370600444
2014-07-25,-0.019702948886449714,0.059806145597030236
2014-07-28,-0.020348369748449235,0.06328346138293561
2014-07-29,-0.020045549511475823,0.05177333876885437
2014-07-30,-0.018895924657466253,0.036050798852929056
2014-07-31,-0.018807918997361353,0.0
2014-08-01,-0.023122598231934632,-0.09259259259259256
2014-08-04,-0.023873393199889292,-0.09492900608519272
2014-08-05,-0.024536371966390757,-0.08382743815170723
2014-08-06,-0.02726221165525777,-0.09478577202910266
2014-08-07,-0.029904632766016008,-0.09099999999999997
2014-08-08,-0.0312455875412744,-0.09243043393656358
2014-08-11,-0.03680585522147777,-0.1437535653166001
2014-08-12,-0.03627330320430528,-0.1662790697674419
2014-08-13,-0.03339952570335103,-0.14136022143139582
2014-08-14,-0.03122271465295702,-0.12311147407104939
2014-08-15,-0.029920389682007772,-0.011791383219954654
2014-08-18,-0.026738618982161087,-0.016360376512774555
2014-08-19,-0.027273567887545456,-0.03525998661013163
2014-08-20,-0.02936191796324918,-0.049564634963161436
2014-08-21,-0.031229642706368556,-0.04466446644664468
2014-08-22,-0.03369677269889024,-0.06453687821612353
2014-08-25,-0.038694996899006046,-0.04374861203642011
2014-08-26,-0.04003684326800629,-0.004184100418409997
2014-08-27,-0.041285546087739974,-0.02233479161869678
2014-08-28,-0.04285773877231664,0.016065192083818403
2014-08-29,-0.04387826226821132,-0.09178522257916477
2015-07-01,-0.06248902020192748,-0.023946360153256685
2015-07-02,-0.05468498300791239,-0.029179622099976044
2015-07-06,-0.04600853736410507,-0.025151148730350625
2015-07-07,-0.03901135109938982,0.016716566866267435
2015-07-08,-0.03477185031609333,0.014409937888198776
2015-07-09,-0.0361009343450756,-0.02674054444712115
2015-07-10,-0.038610131950797384,-0.05007187350263531
2015-07-13,-0.05069399410806909,-0.08036354939009804
2015-07-14,-0.053190937661868366,-0.061838306063522586
2015-07-15,-0.055686485153716575,-0.0409756097560976
2015-07-16,-0.06281581975095299,-0.028213935230618215
2015-07-17,-0.0689182320688441,-0.0335057896033506
2015-07-20,-0.06646301098075623,-0.030017365418010367
2015-07-21,-0.0655777497819213,-0.04196319018404904
2015-07-22,-0.06563245483039379,-0.028410482488366418
2015-07-23,-0.06474961434969773,-0.02425742574257428
2015-07-24,-0.06574802539601372,0.01790668348045399
2015-07-27,-0.07081401208648319,0.08686605981794537
2015-07-28,-0.07716106520668635,0.040266735060271897
2015-07-29,-0.07817508745170335,-0.03255340793489314
2015-07-30,-0.07704316159961935,0.002777076495834363
2015-07-31,-0.07481315586526344,-0.002294162630639862
2015-08-03,-0.056122111925233045,-0.05166240409207157
2015-08-04,-0.05218095140942472,-0.06429303278688525
2015-08-05,-0.0536218926300812,-0.08898411898159819
2015-08-06,-0.057976674555894406,-0.06494165398274987
2015-08-07,-0.058423282281773486,-0.10282457879088203
2015-08-10,-0.06623591558850499,-0.14548935151950226
2015-08-11,-0.06655873842837587,-0.11809664694280075
2015-08-12,-0.06457489872358863,-0.07702418506834907
2015-08-13,-0.06156017294642524,-0.10750251762336349
2015-08-14,-0.0625642805611069,-0.08712314767501272
2015-08-17,-0.0646552158215734,-0.03182308522114352
2015-08-18,-0.06671394779133442,-0.031207226936764254
2015-08-19,-0.06607129145936584,-0.021859435528500226
2015-08-20,-0.05906351626213807,-0.04530656538252853
2015-08-21,-0.05368883579942697,-0.03093068213200778
2015-08-24,-0.030651830022290584,-0.0022402688322599174
2015-08-25,-0.023200412251026262,-0.012859938495946355
2015-08-26,-0.017110911010593456,0.007690116775847411
2015-08-27,-0.015523202059723955,0.001692524682651575
2015-08-28,-0.015822581236504964,-0.011754827875734675
2015-08-31,-0.023691004892682076,-0.009470752089136503
2016-07-01,-0.037250159345061866,-0.07743315508021387
2016-07-05,-0.036479586420052626,-0.06535362578334825
2016-07-06,-0.03762127266048347,-0.0716384180790961
2016-07-07,-0.039380193833799676,-0.020630780175480146
2016-07-08,-0.04148069184129308,-0.07639366827253957
2016-07-11,-0.04213008508245758,-0.09143384899561302
2016-07-12,-0.04239928209366694,-0.10273199367803121
2016-07-13,-0.04258243735219731,-0.10416666666666663
2016-07-14,-0.04255905862506167,-0.09716599190283404
2016-07-15,-0.04044206584320911,-0.037296037296037254
2016-07-18,-0.03935918427133843,-0.07628101089728723
2016-07-19,-0.03774903192793865,-0.05627394636015326
2016-07-20,-0.03782989306800751,-0.03554040895813049
2016-07-21,-0.03822473808022795,-0.04067796610169494
2016-07-22,-0.04013437448291289,-0.002732240437158473
2016-07-25,-0.04148281106782151,0.03557814485387545
2016-07-26,-0.04243736341560365,0.028686462003019608
2016-07-27,-0.04369853682339077,0.00643245917862445
2016-07-28,-0.045470241365358224,0.0186846038863977
2016-07-29,-0.04757333525167722,-0.028329297820823274
2016-08-01,-0.05396287725323177,0.027861445783132543
2016-08-02,-0.059481458869982594,0.03476275057092115
2016-08-03,-0.06129524014307148,0.040383644623927406
2016-08-04,-0.0637745736017154,0.04215042907622424
2016-08-05,-0.06667240187726503,0.023163138231631297
2016-08-08,-0.06161320780523074,0.016196319018404903
2016-08-09,-0.061570370207524115,0.011986301369863117
2016-08-10,-0.06568764356621604,0.013520157325467075
2016-08-11,-0.06673654553912459,-0.023477622890682337
2016-08-12,-0.06896488132578371,-0.01245950660353845
2016-08-15,-0.07173474296029494,-0.03956043956043953
2016-08-16,-0.0729649846684555,-0.0529671407552722
2016-08-17,-0.06887649444238853,-0.06841339155749637
2016-08-18,-0.06726033935772169,-0.07096149188665535
2016-08-19,-0.06528172860429424,-0.05696202531645567
2016-08-22,-0.042416435873540326,-0.05892296546727849
2016-08-23,-0.03855290874842074,-0.04109257916364517
2016-08-24,-0.040628592652990056,-0.03759398496240607
2016-08-25,-0.0373456946067924,-0.0010017530678687603
2016-08-26,-0.03378748824227775,-0.006308352258390104
2016-08-29,-0.05160701899303116,-0.015255530129671957
2016-08-30,-0.055388655805740546,0.006732263076126399
2016-08-31,-0.05265427638766394,-0.009895833333333326
2017-07-03,-0.028436920814989768,0.02565431458927181
2017-07-05,-0.02815749668465304,0.02407170294494243
2017-07-06,-0.025149875620654107,0.03313790466479727
2017-07-07,-0.021388253304386852,0.013052208835341306
2017-07-10,-0.025466299583972014,-0.022298456260720356
2017-07-11,-0.025766434919465363,-0.04267251889782975
2017-07-12,-0.028777613520318934,-0.027538726333907082
2017-07-13,-0.03134836183720879,0.022879177377892024
2017-07-14,-0.03082397361017542,0.01573204770362846
2017-07-17,-0.032804948359446105,0.009644670050761528
2017-07-18,-0.032849087978545216,-0.030318342597271397
2017-07-19,-0.032726534817951486,-0.0332583145786447
2017-07-20,-0.03412303619037657,-0.06192943498642978
2017-07-21,-0.038503902821447014,-0.05921704658077309
2017-07-24,-0.038852707883426346,-0.037844611528822014
2017-07-25,-0.03855865043400786,-0.01884870096790625
2017-07-26,-0.039346148769943246,-0.02604298356510748
2017-07-27,-0.03832090559405419,-0.06433777330987689
2017-07-28,-0.03373304193503176,-0.06520109917561834
2017-07-31,-0.032702896998857936,-0.06938159879336347
2017-08-01,-0.006747799981371474,-0.039343408025013016
2017-08-02,-0.010961629857413415,-0.04630108639420594
2017-08-03,-0.01698031791111724,-0.02130457653866391
2017-08-04,-0.02197347203148749,-0.012378193310508268
2017-08-07,-0.0230858339079923,-0.028392810627767662
2017-08-08,-0.02323793283837092,-0.030373831775700966
2017-08-09,-0.02004569605196573,-0.029075804776739322
2017-08-10,-0.01891450279538766,0.011281224818694646
2017-08-11,-0.018612306121580487,0.0037413148049172396
2017-08-14,-0.01399530860249895,0.010534846029173428
2017-08-15,-0.015263696556911049,0.009764035801464566
2017-08-16,-0.01817959303263142,0.0013561160835366959
2017-08-17,-0.016595164966963918,0.006449879064767572
2017-08-18,-0.016234837234642484,0.0047999999999999154
2017-08-21,-0.015733606822350057,0.03002680965147464
2017-08-22,-0.014856088741244736,0.032931726907630576
2017-08-23,-0.012711014139225423,0.030213903743315562
2017-08-24,-0.012410285674417895,0.016201859229747706
2017-08-25,-0.012671888958129292,0.016773162939297093
2017-08-28,-0.0163110352524619,0.009623095429029727
2017-08-29,-0.013550018461014704,0.023905452591995724
2017-08-30,-0.014507811620715258,0.04794149512459378
2017-08-31,-0.015011831187072867,0.03471295060080104
2018-07-02,-0.03211144539465851,-0.010606953447259926
2018-07-03,-0.0321287325970127,-0.0020734597156397694
2018-07-05,-0.034220855176154745,0.012567324955116588
2018-07-06,-0.03469858951853175,-0.027745995423340997
2018-07-09,-0.03151056301558549,-0.004696213677722327
2018-07-10,-0.03244747888198197,0.006746846582575516
2018-07-11,-0.032903506767584564,0.037360650798433204
2018-07-12,-0.03236841060101092,0.03765060240963858
2018-07-13,-0.03238214465155542,0.0694103194103195
2018-07-16,-0.03181607003794591,0.05485232067510548
2018-07-17,-0.02992084915737815,0.07653365098272791
2018-07-18,-0.028028439315905755,0.05283466904125844
2018-07-19,-0.027159318649801666,0.04314420803782504
2018-07-20,-0.02707150314690109,0.04295380994410114
2018-07-23,-0.026808059366163126,0.03479799469183131
2018-07-24,-0.025819760073768003,0.03642191142191131
2018-07-25,-0.02568609369802413,0.03833865814696491
2018-07-26,-0.024568429086464918,0.03076923076923066
2018-07-27,-0.021110149363977832,-0.028144744399770216
2018-07-30,-0.01624156055925524,-0.024571428571428577
2018-07-31,-0.01707123622250297,-0.04343015214384505
2018-08-01,-0.011975003855592591,-0.032985621652100394
2018-08-02,-0.011353228491116411,0.0033994334277620553
2018-08-03,-0.012847119687788067,-0.005359661495063506
2018-08-06,-0.016958495696952496,0.005129666571672908
2018-08-07,-0.017076127424257077,-0.016587011526567386
2018-08-08,-0.017289465830733423,-0.039720279720279694
2018-08-09,-0.017694122602270868,-0.05153477893551117
2018-08-10,-0.018806157616390432,-0.004728132387706863
2018-08-13,-0.020172823017128715,-0.02196836555360282
2018-08-14,-0.0200490603858782,-0.05089647194910352
2018-08-15,-0.020436453053659678,-0.0399416909620991
2018-08-16,-0.021269158086036983,-0.07453416149068326
2018-08-17,-0.02118047482152329,-0.05501985252410668
2018-08-20,-0.021476856605912552,-0.05642188829033168
2018-08-21,-0.0208130079843041,-0.05603201829616922
2018-08-22,-0.01896726240489432,-0.03670259248470731
2018-08-23,-0.017129047241916887,-0.01187648456057011
2018-08-24,-0.01667894588138993,-0.010095011876484539
2018-08-27,-0.016633468004539277,-0.01737047020065885
2018-08-28,-0.01680709288318166,0.010359536867763586
2018-08-29,-0.01650134454149456,-0.000607348921955686
2018-08-30,-0.015302347208080071,0.0024405125076265577
2018-08-31,-0.015572877223391832,-0.01140456182472993
2019-07-01,-0.008453742042145976,0.0025409373235460997
2019-07-02,-0.007638506032403085,0.007132667617689048
2019-07-03,-0.006573746018782233,-0.0045184975995481436
2019-07-05,-0.007989464143531917,0.03353396388650043
2019-07-08,-0.006071090290635995,0.014852899171665213
2019-07-09,-0.004687954103309774,0.003398470688190214
2019-07-10,-0.0021926622870393183,-0.002239641657334812
2019-07-11,0.0019760262282143763,-0.015341701534170138
2019-07-12,0.006155910995380936,-0.02591673559415497
2019-07-15,0.007457018107482177,-0.017743276961463827
2019-07-16,0.006708647582224768,-0.010137989298789063
2019-07-17,0.006203930650119387,-0.020963172804532526
2019-07-18,0.005142074472632804,-0.038865248226950366
2019-07-19,0.0037244936031354194,-0.0568496949528563
2019-07-22,-0.0011023834420056371,-0.04278074866310155
2019-07-23,0.0002933392825305954,-0.04290149590742309
2019-07-24,3.0423799334173846e-05,-0.047418630751964064
2019-07-25,-0.0006619470014344918,-0.019830028328611915
2019-07-26,-0.0014407088055568423,-0.010755731672799307
2019-07-29,0.002491137467068943,-0.02737792830934238
2019-07-30,0.0025070565454467105,-0.007681365576102439
2019-07-31,0.0022376340951923332,-0.00347222222222221
2019-08-01,0.009181829983921934,0.01298701298701288
2019-08-02,0.009291323240391511,0.019994119376653963
2019-08-05,0.008574901955627908,0.004410467509555982
2019-08-06,0.00766833176787096,0.009436744323208401
2019-08-07,0.00753961884923385,0.013843888070692145
2019-08-08,0.006871030846431656,-0.010404624277456698
2019-08-09,0.007302629557355037,-0.03490701001430618
2019-08-12,0.00667264329551546,-0.008995937318630243
2019-08-13,0.0064375004016675435,-0.02952981651376152
2019-08-14,0.0059678481559808875,-0.009581881533101022
2019-08-15,0.005061987412333758,-0.002039627039627012
2019-08-16,0.00432155252774365,-0.011818968002306085
2019-08-19,0.0015253229659714256,0.0029274004683841337
2019-08-20,-0.0008996462361838833,0.007887817703768674
2019-08-21,-0.002818651442364327,-0.012492736780941316
2019-08-22,-0.004655892093783295,-0.012850467289719614
2019-08-23,-0.0065535659435485925,0.002075303883783075
2019-08-26,-0.007092499184232659,0.0064421669106882185
2019-08-27,-0.005754301719989412,0.009158050221565794
2019-08-28,-0.003053404426168049,0.035473468191146384
2019-08-29,0.00026980354152868853,0.033284671532846755
2019-08-30,0.003213994370071606,0.05017502917152861
2020-07-01,-0.0030814667757140726,-0.0002797202797202303
2020-07-02,-0.0013989278267318344,0.006162464985994376
2020-07-06,-0.000162010363929863,0.005008347245408995
2020-07-07,4.566747452337122e-05,0.0013962580284836434
2020-07-08,0.0004645610109864733,0.005029337803855727
2020-07-09,0.001332863173426171,0.008906206512663495
2020-07-10,0.0022768288126583476,0.014862591138530501
2020-07-13,0.0022353205338726907,0.03422703936109528
2020-07-14,0.0015220513168100218,0.01643525077925756
2020-07-15,0.0010129861151765467,0.005923836389280623
2020-07-16,0.0009611816537926218,-0.001958589815332923
2020-07-17,0.0010902743307289985,-0.000556792873051215
2020-07-20,0.004282950976326711,-0.006090808416389759
2020-07-21,0.004898722305616455,-0.01422197434467376
2020-07-22,0.004734200627185664,-0.019182652210175122
2020-07-23,0.004255115719702069,-0.02813793103448281
2020-07-24,0.003007506416473014,-0.038132080685272185
2020-07-27,-0.013390728976941694,-0.03309431880860447
2020-07-28,-0.013867934606883308,-0.0209088374686367
2020-07-29,-0.013689774815949471,-0.001121704991587258
2020-07-30,-0.013316320019649755,0.01738155312587608
2020-07-31,-0.012898174010674633,0.006685236768802172
2020-08-03,-0.014224501119837836,0.01671309192200554
2020-08-04,-0.015073456864678305,0.031966053748232026
2020-08-05,-0.01578955450856021,0.03458049886621306
2020-08-06,-0.014591919874796258,0.025262560317910854
2020-08-07,-0.01276091762644344,0.035047400172364185
2020-08-10,0.0042438884770672715,0.02652595550484893
2020-08-11,0.005791859701245649,0.040717539863325714
2020-08-12,0.007573878565486126,0.032565974171813616
2020-08-13,0.007382945260524215,0.0330669605952052
2020-08-14,0.007015088963187647,0.05201992252351961
2020-08-17,0.004743804420950235,0.042465753424657526
2020-08-18,0.00467495753308763,0.04714912280701755
2020-08-19,0.0039196070676289834,0.0547945205479452
2020-08-20,0.0028590406908180744,0.07281284606866012
2020-08-21,0.0018327608297301872,0.07632528448515119
2020-08-24,-0.04281692738028882,0.08141150319533197
2020-08-25,-0.08211635818465252,0.07222982216142282
2020-08-26,-0.10620512023060752,0.07123436650353443
2020-08-27,-0.12908349596358795,0.07281941851160312
2020-08-28,-0.15252627398050256,0.07233035244608099
2020-08-31,-0.13903338969321355,0.042312746386333755
2021-07-01,-0.030204271098432947,0.005529635389666554
2021-07-02,-0.027820692184417684,-0.016359566040984985
2021-07-06,-0.0070081573320610584,0.058478460128322585
2021-07-07,-0.005151033330411057,0.038045438153624156
2021-07-08,-0.0030064075181193417,0.01870167236108622
2021-07-09,-0.0009635150785835475,-0.002136752136752129
2021-07-12,-0.00899373914837079,-0.013787085514834208
2021-07-13,-0.016497507340205338,-0.013734353268428423
2021-07-14,-0.017363467143644985,-0.024357009027422882
2021-07-15,-0.01666160155494708,-0.009153713298791
2021-07-16,-0.015959927369556655,-0.027496133356246788
2021-07-19,-0.00740823871710148,-0.006477591036414543
2021-07-20,-0.003936010375113111,-0.035503983373744386
2021-07-21,-0.0012653897309391048,-0.024839326037866982
2021-07-22,0.0023203764042126207,-0.009708737864077666
2021-07-23,0.015749345677833385,0.01516773733047816
2021-07-26,0.031895379514811584,0.014864625729959391
2021-07-27,0.04438247346959044,0.02062400846113177
2021-07-28,0.04696021938549204,-0.018505586592178824
2021-07-29,0.04620860100808507,-0.02283423392016737
2021-07-30,0.03726372878359571,0.0067149673087116835
2021-08-02,0.03876804082239165,-0.030132158590308378
2021-08-03,0.035309447514860176,-0.01669958699946128
2021-08-04,0.03204854172847396,-0.03224082650516569
2021-08-05,0.028398227704303298,-0.056684491978609586
2021-08-06,0.028793451693000547,-0.09034979785551067
2021-08-09,0.03038730024335221,-0.09747166521360073
2021-08-10,0.030193934945299806,-0.07633851468048358
2021-08-11,0.0284793544427446,-0.042333689078619674
2021-08-12,0.02672884838610967,-0.024259721726721417
2021-08-13,0.0248837198486561,-0.04563805511672814
2021-08-16,0.020639573253087656,-0.05178052325581395
2021-08-17,0.020157234401579186,-0.05131482834185541
2021-08-18,0.01975818820741305,-0.05926743972022819
2021-08-19,0.019619105506107664,-0.033068783068783025
2021-08-20,0.019307142311703815,-0.00830917874396131
2021-08-23,0.010434597498895776,-0.019513137557959803
2021-08-24,0.012167116023185202,-0.049551234106207875
2021-08-25,0.008180221089709587,-0.06482169390787518
2021-08-26,0.00041248912527055287,-0.06745886654478972
2021-08-27,-0.0012850886138227767,-0.06382196064005885
2021-08-30,-0.006864565170722452,-0.02165165740563324
2021-08-31,-0.006642267122196051,-0.003272377285851835
2022-07-01,-0.007048905288989675,-0.07918204182041821
2022-07-05,-0.009533775058468209,-0.062212347246468847
2022-07-06,-0.010531647353069393,-0.0830564784053156
2022-07-07,-0.01131912111220684,-0.1085624509033778
2022-07-08,-0.012275719064974195,-0.12007360834227876
2022-07-11,-0.014614861866795439,-0.10237659963436929
2022-07-12,-0.01390007720113883,-0.0376706953382514
2022-07-13,-0.013868912421323718,-0.005981426097906528
2022-07-14,-0.012625971847755631,-0.00046583850931680715
2022-07-15,-0.01150094331393515,0.11664392905866294
2022-07-18,-0.008686326875108246,0.06478543997328434
2022-07-19,-0.007840145338260366,0.06227788119817235
2022-07-20,-0.006329836397370954,0.07522429261559704
2022-07-21,-0.005535608943051494,0.1385266126189637
2022-07-22,-0.0040314649529489995,0.125653537818055
2022-07-25,-0.0017149333689889194,0.09945689069925323
2022-07-26,-0.0016529259144197304,0.10471374979611814
2022-07-27,-0.001742964538283709,0.06967537608867769
2022-07-28,-0.0023776075128380068,0.062296100668012944
2022-07-29,-0.0016386016507545318,0.01970067196090408
2022-08-01,-0.0023764312262364497,-0.06288223302493334
2022-08-02,-0.0013399945426590607,-0.0732834156444161
2022-08-03,-0.0012376057064515614,-0.05311296534017973
2022-08-04,4.6457122458661015e-05,-0.07399380804953559
2022-08-05,0.0009495044701542752,-0.07803065490013938
2022-08-10,0.0034327557905537926,-0.07579570688378978
2022-08-11,0.0036413093227442538,-0.09183971921614509
2022-08-12,0.0035473070968670495,-0.0383405721132245
2022-08-15,0.005576214464752386,0.02727576974564916
2022-08-16,0.007426742421193169,0.040398831012549374
2022-08-17,0.006256257749305109,0.02186070157600417
2022-08-18,0.005905659946901565,-0.015212303577398889
2022-08-19,0.005077205922829583,0.014609571788413156
2022-08-22,0.003693433884380885,-0.024230517354289494
2022-08-23,0.0034042750418526646,-0.0638263922131802
2022-08-24,0.0034197956762960268,-0.05782476373538359
2022-08-25,0.002734203922016237,-0.040740740740740744
2022-08-26,0.004141344282073231,-0.03457405388568757
2022-08-29,-0.0010343115212471596,-0.0003257859586252021
2022-08-30,-0.0028486572447850977,-0.006113681427627249
2022-08-31,-0.003717324462783566,-0.037147595356550545
2023-07-03,-0.010125722297474792,-0.04481434058898848
2023-07-05,-0.008406592411640924,-0.036031669090321516
2023-07-06,-0.0026249449223923783,-0.020154022611830302
2023-07-07,0.0022197520051752736,0.01043419723998662
2023-07-10,0.01700382675035309,0.010112732095490795
2023-07-11,0.01827578728030757,-0.003288391976323579
2023-07-12,0.018156499180085647,0.03879744709439037
2023-07-13,0.01384503306426327,0.00922266139657446
2023-07-14,0.012562069204967104,-0.006017048303526673
2023-07-17,0.005788539418715989,-0.025774932614555213
2023-07-18,0.008815137897401217,-0.03032841823056298
2023-07-19,0.011374212056787514,-0.04140127388535031
2023-07-20,0.013161689592178201,-0.044314381270903036
2023-07-21,0.017295617109428965,-0.03797468354430378
2023-07-24,0.018675344569508957,-0.0713934022648941
2023-07-25,0.01205792183556234,-0.05641702408446059
2023-07-26,0.00748373059120018,-0.0742118027485853
2023-07-27,-0.0002015846387364139,-0.07832898172323755
2023-07-28,-0.010873540088491025,-0.057507987220447254
2023-07-31,-0.0135775854321875,-0.03786961784540899
2023-08-01,-0.01139754496240531,-0.0853637463279765
2023-08-02,-0.012345482799793032,-0.06644518272425248
2023-08-03,-0.009545353542246872,-0.06439195100612427
2023-08-04,-0.004347922608627767,-0.056267313019390586
2023-08-07,-0.01236685518051055,-0.03145987981618947
2023-08-08,-0.01296622716145096,-0.05489510489510485
2023-08-09,-0.01519503381261381,-0.050296891372686
2023-08-10,-0.01709562977119156,-0.03275495750708213
2023-08-11,-0.020701553542190484,-0.01445138269402324
2023-08-14,-0.019148061017635987,0.003055355859094222
2023-08-15,-0.016921465125891728,0.04439826185528051
2023-08-16,-0.007317895524826616,0.03483798464131871
2023-08-17,-0.004160884942542999,0.01739293061529823
2023-08-18,0.005492360499997651,-0.004769767015226578
2023-08-21,0.012257685555503063,-0.01532846715328462
2023-08-22,0.009658822065506655,0.0064742878283388094
2023-08-25,-0.0007239900585452562,-0.020637219406227425
2023-08-28,0.0061762803550701436,-0.04551155706862564
2023-08-29,0.005140330486793994,-0.03328509406657021
2023-08-30,0.006527105457536793,-0.02714932126696834
2023-08-31,0.009273612868913466,-0.014522058823529416
2024-07-01,-0.023194022563339935,-0.05950840879689523
2024-07-02,-0.021229093732609994,-0.058154506437768205
2024-07-03,-0.02015646316017657,-0.06629834254143652
2024-07-05,-0.021470288675458415,-0.07677745056794283
2024-07-08,-0.024170638879580937,-0.04811581860762193
2024-07-09,-0.026438229268039345,-0.03788204907447268
2024-07-10,-0.028997365306862432,-0.026506024096385583
2024-07-11,-0.02676574878780812,-0.023408444541675788
2024-07-12,-0.025712961778496624,-0.050242397531952365
2024-07-15,-0.03815496377331934,-0.021567717996289426
2024-07-16,-0.039581160899919414,-0.05800091701054566
2024-07-17,-0.03586859196663757,-0.06265664160401008
2024-07-18,-0.03222656428026006,-0.06964041875284477
2024-07-19,-0.029418303810474517,-0.06197311460469357
2024-07-22,-0.021943072387910822,-0.06575710131961532
2024-07-23,-0.024464857652262542,-0.07964205816554815
2024-07-24,-0.029319559271293597,-0.08168316831683164
2024-07-25,-0.03288309371762588,-0.0952060931899642
2024-07-26,-0.033281332710556326,-0.04593967517401387
2024-07-29,-0.03845418095360829,-0.04053093150035558
2024-07-30,-0.03628059010681101,-0.03723533706497928
2024-07-31,-0.038418599018192764,-0.04739912493923193
2024-08-01,-0.0470315592176203,-0.0689823874755382
2024-08-02,-0.050725812461869996,-0.08792810298761233
2024-08-05,-0.041995483715151154,-0.08427100790040698
2024-08-06,-0.03924945211783543,-0.0692756441419543
2024-08-07,-0.03413932867001229,-0.056113697623131564
2024-08-08,-0.02697770699832047,-0.06783857390443182
2024-08-09,-0.021144626513821693,-0.07392996108949412
2024-08-12,-0.012088648365186798,-0.05163043478260865
2024-08-13,-0.009521478992268989,-0.021739130434782594
2024-08-14,-0.01168627529867622,-0.02168920643021177
2024-08-15,-0.018524508637547937,0.023384130320546426
2024-08-16,-0.023099428459247492,0.046071904127829466
2024-08-19,-0.02474084593126553,0.042614379084967347
2024-08-20,-0.0222612895511023,0.05092713502219892
2024-08-21,-0.01820787349988922,0.046988577362409245
2024-08-22,-0.010597105357096518,0.050996015936255024
2024-08-23,-0.008084753135154535,0.050420168067226934
2024-08-26,-0.013441277000500317,0.01849439958322474
2024-08-27,-0.020680450613983516,0.012661498708010255
2024-08-28,-0.022889452719968152,0.03442879499217533
2024-08-29,-0.026860682247671092,0.01335044929396667
2024-08-30,-0.029729102592922857,0.022912423625254474
2025-07-01,-0.02712625945852853,-0.010978287387167551
2025-07-02,-0.02713074929982133,-0.02760590195145174
2025-07-03,-0.027130946276901387,-0.026982248520710073
2025-07-07,-0.030131097142309497,-0.016234552944027092
2025-07-08,-0.030306978785128995,-0.013668537954600879
2025-07-09,-0.03038830178040429,-0.006421338602124016
2025-07-10,-0.030427804814535542,-0.008148148148148127
2025-07-11,-0.029980509011118654,-0.005229083665338696
2025-07-14,-0.029882858798583264,-0.008274824473420206
2025-07-15,-0.029703030469753047,-0.013316582914572828
2025-07-16,-0.028560784436757934,-0.04514060187469171
2025-07-17,-0.026507070442403885,-0.058492413117963826
2025-07-18,-0.02471560943552536,-0.06421795183653611
2025-07-21,-0.02433237189183361,-0.04532019704433499
2025-07-22,-0.024163109621781437,-0.04083147735708981
2025-07-23,-0.024906319109533403,-0.0439970171513796
2025-07-24,-0.02637217508412457,-0.032362459546925515
2025-07-25,-0.02762966897394974,-0.03204005006257826
2025-07-28,-0.030419443765801617,0.0007585335018962525
2025-07-29,-0.030762624790936888,0.030557677616501078
2025-07-30,-0.0317751842301839,0.05760785326788942
2025-07-31,-0.031439946988600954,0.04860930595269042
2025-08-01,-0.033136563190831546,0.06290616064465815
2025-08-04,-0.02343149430596784,0.05340557275541791
2025-08-05,-0.02265775225416352,0.04540763673890602
2025-08-06,-0.022857251397058416,0.05564222568902766
2025-08-07,-0.024596890109934523,0.06457422176485728
2025-08-08,-0.026845573889313107,0.07214895267649335
2025-08-11,-0.031381050986941834,0.03638201111672568
2025-08-12,-0.032353473133261514,0.016802569804793777
2025-08-13,-0.031246619554801423,0.003663898387884723
2025-08-14,-0.03090512642468702,0.019583539910758452
2025-08-15,-0.030951457273589576,0.014184397163120588
2025-08-18,-0.030294127336623698,0.004898359049718248
2025-08-19,-0.029826294203922167,0.0029615004935834577
2025-08-20,-0.03048392380880776,-0.002955665024630516
2025-08-21,-0.030935813550670654,-0.02706621556307398
2025-08-22,-0.031064695149721364,-0.022190062711046843
2025-08-25,-0.02033453436682863,-0.013651877133105783
2025-08-26,-0.01446006589358997,-0.022600243013365717
2025-08-27,-0.010320025072580037,-0.01168167437332679
2025-08-28,-0.006674717164924107,-0.0024313153415997935
2025-08-29,-0.005388936387628425,0.005787316132143783
2026-07-01,-0.021879568959669905,0.06104328523862379
2026-07-02,-0.023467694371663284,0.06428098078197486
2026-07-06,-0.030469435901392627,0.037005709452315516
2026-07-07,-0.030930827488194007,0.019009818257781586
2026-07-08,-0.03069075381299637,0.03179916317991638
2026-07-09,-0.03200337854682808,0.04895104895104896
2026-07-10,-0.031890057145749925,0.04304220643543677
2026-07-13,-0.0290627405682966,0.005407653910149746
2026-07-14,-0.028015686211294806,0.003934562021122412
2026-07-15,-0.02614602728298189,-0.020170513620295316
2026-07-16,-0.02499538879629808,-0.01485355648535569
2026-07-17,-0.024954472253504945,-0.026982150269821537
2026-07-20,-0.025541798306116466,-0.0466965742251223
2026-07-21,-0.02454306014712302,-0.052890528905289
2026-07-22,-0.021988827419188627,-0.0660989456609895
2026-07-23,-0.019325970732290504,-0.06484848484848482
2026-07-24,-0.017222625330962013,-0.07331730769230771
2026-07-27,-0.01317844516633005,-0.04199420769549023
2026-07-28,-0.013651779661151314,-0.053217821782178265
2026-07-29,-0.015409262978664628,-0.01124787775891345
2026-07-30,-0.016881989059222963,-0.007644935230409877
2026-07-31,-0.02016330235630119,0.0014931740614334554
2026-08-03,-0.014720202714005455,0.02759358288770053
2026-08-04,-0.012893322838210793,0.03961038961038965
2026-08-05,-0.011533088253671797,0.06144159791576209
2026-08-06,-0.010979784430936815,0.054871462518902625
2026-08-07,-0.01095690129085433,0.05923043666234329
2026-08-10,-0.011764855186536902,0.0503131073202332
2026-08-11,-0.012863124869599422,0.07015250544662299
2026-08-12,-0.014737612604869827,0.07684052371753602
2026-08-13,-0.016242750664805107,0.07554033811256144
2026-08-14,-0.015815673952845312,0.08732694355697546
2026-08-17,-0.015711673341402194,0.06182348043297248
2026-08-18,-0.014944464401200935,0.08827815948365614
2026-08-19,-0.014599196744122798,0.06504397627326641
2026-08-20,-0.013853845688845144,0.07003891050583655
2026-08-21,-0.012961206311928158,0.05612244897959173
2026-08-24,-0.010258840778277977,0.07113486842105265
2026-08-25,-0.009500372374873974,0.05476384364820852
2026-08-26,-0.010307802330347672,0.049232609128961435
2026-08-27,-0.011140507344816163,0.018901711102268237
2026-08-28,-0.010803212361175029,0.0070519098922625645
2026-08-31,-0.013269556514018843,0.03411095863556168
