ticker,event_date,entry_date,exit_date,S_entry,S_exit,short_stock
HUMA,2026-02-10,2026-02-11,2026-02-19,0.965953415058953,1.196826962565795,-0.239011057787659
HUMA,2026-02-27,2026-03-02,2026-03-09,1.128029341562403,1.2387952468464245,-0.0981941703135156
INMB,2025-03-14,2025-03-17,2025-03-24,7.604563779140609,8.22029989095195,-0.0809692876138813
OTLK,2025-11-25,2025-11-26,2025-12-04,1.9649652519370784,2.0967150294826102,-0.0670494185154936
OTLK,2025-12-19,2025-12-22,2025-12-30,1.8145280471937184,1.8962774412683887,-0.0450527034845789
AGEN,2025-04-22,2025-04-23,2025-04-30,2.8549652519370787,2.9464962233867817,-0.0320602751250999
INMB,2025-06-27,2025-06-30,2025-07-08,2.2201467078120145,2.2645235492882057,-0.0199882473171897
CADL,2025-01-17,2025-01-21,2025-01-28,6.626259527197902,6.751613231555154,-0.0189177172796702
GLUE,2026-01-08,2026-01-09,2026-01-16,23.706676324568264,24.0838639282059,-0.0159106067199618
ALLO,2026-06-23,2026-06-24,2026-07-01,2.0649652519370787,2.086496223386782,-0.0104267960100082
AGEN,2026-07-13,2026-07-14,2026-07-21,5.587532826378745,5.639825511656244,-0.0093588148655922
VIR,2026-02-26,2026-02-27,2026-03-06,9.017012762583189,8.934669297792516,0.009132011560676
INMB,2025-05-28,2025-05-29,2025-06-05,7.441939588422575,7.357681360559789,0.0113220789905183
RVMD,2026-04-14,2026-04-15,2026-04-22,150.3068931774588,147.6601545057528,0.0176088974747227
OTLK,2026-07-08,2026-07-09,2026-07-16,1.6229481352513693,1.5440938499292254,0.048587064250165
ENTX,2026-07-28,2026-07-29,2026-08-05,3.289930503874157,3.042992446773564,0.0750587457120458
AVXL,2025-12-03,2025-12-04,2025-12-11,4.541195027336985,4.044250266477935,0.1094303939530351
PROK,2025-07-15,2025-07-16,2025-07-23,3.426870908961742,3.039930503874157,0.1129136216003007
OTLK,2026-07-23,2026-07-24,2026-07-31,1.4054043147942077,0.9665519143874785,0.3122606041457827
OTLK,2025-08-22,2025-08-25,2025-09-02,2.923160058992148,0.9653468015854868,0.6697591708617143
HUMA,2025-03-26,2025-03-27,2025-04-03,2.0031038287749565,,
LXEO,2025-10-17,2025-10-20,2025-10-27,9.968493632494784,,
QNCX,2025-11-26,2025-11-28,2025-12-05,3.594253190645797,,
TARA,2026-02-24,2026-02-25,2026-03-04,5.601119694764045,,
MAZE,2026-03-25,2026-03-26,2026-04-02,37.25163753053546,,
CMPX,2026-04-27,2026-04-28,2026-05-05,1.9906936031709737,,
SRZN,2026-09-24,2026-09-25,2026-10-02,33.91551914387479,,
