strategy,horizon,n,mean,ci_lo,ci_hi,median,hit_rate
stock,1,2,0.00010745960379657181,,,0.00010745960379657181,1.0
stock,2,1,0.00024114687885786314,,,0.00024114687885786314,1.0
stock,3,0,,,,,
stock,5,0,,,,,
stock,10,0,,,,,
stock,21,0,,,,,
stock,42,1,0.10468026950669443,,,0.10468026950669443,1.0
stock,63,1,2.4079871594942156e-05,,,2.4079871594942156e-05,1.0
stock,exp,2,-0.14545502039230318,,,-0.14545502039230318,0.0
long_call,1,2,0.0,,,0.0,0.0
long_call,2,2,0.0,,,0.0,0.0
long_call,3,0,,,,,
long_call,5,1,-0.06674137716889858,,,-0.06674137716889858,0.0
long_call,10,2,-0.03291763077010129,,,-0.03291763077010129,0.5
long_call,21,1,-0.10122442203949618,,,-0.10122442203949618,0.0
long_call,42,2,0.004839939129658556,,,0.004839939129658556,0.5
long_call,63,1,-0.10567384718408943,,,-0.10567384718408943,0.0
long_call,exp,2,-0.14689021544062458,,,-0.14689021544062458,0.0
covered_call,1,1,0.00012056683266493927,,,0.00012056683266493927,1.0
covered_call,2,1,0.00024114687885786314,,,0.00024114687885786314,1.0
covered_call,3,0,,,,,
covered_call,5,0,,,,,
covered_call,10,0,,,,,
covered_call,21,0,,,,,
covered_call,42,1,0.174221146560568,,,0.174221146560568,1.0
covered_call,63,1,0.10569792705568436,,,0.10569792705568436,1.0
covered_call,exp,1,-0.04893537534319521,,,-0.04893537534319521,0.0
protective_put,1,2,0.00010745960379657181,,,0.00010745960379657181,1.0
protective_put,2,1,0.033611835463307156,,,0.033611835463307156,1.0
protective_put,3,0,,,,,
protective_put,5,0,,,,,
protective_put,10,0,,,,,
protective_put,21,0,,,,,
protective_put,42,1,0.06643278712706396,,,0.06643278712706396,1.0
protective_put,63,1,-0.06115551586656208,,,-0.06115551586656208,0.0
protective_put,exp,2,-0.1894336701946049,,,-0.1894336701946049,0.0
collar,1,1,0.00012056683266493927,,,0.00012056683266493927,1.0
collar,2,1,0.033611835463307156,,,0.033611835463307156,1.0
collar,3,0,,,,,
collar,5,0,,,,,
collar,10,0,,,,,
collar,21,0,,,,,
collar,42,1,0.13597366418093754,,,0.13597366418093754,1.0
collar,63,1,0.04451833131752734,,,0.04451833131752734,1.0
collar,exp,1,-0.09342962678912758,,,-0.09342962678912758,0.0
cash_secured_put,1,2,0.0,,,-0.0,0.0
cash_secured_put,2,1,-0.03337068858444929,,,-0.03337068858444929,0.0
cash_secured_put,3,1,-0.03337068858444929,,,-0.03337068858444929,0.0
cash_secured_put,5,1,-0.05005603287667394,,,-0.05005603287667394,0.0
cash_secured_put,10,0,,,,,
cash_secured_put,21,1,0.017385219263468393,,,0.017385219263468393,1.0
cash_secured_put,42,2,0.03858997619741065,,,0.03858997619741065,1.0
cash_secured_put,63,1,0.06117959573815702,,,0.06117959573815702,1.0
cash_secured_put,exp,2,0.043978649802301685,,,0.043978649802301685,1.0
