quarter,data_type,seasonally_adjusted,value
2022-Q1,PQREV,no,0.9
2022-Q1,PQREV,yes,3.9
2022-Q1,QREV,no,109110
2022-Q1,QREV,yes,109110
2022-Q2,PQREV,no,3.7
2022-Q2,PQREV,yes,3.2
2022-Q2,QREV,no,113132
2022-Q2,QREV,yes,112569
2022-Q3,PQREV,no,-1.8
2022-Q3,PQREV,yes,1.9
2022-Q3,QREV,no,111131
2022-Q3,QREV,yes,114686
2022-Q4,PQREV,no,8.1
2022-Q4,PQREV,yes,2.3
2022-Q4,QREV,no,120176
2022-Q4,QREV,yes,117359
2023-Q1,PQREV,no,Z
2023-Q1,PQREV,yes,2.3
2023-Q1,QREV,no,120128
2023-Q1,QREV,yes,120008
2023-Q2,PQREV,no,0.9
2023-Q2,PQREV,yes,0.5
2023-Q2,QREV,no,121181
2023-Q2,QREV,yes,120578
2023-Q3,PQREV,no,1.7
2023-Q3,PQREV,yes,4.9
2023-Q3,QREV,no,123245
2023-Q3,QREV,yes,126535
2023-Q4,PQREV,no,5.3
2023-Q4,PQREV,yes,0.8
2023-Q4,QREV,no,129726
2023-Q4,QREV,yes,127558
2024-Q1,PQREV,no,1.5
2024-Q1,PQREV,yes,2.8
2024-Q1,QREV,no,131715
2024-Q1,QREV,yes,131190
2024-Q2,PQREV,no,3.9
2024-Q2,PQREV,yes,3.9
2024-Q2,QREV,no,136809
2024-Q2,QREV,yes,136264
2024-Q3,PQREV,no,0.4
2024-Q3,PQREV,yes,2.8
2024-Q3,QREV,no,137316
2024-Q3,QREV,yes,140118
2024-Q4,PQREV,no,5.0
2024-Q4,PQREV,yes,1.7
2024-Q4,QREV,no,144144
2024-Q4,QREV,yes,142435
2025-Q1,PQREV,no,4.1
2025-Q1,PQREV,yes,5.1
2025-Q1,QREV,no,150077
2025-Q1,QREV,yes,149628
2025-Q2,PQREV,no,3.4
2025-Q2,PQREV,yes,3.1
2025-Q2,QREV,no,155144
2025-Q2,QREV,yes,154219
2025-Q3,PQREV,no,1.3
2025-Q3,PQREV,yes,3.8
2025-Q3,QREV,no,157159
2025-Q3,QREV,yes,160040
2025-Q4,PQREV,no,5.8
2025-Q4,PQREV,yes,3.1
2025-Q4,QREV,no,166248
2025-Q4,QREV,yes,164929
2026-Q1,PQREV,no,2.8
2026-Q1,PQREV,yes,3.4
2026-Q1,QREV,no,170976
2026-Q1,QREV,yes,170465
2026-Q2,PQREV,no,4.3
2026-Q2,PQREV,yes,3.8
2026-Q2,QREV,no,178374
2026-Q2,QREV,yes,176958
