cik,ticker,name,metric,excluded_start,excluded_end,excluded_filed,retained_period_ends,source_fact_ids,reason
0001040896,IDN,"Intellicheck, Inc. Common Stock",revenue,2011-10-01,2011-12-30,2013-03-27,2011-12-31,43cab5202b4ac282d5a56c8c,later_available_overlapping_period_preserved_in_reported_facts
0001040896,IDN,"Intellicheck, Inc. Common Stock",revenue,2012-10-01,2012-12-31,2013-03-27,2012-12-30,390103b7a4ca4783ba0b6675;9767bdb9891feb806bed641b,later_available_overlapping_period_preserved_in_reported_facts
0001040896,IDN,"Intellicheck, Inc. Common Stock",gross_profit,2011-10-01,2011-12-30,2013-03-27,2011-12-31,39d801eee610474b53dcb6b7,later_available_overlapping_period_preserved_in_reported_facts
0001040896,IDN,"Intellicheck, Inc. Common Stock",gross_profit,2012-10-01,2012-12-31,2013-03-27,2012-12-30,11d29657f4d0d7e904904f15;f7102bf32a50ee5bdaa30ce0,later_available_overlapping_period_preserved_in_reported_facts
0001615063,INSE,"Inspired Entertainment, Inc.",operating_income,2015-07-01,2015-09-26,2017-12-04,2015-09-30,cd20e792935379559154388e;b0d3723e17b389f3b8f6f298;22bb58c50e3ec32ffb9b36be;45e3218b7aaa962fce296409;9ddab098333963655b31170e,later_available_overlapping_period_preserved_in_reported_facts
0001615063,INSE,"Inspired Entertainment, Inc.",operating_income,2016-07-01,2016-09-24,2017-12-04,2016-09-30,edfb4719582c19698656e0af,later_available_overlapping_period_preserved_in_reported_facts
0001437925,MRDN,Meridian Holdings Inc. Common Stock,revenue,2023-04-01,2023-06-30,2024-08-13,2023-04-30;2023-07-31,04bbfd9e85f91c624f79dba1,later_available_overlapping_period_preserved_in_reported_facts
0001437925,MRDN,Meridian Holdings Inc. Common Stock,revenue,2023-07-01,2023-09-30,2024-11-12,2023-07-31;2023-10-31,8834c1d16da3cf71bf59f5a3,later_available_overlapping_period_preserved_in_reported_facts
0001437925,MRDN,Meridian Holdings Inc. Common Stock,revenue,2023-10-01,2023-12-31,2025-03-24,2023-10-31;2024-01-31,2f217fda1e918cb4b020a524;ce0c73d014b52b88e83e0831,later_available_overlapping_period_preserved_in_reported_facts
0001437925,MRDN,Meridian Holdings Inc. Common Stock,revenue,2024-01-01,2024-03-31,2025-05-08,2024-01-31,387d3f0806920a97e95cf2c7,later_available_overlapping_period_preserved_in_reported_facts
0001437925,MRDN,Meridian Holdings Inc. Common Stock,cost_of_revenue,2023-04-01,2023-06-30,2024-08-13,2023-04-30;2023-07-31,bea6b6073ce60f497fcbc819,later_available_overlapping_period_preserved_in_reported_facts
0001437925,MRDN,Meridian Holdings Inc. Common Stock,cost_of_revenue,2023-07-01,2023-09-30,2024-11-12,2023-07-31;2023-10-31,20dcdafa88dc6779d7401e71,later_available_overlapping_period_preserved_in_reported_facts
0001437925,MRDN,Meridian Holdings Inc. Common Stock,cost_of_revenue,2023-10-01,2023-12-31,2025-03-24,2023-10-31;2024-01-31,337a3b5535cbdb663e0cb68c;be2e752ae86d37c812594a48,later_available_overlapping_period_preserved_in_reported_facts
0001437925,MRDN,Meridian Holdings Inc. Common Stock,cost_of_revenue,2024-01-01,2024-03-31,2025-05-08,2024-01-31,ed6b7be9cf9382fcd4124076,later_available_overlapping_period_preserved_in_reported_facts
0001437925,MRDN,Meridian Holdings Inc. Common Stock,gross_profit,2023-04-01,2023-06-30,2024-08-13,2023-04-30;2023-07-31,030e037ae5e2f893a1809e06,later_available_overlapping_period_preserved_in_reported_facts
0001437925,MRDN,Meridian Holdings Inc. Common Stock,gross_profit,2023-07-01,2023-09-30,2024-11-12,2023-07-31;2023-10-31,c39cab7ceca520f65858bc88,later_available_overlapping_period_preserved_in_reported_facts
0001437925,MRDN,Meridian Holdings Inc. Common Stock,gross_profit,2023-10-01,2023-12-31,2025-03-24,2023-10-31;2024-01-31,926237cfe09a5222e973b6b9;f088a572d881fab22369f4ec,later_available_overlapping_period_preserved_in_reported_facts
0001437925,MRDN,Meridian Holdings Inc. Common Stock,gross_profit,2024-01-01,2024-03-31,2025-05-08,2024-01-31,8f0a51f0114abe3d237e0cac,later_available_overlapping_period_preserved_in_reported_facts
0001437925,MRDN,Meridian Holdings Inc. Common Stock,operating_income,2023-04-01,2023-06-30,2024-08-13,2023-04-30;2023-07-31,426a4791f98072d5bcba5c62,later_available_overlapping_period_preserved_in_reported_facts
0001437925,MRDN,Meridian Holdings Inc. Common Stock,operating_income,2023-07-01,2023-09-30,2024-11-12,2023-07-31;2023-10-31,3a3e79d4e48e02b5c86354e8,later_available_overlapping_period_preserved_in_reported_facts
0001437925,MRDN,Meridian Holdings Inc. Common Stock,operating_income,2023-10-01,2023-12-31,2025-03-24,2023-10-31;2024-01-31,993cf00fe737e2adbb97eb43;c337842a804dd621acfec9e5,later_available_overlapping_period_preserved_in_reported_facts
0001437925,MRDN,Meridian Holdings Inc. Common Stock,operating_income,2024-01-01,2024-03-31,2025-05-08,2024-01-31,29ecd9c6ea75586a492882a8,later_available_overlapping_period_preserved_in_reported_facts
0001437925,MRDN,Meridian Holdings Inc. Common Stock,stock_comp,2023-04-01,2023-06-30,2024-08-13,2023-04-30;2023-07-31,2d81c1590a2b175cc5959c05,later_available_overlapping_period_preserved_in_reported_facts
0001437925,MRDN,Meridian Holdings Inc. Common Stock,stock_comp,2023-07-01,2023-09-30,2024-11-12,2023-07-31;2023-10-31,f3d084b5045fcd62a1199521,later_available_overlapping_period_preserved_in_reported_facts
0001437925,MRDN,Meridian Holdings Inc. Common Stock,operating_cash_flow,2023-07-01,2023-09-30,2024-11-12,2023-07-31;2023-10-31,c061c3cafe9c7eaaf9a4fcea;6ea95ecf973688a30aafd6da,later_available_overlapping_period_preserved_in_reported_facts
0001437925,MRDN,Meridian Holdings Inc. Common Stock,operating_cash_flow,2023-10-01,2023-12-31,2025-03-24,2023-10-31;2024-01-31,45075cd3302dbdc0e65a6352;c061c3cafe9c7eaaf9a4fcea,later_available_overlapping_period_preserved_in_reported_facts
0001437925,MRDN,Meridian Holdings Inc. Common Stock,operating_cash_flow,2024-01-01,2024-03-31,2025-05-08,2024-01-31,7ce25269ff35f4cb84978ed2,later_available_overlapping_period_preserved_in_reported_facts
0001437925,MRDN,Meridian Holdings Inc. Common Stock,physical_asset_purchases,2023-07-01,2023-09-30,2024-11-12,2023-07-31;2023-10-31,950a1c99c13952b714c0e1e0;762bfbba8473718bb2dfb227,later_available_overlapping_period_preserved_in_reported_facts
0001437925,MRDN,Meridian Holdings Inc. Common Stock,physical_asset_purchases,2023-10-01,2023-12-31,2025-03-24,2023-10-31;2024-01-31,13ca2a97b68071a3f6a425a2;950a1c99c13952b714c0e1e0,later_available_overlapping_period_preserved_in_reported_facts
0001437925,MRDN,Meridian Holdings Inc. Common Stock,physical_asset_purchases,2024-01-01,2024-03-31,2025-05-08,2024-01-31,f73d2a017dae0b1ab150c6b4,later_available_overlapping_period_preserved_in_reported_facts
0001437925,MRDN,Meridian Holdings Inc. Common Stock,capitalized_software_additions,2023-04-01,2023-06-30,2024-08-13,2023-07-31,21aea4acac4a1ba382548864,later_available_overlapping_period_preserved_in_reported_facts
0001437925,MRDN,Meridian Holdings Inc. Common Stock,capitalized_software_additions,2023-07-01,2023-09-30,2024-11-12,2023-07-31;2023-10-31,237d30f2b1a5ddcf602cd76a,later_available_overlapping_period_preserved_in_reported_facts
0001437925,MRDN,Meridian Holdings Inc. Common Stock,capitalized_software_additions,2023-10-01,2023-12-31,2025-03-24,2023-10-31,036529796082196f8a176da8;1706cf62bbf69e184d2d0ef9,later_available_overlapping_period_preserved_in_reported_facts
0001437925,MRDN,Meridian Holdings Inc. Common Stock,intangible_amortization,2023-04-01,2023-06-30,2024-08-13,2023-04-30;2023-07-31,a5bb1d390e240260bbe445fa,later_available_overlapping_period_preserved_in_reported_facts
0001437925,MRDN,Meridian Holdings Inc. Common Stock,intangible_amortization,2023-07-01,2023-09-30,2024-11-12,2023-07-31;2023-10-31,fd95b6769599407e4e9fdde9,later_available_overlapping_period_preserved_in_reported_facts
0001437925,MRDN,Meridian Holdings Inc. Common Stock,intangible_amortization,2023-10-01,2023-12-31,2025-03-24,2023-10-31;2024-01-31,fe2a79041f0f6e10c4fc1b63;6099f158ef4e115bcaaa83da,later_available_overlapping_period_preserved_in_reported_facts
0001437925,MRDN,Meridian Holdings Inc. Common Stock,intangible_amortization,2024-01-01,2024-03-31,2025-05-08,2024-01-31,4fc6d06a0a3a4fc782f83a27,later_available_overlapping_period_preserved_in_reported_facts
0000748268,RCAT,"Red Cat Holdings, Inc. Common Stock",revenue,2024-01-01,2024-03-31,2025-05-14,2024-01-31;2024-04-30,2a69f053d30c0f8b74034f26,later_available_overlapping_period_preserved_in_reported_facts
0000748268,RCAT,"Red Cat Holdings, Inc. Common Stock",revenue,2024-04-01,2024-06-30,2025-08-14,2024-04-30;2024-07-31,f0a27a6e69ea59537ac7b90f,later_available_overlapping_period_preserved_in_reported_facts
0000748268,RCAT,"Red Cat Holdings, Inc. Common Stock",revenue,2024-07-01,2024-09-30,2025-11-13,2024-07-31;2024-10-31,7b6d839300224a8ee24972e2,later_available_overlapping_period_preserved_in_reported_facts
0000748268,RCAT,"Red Cat Holdings, Inc. Common Stock",rd_expense,2024-01-01,2024-03-31,2025-05-14,2024-01-31;2024-04-30,2b60bcf3cfcd324f40fe339d,later_available_overlapping_period_preserved_in_reported_facts
0000748268,RCAT,"Red Cat Holdings, Inc. Common Stock",rd_expense,2024-04-01,2024-06-30,2025-08-14,2024-04-30;2024-07-31,485a6154f8c11073ec0cd577,later_available_overlapping_period_preserved_in_reported_facts
0000748268,RCAT,"Red Cat Holdings, Inc. Common Stock",rd_expense,2024-07-01,2024-09-30,2025-11-13,2024-07-31;2024-10-31,c87169db31174c31fdf5d54b,later_available_overlapping_period_preserved_in_reported_facts
0000748268,RCAT,"Red Cat Holdings, Inc. Common Stock",cost_of_revenue,2024-01-01,2024-03-31,2025-05-14,2024-01-31;2024-04-30,b339ebe59cfda1ef4e98509a,later_available_overlapping_period_preserved_in_reported_facts
0000748268,RCAT,"Red Cat Holdings, Inc. Common Stock",cost_of_revenue,2024-04-01,2024-06-30,2025-08-14,2024-04-30;2024-07-31,7bc522f854003c05ff01296d,later_available_overlapping_period_preserved_in_reported_facts
0000748268,RCAT,"Red Cat Holdings, Inc. Common Stock",cost_of_revenue,2024-07-01,2024-09-30,2025-11-13,2024-07-31;2024-10-31,6e18925e365f3a04f7ddbe0e,later_available_overlapping_period_preserved_in_reported_facts
0000748268,RCAT,"Red Cat Holdings, Inc. Common Stock",gross_profit,2024-01-01,2024-03-31,2025-05-14,2024-01-31;2024-04-30,1a644555e8c1cdab844109a5,later_available_overlapping_period_preserved_in_reported_facts
0000748268,RCAT,"Red Cat Holdings, Inc. Common Stock",gross_profit,2024-04-01,2024-06-30,2025-08-14,2024-04-30;2024-07-31,4fa9c4900c452e54351be069,later_available_overlapping_period_preserved_in_reported_facts
0000748268,RCAT,"Red Cat Holdings, Inc. Common Stock",gross_profit,2024-07-01,2024-09-30,2025-11-13,2024-07-31;2024-10-31,d167764c2274c9b77cefcf4b,later_available_overlapping_period_preserved_in_reported_facts
0000748268,RCAT,"Red Cat Holdings, Inc. Common Stock",operating_income,2024-01-01,2024-03-31,2025-05-14,2024-01-31;2024-04-30,b77bc4fc9b9228958b42d0a7,later_available_overlapping_period_preserved_in_reported_facts
0000748268,RCAT,"Red Cat Holdings, Inc. Common Stock",operating_income,2024-04-01,2024-06-30,2025-08-14,2024-04-30;2024-07-31,3c81d74f3db4756117f89c50,later_available_overlapping_period_preserved_in_reported_facts
0000748268,RCAT,"Red Cat Holdings, Inc. Common Stock",operating_income,2024-07-01,2024-09-30,2025-11-13,2024-07-31;2024-10-31,3b8f743e7f7b28fc1be0070e,later_available_overlapping_period_preserved_in_reported_facts
0000748268,RCAT,"Red Cat Holdings, Inc. Common Stock",operating_cash_flow,2018-05-01,2018-07-31,2019-09-23,2018-06-30;2018-09-30,e76d53ce6a0c396ee6b0b2c9,later_available_overlapping_period_preserved_in_reported_facts
0000748268,RCAT,"Red Cat Holdings, Inc. Common Stock",operating_cash_flow,2018-08-01,2018-10-31,2019-12-23,2018-09-30;2018-12-31,812a6dad3ed92ed52e743c82;e76d53ce6a0c396ee6b0b2c9,later_available_overlapping_period_preserved_in_reported_facts
0000748268,RCAT,"Red Cat Holdings, Inc. Common Stock",operating_cash_flow,2018-11-01,2019-01-31,2020-03-23,2018-12-31;2019-03-31,b9ff06ff92c6079e1a0d8ada;812a6dad3ed92ed52e743c82,later_available_overlapping_period_preserved_in_reported_facts
0000748268,RCAT,"Red Cat Holdings, Inc. Common Stock",operating_cash_flow,2019-02-01,2019-04-30,2020-08-13,2019-03-31,f82912bbcf10651685f4d849;b9ff06ff92c6079e1a0d8ada,later_available_overlapping_period_preserved_in_reported_facts
0000748268,RCAT,"Red Cat Holdings, Inc. Common Stock",productive_asset_purchases,2024-01-01,2024-03-31,2025-05-14,2024-01-31;2024-04-30,1b11db3a2e947af5d5411e5b,later_available_overlapping_period_preserved_in_reported_facts
0000748268,RCAT,"Red Cat Holdings, Inc. Common Stock",productive_asset_purchases,2024-04-01,2024-06-30,2025-08-14,2024-04-30;2024-07-31,1448ceeefa0842d41fa46ee0;1b11db3a2e947af5d5411e5b,later_available_overlapping_period_preserved_in_reported_facts
0000748268,RCAT,"Red Cat Holdings, Inc. Common Stock",productive_asset_purchases,2024-07-01,2024-09-30,2025-11-13,2024-07-31;2024-10-31,0ed51961e18c1545c89f14cc;1448ceeefa0842d41fa46ee0,later_available_overlapping_period_preserved_in_reported_facts
0000748268,RCAT,"Red Cat Holdings, Inc. Common Stock",intangible_amortization,2024-01-01,2024-03-31,2025-05-14,2024-01-31;2024-04-30,73ef49b664ab9c312b1a2df9,later_available_overlapping_period_preserved_in_reported_facts
0000748268,RCAT,"Red Cat Holdings, Inc. Common Stock",intangible_amortization,2024-04-01,2024-06-30,2025-08-14,2024-04-30;2024-07-31,6dc1ac18b04a14ce41a965ad;73ef49b664ab9c312b1a2df9,later_available_overlapping_period_preserved_in_reported_facts
0000748268,RCAT,"Red Cat Holdings, Inc. Common Stock",intangible_amortization,2024-07-01,2024-09-30,2025-11-13,2024-07-31;2024-10-31,46b87a3b5cfe5bebf20a5846;6dc1ac18b04a14ce41a965ad,later_available_overlapping_period_preserved_in_reported_facts
0000748268,RCAT,"Red Cat Holdings, Inc. Common Stock",general_and_administrative,2024-01-01,2024-03-31,2025-05-14,2024-01-31;2024-04-30,ba2b7e98673539644c7b3ecd,later_available_overlapping_period_preserved_in_reported_facts
0000748268,RCAT,"Red Cat Holdings, Inc. Common Stock",general_and_administrative,2024-04-01,2024-06-30,2025-08-14,2024-04-30;2024-07-31,8122e8577f6acbf1085b741a,later_available_overlapping_period_preserved_in_reported_facts
0000748268,RCAT,"Red Cat Holdings, Inc. Common Stock",general_and_administrative,2024-07-01,2024-09-30,2025-11-13,2024-07-31;2024-10-31,bc29245a280f6d1df2172b8e,later_available_overlapping_period_preserved_in_reported_facts
0001774675,SKIL,Skillsoft Corp.,operating_income,2020-05-01,2020-07-31,2021-09-14,2020-06-30;2020-09-30,28cb76a82477c4b9ffa6b905,later_available_overlapping_period_preserved_in_reported_facts
0001774675,SKIL,Skillsoft Corp.,operating_income,2020-11-01,2021-01-31,2022-04-18,2020-12-31;2021-03-31,2dfe1e08b503ce561f1838eb;1d1cf387e305214b7543ead7,later_available_overlapping_period_preserved_in_reported_facts
0001774675,SKIL,Skillsoft Corp.,operating_income,2021-02-01,2021-04-30,2022-06-09,2021-03-31,779f4d810562f203d2b7bc0a,later_available_overlapping_period_preserved_in_reported_facts
0001774675,SKIL,Skillsoft Corp.,operating_cash_flow,2020-11-01,2021-01-31,2022-04-18,2020-12-31;2021-03-31,702337468605092770110f02;60c0a5e31bab90dcfd6763c3,later_available_overlapping_period_preserved_in_reported_facts
0001774675,SKIL,Skillsoft Corp.,operating_cash_flow,2021-02-01,2021-04-30,2022-06-09,2021-03-31,c79d70e91d49223c8bdc278f,later_available_overlapping_period_preserved_in_reported_facts
0001774675,SKIL,Skillsoft Corp.,intangible_amortization,2022-05-01,2022-07-30,2023-09-11,2022-07-31,4a92ed32621d5b2c391da4f4,later_available_overlapping_period_preserved_in_reported_facts
0001774675,SKIL,Skillsoft Corp.,intangible_amortization,2023-05-01,2023-07-31,2023-09-11,2023-07-30,562642b80302aa298dd352e0,later_available_overlapping_period_preserved_in_reported_facts
0000946581,TTWO,Take-Two Interactive Software Inc,rd_expense,2009-08-01,2009-10-31,2011-05-25,2009-12-31,87e83a42890b7a0f73e149a9;cbc7ae9e1e701f28f468eadd,later_available_overlapping_period_preserved_in_reported_facts
0000946581,TTWO,Take-Two Interactive Software Inc,sales_marketing,2009-08-01,2009-10-31,2011-05-25,2009-12-31,79e71311adbc06fc9aa2da74;c6cd43358db7d8358a2455e5,later_available_overlapping_period_preserved_in_reported_facts
0000946581,TTWO,Take-Two Interactive Software Inc,sales_marketing,2010-04-01,2010-06-30,2011-08-09,2010-07-31,43efd42866d88030bca085c7,later_available_overlapping_period_preserved_in_reported_facts
0000946581,TTWO,Take-Two Interactive Software Inc,sales_marketing,2010-07-01,2010-09-30,2011-11-08,2010-07-31,93489a557d2f5278d4b62f9e,later_available_overlapping_period_preserved_in_reported_facts
0000946581,TTWO,Take-Two Interactive Software Inc,gross_profit,2009-08-01,2009-10-31,2011-05-25,2009-12-31,2ca2c8c30fe222cbe3826948;98543ba5ad766172875aeeb3,later_available_overlapping_period_preserved_in_reported_facts
0000946581,TTWO,Take-Two Interactive Software Inc,gross_profit,2010-04-01,2010-06-30,2011-08-09,2010-07-31,350c87616bfe8e4e8baee965,later_available_overlapping_period_preserved_in_reported_facts
0000946581,TTWO,Take-Two Interactive Software Inc,gross_profit,2010-07-01,2010-09-30,2011-11-08,2010-07-31,21525dae55d04d97548e009c,later_available_overlapping_period_preserved_in_reported_facts
0000946581,TTWO,Take-Two Interactive Software Inc,operating_income,2009-08-01,2009-10-31,2011-05-25,2009-12-31,7cc5785d820cf6e2f7b3e63f;5a122c046516acc6af213b76,later_available_overlapping_period_preserved_in_reported_facts
0000946581,TTWO,Take-Two Interactive Software Inc,operating_income,2010-04-01,2010-06-30,2011-08-09,2010-07-31,0545093fd6864abbba04ee6d,later_available_overlapping_period_preserved_in_reported_facts
0000946581,TTWO,Take-Two Interactive Software Inc,operating_income,2010-07-01,2010-09-30,2011-11-08,2010-07-31,5168f71c6071b8a5b2230c1e,later_available_overlapping_period_preserved_in_reported_facts
0000946581,TTWO,Take-Two Interactive Software Inc,general_and_administrative,2009-08-01,2009-10-31,2011-05-25,2009-12-31,bb844664ba83ba04985cc4ea;b4e481aa82e51619f1852ae6,later_available_overlapping_period_preserved_in_reported_facts
0000946581,TTWO,Take-Two Interactive Software Inc,general_and_administrative,2010-04-01,2010-06-30,2011-08-09,2010-07-31,3cb8c103fa85a2d6a8db6353,later_available_overlapping_period_preserved_in_reported_facts
0000946581,TTWO,Take-Two Interactive Software Inc,general_and_administrative,2010-07-01,2010-09-30,2011-11-08,2010-07-31,96ccfda0fa2a2d1e09b97524,later_available_overlapping_period_preserved_in_reported_facts
