parent_cik,parent_ticker,parent_name,filing_date,subsidiary_name,jurisdiction,parse_method,source_file,registry_match_status,accounts_collection_status,subsidiary_values_may_be_added_to_parent
0001373715,NOW,"SERVICENOW, INC.",2022-02-03,Element AK UK Limited,United Kingdom,table,extracts/sec/NOW/10-K/2022-02-03_0001373715-22-000024/now-20211231xex211.htm,legal_entity_name_and_parent_ownership_require_registry_review,missing_COMPANIES_HOUSE_API_KEY,False
0000813828,PARA,"Banzai International, Inc. Class A Common Stock",2022-02-15,Westinghouse International Holding UK Limited,United Kingdom,table,extracts/sec/PARA/10-K/2022-02-15_0000813828-22-000005/a2021q4_viacxex21-subsidia.htm,legal_entity_name_and_parent_ownership_require_registry_review,missing_COMPANIES_HOUSE_API_KEY,False
0000813828,PARA,"Banzai International, Inc. Class A Common Stock",2022-02-15,Viacom Treasury (UK) Limited,United Kingdom,table,extracts/sec/PARA/10-K/2022-02-15_0000813828-22-000005/a2021q4_viacxex21-subsidia.htm,legal_entity_name_and_parent_ownership_require_registry_review,missing_COMPANIES_HOUSE_API_KEY,False
0000860731,TYL,"Tyler Technologies, Inc.",2022-02-23,Socrata UK Limited,United Kingdom,table,extracts/sec/TYL/10-K/2022-02-23_0000860731-22-000011/tyl12312021exhibit211.htm,legal_entity_name_and_parent_ownership_require_registry_review,missing_COMPANIES_HOUSE_API_KEY,False
0001321655,PLTR,Palantir Technologies Inc. Class A Common Stock,2022-02-24,"Palantir Technologies U.K., Ltd.",United Kingdom,table,extracts/sec/PLTR/10-K/2022-02-24_0001193125-22-050913/d273589dex211.htm,legal_entity_name_and_parent_ownership_require_registry_review,missing_COMPANIES_HOUSE_API_KEY,False
0001321655,PLTR,Palantir Technologies Inc. Class A Common Stock,2022-02-24,Palantir Technologies U.K.—Eagle Ltd.,United Kingdom,table,extracts/sec/PLTR/10-K/2022-02-24_0001193125-22-050913/d273589dex211.htm,legal_entity_name_and_parent_ownership_require_registry_review,missing_COMPANIES_HOUSE_API_KEY,False
0001512673,XYZ,"Block, Inc.",2022-02-24,Squareup Europe Ltd.,United Kingdom,table,extracts/sec/XYZ/10-K/2022-02-24_0001628280-22-003825/exhibit211blockinc2021.htm,legal_entity_name_and_parent_ownership_require_registry_review,missing_COMPANIES_HOUSE_API_KEY,False
0001402436,SSNC,SS&C Technologies Inc,2022-02-25,Eze Software EMEA Limited (United Kingdom),United Kingdom,table,extracts/sec/SSNC/10-K/2022-02-25_0000950170-22-002107/ssnc-ex21.htm,legal_entity_name_and_parent_ownership_require_registry_review,missing_COMPANIES_HOUSE_API_KEY,False
0001402436,SSNC,SS&C Technologies Inc,2022-02-25,Intralinks Ltd. (England),United Kingdom,table,extracts/sec/SSNC/10-K/2022-02-25_0000950170-22-002107/ssnc-ex21.htm,legal_entity_name_and_parent_ownership_require_registry_review,missing_COMPANIES_HOUSE_API_KEY,False
0001108524,CRM,"Salesforce, Inc.",2022-03-11,Slack UK Limited,United Kingdom,table,extracts/sec/CRM/10-K/2022-03-11_0001108524-22-000013/ex211listofsubsidiariesfy22.htm,legal_entity_name_and_parent_ownership_require_registry_review,missing_COMPANIES_HOUSE_API_KEY,False
0001108524,CRM,"Salesforce, Inc.",2022-03-11,"Vlocity, UK Limited",United Kingdom,table,extracts/sec/CRM/10-K/2022-03-11_0001108524-22-000013/ex211listofsubsidiariesfy22.htm,legal_entity_name_and_parent_ownership_require_registry_review,missing_COMPANIES_HOUSE_API_KEY,False
0001108524,CRM,"Salesforce, Inc.",2022-03-11,Acumen Solutions UK Ltd.,United Kingdom,table,extracts/sec/CRM/10-K/2022-03-11_0001108524-22-000013/ex211listofsubsidiariesfy22.htm,legal_entity_name_and_parent_ownership_require_registry_review,missing_COMPANIES_HOUSE_API_KEY,False
0001108524,CRM,"Salesforce, Inc.",2022-03-11,Tableau Software UK Ltd.,United Kingdom,table,extracts/sec/CRM/10-K/2022-03-11_0001108524-22-000013/ex211listofsubsidiariesfy22.htm,legal_entity_name_and_parent_ownership_require_registry_review,missing_COMPANIES_HOUSE_API_KEY,False
0000769397,ADSK,Autodesk Inc,2022-03-14,Delcam Professional Services Limited,United Kingdom,table,extracts/sec/ADSK/10-K/2022-03-14_0000769397-22-000019/adsk01312022ex211.htm,legal_entity_name_and_parent_ownership_require_registry_review,missing_COMPANIES_HOUSE_API_KEY,False
0000769397,ADSK,Autodesk Inc,2022-03-14,Within Technologies Limited,United Kingdom,table,extracts/sec/ADSK/10-K/2022-03-14_0000769397-22-000019/adsk01312022ex211.htm,legal_entity_name_and_parent_ownership_require_registry_review,missing_COMPANIES_HOUSE_API_KEY,False
0001853145,EVCM,EverCommerce Inc. Common Stock,2022-03-15,ClubWise Software Limited,England and Wales,table,extracts/sec/EVCM/10-K/2022-03-15_0001853145-22-000011/ex211-listofsubsidiariesof.htm,legal_entity_name_and_parent_ownership_require_registry_review,missing_COMPANIES_HOUSE_API_KEY,False
0001261333,DOCU,"DocuSign, Inc. Common Stock",2022-03-25,Seal Software Ltd.,United Kingdom,table,extracts/sec/DOCU/10-K/2022-03-25_0001261333-22-000049/fy22exhibit211subsidiaries.htm,legal_entity_name_and_parent_ownership_require_registry_review,missing_COMPANIES_HOUSE_API_KEY,False
0001734722,PATH,"UiPath, Inc.",2022-04-04,UiPath Ltd. (UK),United Kingdom,table,extracts/sec/PATH/10-K/2022-04-04_0001734722-22-000006/listofsubsidiaries.htm,legal_entity_name_and_parent_ownership_require_registry_review,missing_COMPANIES_HOUSE_API_KEY,False
0001774675,SKIL,Skillsoft Corp.,2022-04-18,Global Knowledge Network Training Ltd.,United Kingdom,table,extracts/sec/SKIL/10-K/2022-04-18_0001558370-22-005527/skil-20220131xex21d1.htm,legal_entity_name_and_parent_ownership_require_registry_review,missing_COMPANIES_HOUSE_API_KEY,False
0001774675,SKIL,Skillsoft Corp.,2022-04-18,GK Apprenticeships Limited,United Kingdom,table,extracts/sec/SKIL/10-K/2022-04-18_0001558370-22-005527/skil-20220131xex21d1.htm,legal_entity_name_and_parent_ownership_require_registry_review,missing_COMPANIES_HOUSE_API_KEY,False
0001774675,SKIL,Skillsoft Corp.,2022-04-18,SumTotal Systems U.K. Limited,United Kingdom,table,extracts/sec/SKIL/10-K/2022-04-18_0001558370-22-005527/skil-20220131xex21d1.htm,legal_entity_name_and_parent_ownership_require_registry_review,missing_COMPANIES_HOUSE_API_KEY,False
0001774675,SKIL,Skillsoft Corp.,2022-04-18,Skillsoft U.K. Limited,United Kingdom,table,extracts/sec/SKIL/10-K/2022-04-18_0001558370-22-005527/skil-20220131xex21d1.htm,legal_entity_name_and_parent_ownership_require_registry_review,missing_COMPANIES_HOUSE_API_KEY,False
0001341439,ORCL,Oracle Corp,2022-06-21,Oracle Corporation UK Limited,England and Wales,table,extracts/sec/ORCL/10-K/2022-06-21_0001564590-22-023675/orcl-ex2101_8.htm,legal_entity_name_and_parent_ownership_require_registry_review,missing_COMPANIES_HOUSE_API_KEY,False
0000896878,INTU,Intuit Inc,2022-09-02,RSG Software UK Ltd,United Kingdom,table,extracts/sec/INTU/10-K/2022-09-02_0000896878-22-000028/fy22q4-ex2101.htm,legal_entity_name_and_parent_ownership_require_registry_review,missing_COMPANIES_HOUSE_API_KEY,False
0000896878,INTU,Intuit Inc,2022-09-02,Courier Holdings Ltd,United Kingdom,table,extracts/sec/INTU/10-K/2022-09-02_0000896878-22-000028/fy22q4-ex2101.htm,legal_entity_name_and_parent_ownership_require_registry_review,missing_COMPANIES_HOUSE_API_KEY,False
0000796343,ADBE,Adobe Inc.,2023-01-17,"ContentCal, Limited",United Kingdom,table,extracts/sec/ADBE/10-K/2023-01-17_0000796343-23-000007/adbeex21fy22.htm,legal_entity_name_and_parent_ownership_require_registry_review,missing_COMPANIES_HOUSE_API_KEY,False
0001373715,NOW,"SERVICENOW, INC.",2023-01-31,ServiceNow UK Ltd.,United Kingdom,table,extracts/sec/NOW/10-K/2023-01-31_0001373715-23-000035/now-20221231xex211.htm,legal_entity_name_and_parent_ownership_require_registry_review,missing_COMPANIES_HOUSE_API_KEY,False
0001373715,NOW,"SERVICENOW, INC.",2023-01-31,Element AI UK Limited,United Kingdom,table,extracts/sec/NOW/10-K/2023-01-31_0001373715-23-000035/now-20221231xex211.htm,legal_entity_name_and_parent_ownership_require_registry_review,missing_COMPANIES_HOUSE_API_KEY,False
0000813828,PARA,"Banzai International, Inc. Class A Common Stock",2023-02-16,Wilmerding International Holding UK Limited,United Kingdom,table,extracts/sec/PARA/10-K/2023-02-16_0000813828-23-000005/a2022q4_ex21-subsidiaries.htm,legal_entity_name_and_parent_ownership_require_registry_review,missing_COMPANIES_HOUSE_API_KEY,False
0000813828,PARA,"Banzai International, Inc. Class A Common Stock",2023-02-16,The Paramount UK Partnership,United Kingdom,table,extracts/sec/PARA/10-K/2023-02-16_0000813828-23-000005/a2022q4_ex21-subsidiaries.htm,legal_entity_name_and_parent_ownership_require_registry_review,missing_COMPANIES_HOUSE_API_KEY,False
0001092699,SPSC,"SPS Commerce, Inc.",2023-02-21,SPS Europe Limited,England and Wales,table,extracts/sec/SPSC/10-K/2023-02-21_0001092699-23-000006/a2022_xex211-subsidiarylist.htm,legal_entity_name_and_parent_ownership_require_registry_review,missing_COMPANIES_HOUSE_API_KEY,False
0001410384,QTWO,Q2 Holdings Inc,2023-02-21,LPG - UK Services Pty Ltd,United Kingdom,table,extracts/sec/QTWO/10-K/2023-02-21_0001410384-23-000015/a221231ex211listofsubsidia.htm,legal_entity_name_and_parent_ownership_require_registry_review,missing_COMPANIES_HOUSE_API_KEY,False
0001410384,QTWO,Q2 Holdings Inc,2023-02-21,Sensibill Europe Ltd,United Kingdom,table,extracts/sec/QTWO/10-K/2023-02-21_0001410384-23-000015/a221231ex211listofsubsidia.htm,legal_entity_name_and_parent_ownership_require_registry_review,missing_COMPANIES_HOUSE_API_KEY,False
0001666134,BL,"BlackLine, Inc. Common Stock",2023-02-23,Rimilia Europe Ltd.,United Kingdom,table,extracts/sec/BL/10-K/2023-02-23_0001666134-23-000003/bl-20221231xex211.htm,legal_entity_name_and_parent_ownership_require_registry_review,missing_COMPANIES_HOUSE_API_KEY,False
0001651562,COUR,"Coursera, Inc.",2023-02-23,Coursera UK Limited,United Kingdom,table,extracts/sec/COUR/10-K/2023-02-23_0000950170-23-004143/cour-ex21_1.htm,legal_entity_name_and_parent_ownership_require_registry_review,missing_COMPANIES_HOUSE_API_KEY,False
0001031308,BSY,"Bentley Systems, Incorporated Class B Common Stock",2023-02-28,SRO Solutions Holdings Limited,United Kingdom,table,extracts/sec/BSY/10-K/2023-02-28_0001628280-23-005568/exhibit211-2022q4.htm,legal_entity_name_and_parent_ownership_require_registry_review,missing_COMPANIES_HOUSE_API_KEY,False
0001031308,BSY,"Bentley Systems, Incorporated Class B Common Stock",2023-02-28,SRO Solutions Limited,United Kingdom,table,extracts/sec/BSY/10-K/2023-02-28_0001628280-23-005568/exhibit211-2022q4.htm,legal_entity_name_and_parent_ownership_require_registry_review,missing_COMPANIES_HOUSE_API_KEY,False
0001031308,BSY,"Bentley Systems, Incorporated Class B Common Stock",2023-02-28,Vetasi Limited,United Kingdom,table,extracts/sec/BSY/10-K/2023-02-28_0001628280-23-005568/exhibit211-2022q4.htm,legal_entity_name_and_parent_ownership_require_registry_review,missing_COMPANIES_HOUSE_API_KEY,False
0001402436,SSNC,SS&C Technologies Inc,2023-02-28,Hubwise Software Limited,United Kingdom,table,extracts/sec/SSNC/10-K/2023-02-28_0000950170-23-005072/ssnc-ex21.htm,legal_entity_name_and_parent_ownership_require_registry_review,missing_COMPANIES_HOUSE_API_KEY,False
0001031308,BSY,"Bentley Systems, Incorporated Class B Common Stock",2023-02-28,Seequent UK Limited,United Kingdom,table,extracts/sec/BSY/10-K/2023-02-28_0001628280-23-005568/exhibit211-2022q4.htm,legal_entity_name_and_parent_ownership_require_registry_review,missing_COMPANIES_HOUSE_API_KEY,False
0001522540,MQ,"Marqeta, Inc. Class A Common Stock",2023-02-28,Marqeta UK Ltd.,United Kingdom,table,extracts/sec/MQ/10-K/2023-02-28_0001522540-23-000015/exhibit211-202210xk.htm,legal_entity_name_and_parent_ownership_require_registry_review,missing_COMPANIES_HOUSE_API_KEY,False
0001031308,BSY,"Bentley Systems, Incorporated Class B Common Stock",2023-02-28,Business Collaborator Limited,England,table,extracts/sec/BSY/10-K/2023-02-28_0001628280-23-005568/exhibit211-2022q4.htm,legal_entity_name_and_parent_ownership_require_registry_review,missing_COMPANIES_HOUSE_API_KEY,False
0001402436,SSNC,SS&C Technologies Inc,2023-02-28,Bolt Bidco Limited,United Kingdom,table,extracts/sec/SSNC/10-K/2023-02-28_0000950170-23-005072/ssnc-ex21.htm,legal_entity_name_and_parent_ownership_require_registry_review,missing_COMPANIES_HOUSE_API_KEY,False
0001031308,BSY,"Bentley Systems, Incorporated Class B Common Stock",2023-02-28,Professional Construction Strategies Group Limited,United Kingdom,table,extracts/sec/BSY/10-K/2023-02-28_0001628280-23-005568/exhibit211-2022q4.htm,legal_entity_name_and_parent_ownership_require_registry_review,missing_COMPANIES_HOUSE_API_KEY,False
0001827090,CERT,"Certara, Inc. Common Stock",2023-03-01,Synchrogenix Europe Limited,United Kingdom,table,extracts/sec/CERT/10-K/2023-03-01_0001558370-23-002605/cert-20221231xex21d1.htm,legal_entity_name_and_parent_ownership_require_registry_review,missing_COMPANIES_HOUSE_API_KEY,False
0001827090,CERT,"Certara, Inc. Common Stock",2023-03-01,ANSER Europe Limited,United Kingdom,table,extracts/sec/CERT/10-K/2023-03-01_0001558370-23-002605/cert-20221231xex21d1.htm,legal_entity_name_and_parent_ownership_require_registry_review,missing_COMPANIES_HOUSE_API_KEY,False
0001611052,PCOR,"Procore Technologies, Inc.",2023-03-01,Procore UK Ltd,United Kingdom,table,extracts/sec/PCOR/10-K/2023-03-01_0001564590-23-002828/pcor-ex211_14.htm,legal_entity_name_and_parent_ownership_require_registry_review,missing_COMPANIES_HOUSE_API_KEY,False
0000769397,ADSK,Autodesk Inc,2023-03-14,Storm UK Holdco Ltd.,United Kingdom,table,extracts/sec/ADSK/10-K/2023-03-14_0000769397-23-000036/adsk01312023ex211.htm,legal_entity_name_and_parent_ownership_require_registry_review,missing_COMPANIES_HOUSE_API_KEY,False
0000769397,ADSK,Autodesk Inc,2023-03-14,Crispin Systems Limited,United Kingdom,table,extracts/sec/ADSK/10-K/2023-03-14_0000769397-23-000036/adsk01312023ex211.htm,legal_entity_name_and_parent_ownership_require_registry_review,missing_COMPANIES_HOUSE_API_KEY,False
0000769397,ADSK,Autodesk Inc,2023-03-14,Autodesk Holdings LLP,United Kingdom,table,extracts/sec/ADSK/10-K/2023-03-14_0000769397-23-000036/adsk01312023ex211.htm,legal_entity_name_and_parent_ownership_require_registry_review,missing_COMPANIES_HOUSE_API_KEY,False
0001615063,INSE,"Inspired Entertainment, Inc.",2023-03-16,Astra Games Limited,England and Wales,table,extracts/sec/INSE/10-K/2023-03-16_0001493152-23-007974/ex21-1.htm,legal_entity_name_and_parent_ownership_require_registry_review,missing_COMPANIES_HOUSE_API_KEY,False
0001640147,SNOW,Snowflake Inc.,2023-03-29,Snowflake Computing U.K. Limited,United Kingdom,table,extracts/sec/SNOW/10-K/2023-03-29_0001640147-23-000030/ex-211snowflakefy2023q4.htm,legal_entity_name_and_parent_ownership_require_registry_review,missing_COMPANIES_HOUSE_API_KEY,False
0000796343,ADBE,Adobe Inc.,2024-01-17,Content Calendr Limited,United Kingdom,table,extracts/sec/ADBE/10-K/2024-01-17_0000796343-24-000006/adbeex21fy23.htm,legal_entity_name_and_parent_ownership_require_registry_review,missing_COMPANIES_HOUSE_API_KEY,False
0001373715,NOW,"SERVICENOW, INC.",2024-01-25,"Era Software, LTD",United Kingdom,table,extracts/sec/NOW/10-K/2024-01-25_0001373715-24-000030/now-20231231xex211.htm,legal_entity_name_and_parent_ownership_require_registry_review,missing_COMPANIES_HOUSE_API_KEY,False
0000813672,CDNS,Cadence Design Systems,2024-02-14,Applied Wave Research Limited,United Kingdom,table,extracts/sec/CDNS/10-K/2024-02-14_0000813672-24-000034/ex2101cdns12312023.htm,legal_entity_name_and_parent_ownership_require_registry_review,missing_COMPANIES_HOUSE_API_KEY,False
0001590955,PAYC,"PAYCOM SOFTWARE, INC.",2024-02-15,"Paycom Global, LTD",United Kingdom,table,extracts/sec/PAYC/10-K/2024-02-15_0000950170-24-015863/payc-ex21_1.htm,legal_entity_name_and_parent_ownership_require_registry_review,missing_COMPANIES_HOUSE_API_KEY,False
0001866692,AMPL,"Amplitude, Inc. Class A Common Stock",2024-02-20,Amplitude Analytics Ltd.,United Kingdom,table,extracts/sec/AMPL/10-K/2024-02-20_0000950170-24-017102/ampl-ex21_1.htm,legal_entity_name_and_parent_ownership_require_registry_review,missing_COMPANIES_HOUSE_API_KEY,False
0001512673,XYZ,"Block, Inc.",2024-02-22,Clearpay Finance Limited,United Kingdom,table,extracts/sec/XYZ/10-K/2024-02-22_0001628280-24-006354/exhibit211blockinc2023.htm,legal_entity_name_and_parent_ownership_require_registry_review,missing_COMPANIES_HOUSE_API_KEY,False
0001517413,FSLY,"Fastly, Inc. Class A Common Stock",2024-02-22,Fastly Limited,United Kingdom,table,extracts/sec/FSLY/10-K/2024-02-22_0001517413-24-000048/fsly-123123x10kex211.htm,legal_entity_name_and_parent_ownership_require_registry_review,missing_COMPANIES_HOUSE_API_KEY,False
0001517413,FSLY,"Fastly, Inc. Class A Common Stock",2024-02-22,Fastly International Technology Limited,United Kingdom,table,extracts/sec/FSLY/10-K/2024-02-22_0001517413-24-000048/fsly-123123x10kex211.htm,legal_entity_name_and_parent_ownership_require_registry_review,missing_COMPANIES_HOUSE_API_KEY,False
0001517413,FSLY,"Fastly, Inc. Class A Common Stock",2024-02-22,Fastly International (Holdings) Limited,United Kingdom,table,extracts/sec/FSLY/10-K/2024-02-22_0001517413-24-000048/fsly-123123x10kex211.htm,legal_entity_name_and_parent_ownership_require_registry_review,missing_COMPANIES_HOUSE_API_KEY,False
0001031308,BSY,"Bentley Systems, Incorporated Class B Common Stock",2024-02-27,Geosoft Europe Limited,United Kingdom,table,extracts/sec/BSY/10-K/2024-02-27_0001031308-24-000002/a23q4exhibit21.htm,legal_entity_name_and_parent_ownership_require_registry_review,missing_COMPANIES_HOUSE_API_KEY,False
0000813828,PARA,"Banzai International, Inc. Class A Common Stock",2024-02-28,CBS Outdoor Metro Services Limited,United Kingdom,table,extracts/sec/PARA/10-K/2024-02-28_0000813828-24-000007/a2023q4_ex21-subsidiaries.htm,legal_entity_name_and_parent_ownership_require_registry_review,missing_COMPANIES_HOUSE_API_KEY,False
0001402436,SSNC,SS&C Technologies Inc,2024-02-28,SS&C Custody Services Limited,United Kingdom,table,extracts/sec/SSNC/10-K/2024-02-28_0000950170-24-022080/ssnc-ex21.htm,legal_entity_name_and_parent_ownership_require_registry_review,missing_COMPANIES_HOUSE_API_KEY,False
0001402436,SSNC,SS&C Technologies Inc,2024-02-28,Stechnology Limited,United Kingdom,table,extracts/sec/SSNC/10-K/2024-02-28_0000950170-24-022080/ssnc-ex21.htm,legal_entity_name_and_parent_ownership_require_registry_review,missing_COMPANIES_HOUSE_API_KEY,False
0001402436,SSNC,SS&C Technologies Inc,2024-02-28,Blue Prism Cloud Limited,United Kingdom,table,extracts/sec/SSNC/10-K/2024-02-28_0000950170-24-022080/ssnc-ex21.htm,legal_entity_name_and_parent_ownership_require_registry_review,missing_COMPANIES_HOUSE_API_KEY,False
0001626450,CMRC,"Commerce.com, Inc. Series 1 Common Stock",2024-02-29,BigCommerce UK Ltd,England and Wales,table,extracts/sec/CMRC/10-K/2024-02-29_0000950170-24-022864/bigc-ex21_1.htm,legal_entity_name_and_parent_ownership_require_registry_review,missing_COMPANIES_HOUSE_API_KEY,False
0001743725,GDYN,"Grid Dynamics Holdings, Inc. Class A Common Stock",2024-02-29,Tacit Knowledge Ltd.,United Kingdom,table,extracts/sec/GDYN/10-K/2024-02-29_0001628280-24-007971/gdyn-20231231xex211.htm,legal_entity_name_and_parent_ownership_require_registry_review,missing_COMPANIES_HOUSE_API_KEY,False
0001108524,CRM,"Salesforce, Inc.",2024-03-06,Datorama UK Ltd.,United Kingdom,table,extracts/sec/CRM/10-K/2024-03-06_0001108524-24-000005/ex211listofsubsidiariesfy24.htm,legal_entity_name_and_parent_ownership_require_registry_review,missing_COMPANIES_HOUSE_API_KEY,False
0001108524,CRM,"Salesforce, Inc.",2024-03-06,Salesforce.org EMEA Limited,United Kingdom,table,extracts/sec/CRM/10-K/2024-03-06_0001108524-24-000005/ex211listofsubsidiariesfy24.htm,legal_entity_name_and_parent_ownership_require_registry_review,missing_COMPANIES_HOUSE_API_KEY,False
0001853145,EVCM,EverCommerce Inc. Common Stock,2024-03-14,Fitii Limited,England and Wales,table,extracts/sec/EVCM/10-K/2024-03-14_0001853145-24-000026/ex211-listofsubsidiariesof.htm,legal_entity_name_and_parent_ownership_require_registry_review,missing_COMPANIES_HOUSE_API_KEY,False
0001853145,EVCM,EverCommerce Inc. Common Stock,2024-03-14,EverCommerce UK Company Ltd.,England and Wales,table,extracts/sec/EVCM/10-K/2024-03-14_0001853145-24-000026/ex211-listofsubsidiariesof.htm,legal_entity_name_and_parent_ownership_require_registry_review,missing_COMPANIES_HOUSE_API_KEY,False
0001853145,EVCM,EverCommerce Inc. Common Stock,2024-03-14,Clubwise Software Limited,England and Wales,table,extracts/sec/EVCM/10-K/2024-03-14_0001853145-24-000026/ex211-listofsubsidiariesof.htm,legal_entity_name_and_parent_ownership_require_registry_review,missing_COMPANIES_HOUSE_API_KEY,False
0001615063,INSE,"Inspired Entertainment, Inc.",2024-04-15,Astra Games LTD,England,table,extracts/sec/INSE/10-K/2024-04-15_0001493152-24-014609/ex21-1.htm,legal_entity_name_and_parent_ownership_require_registry_review,missing_COMPANIES_HOUSE_API_KEY,False
0001615063,INSE,"Inspired Entertainment, Inc.",2024-04-15,Bell-Fruit Group Limited,England,table,extracts/sec/INSE/10-K/2024-04-15_0001493152-24-014609/ex21-1.htm,legal_entity_name_and_parent_ownership_require_registry_review,missing_COMPANIES_HOUSE_API_KEY,False
0001169561,CVLT,"Commault Systems, Inc.",2024-05-13,Commvault Systems Limited,England,table,extracts/sec/CVLT/10-K/2024-05-13_0001169561-24-000039/listofsubsidiaries2024.htm,legal_entity_name_and_parent_ownership_require_registry_review,missing_COMPANIES_HOUSE_API_KEY,False
0000769397,ADSK,Autodesk Inc,2024-06-10,XP Solutions Software Limited,United Kingdom,table,extracts/sec/ADSK/10-K/2024-06-10_0000769397-24-000090/adsk01312024ex211.htm,legal_entity_name_and_parent_ownership_require_registry_review,missing_COMPANIES_HOUSE_API_KEY,False
0000896878,INTU,Intuit Inc,2024-09-04,Credit Karma UK Ltd.,United Kingdom,table,extracts/sec/INTU/10-K/2024-09-04_0000896878-24-000039/fy24q4-ex2101.htm,legal_entity_name_and_parent_ownership_require_registry_review,missing_COMPANIES_HOUSE_API_KEY,False
0001768267,CRNC,Cerence Inc. Common Stock,2024-11-25,Cerence Limited,United Kingdom,table,extracts/sec/CRNC/10-K/2024-11-25_0000950170-24-130642/crnc-ex21_1.htm,legal_entity_name_and_parent_ownership_require_registry_review,missing_COMPANIES_HOUSE_API_KEY,False
0000813672,CDNS,Cadence Design Systems,2025-02-21,6SIGMADC Limited,United Kingdom,table,extracts/sec/CDNS/10-K/2025-02-21_0000813672-25-000024/ex211cdns12312024.htm,legal_entity_name_and_parent_ownership_require_registry_review,missing_COMPANIES_HOUSE_API_KEY,False
0000813672,CDNS,Cadence Design Systems,2025-02-21,Pulsic Limited,United Kingdom,table,extracts/sec/CDNS/10-K/2025-02-21_0000813672-25-000024/ex211cdns12312024.htm,legal_entity_name_and_parent_ownership_require_registry_review,missing_COMPANIES_HOUSE_API_KEY,False
0000813672,CDNS,Cadence Design Systems,2025-02-21,BETA CAE SYSTEMS UK LIMITED,United Kingdom,table,extracts/sec/CDNS/10-K/2025-02-21_0000813672-25-000024/ex211cdns12312024.htm,legal_entity_name_and_parent_ownership_require_registry_review,missing_COMPANIES_HOUSE_API_KEY,False
0000813672,CDNS,Cadence Design Systems,2025-02-21,Pulsic Japan Limited,United Kingdom,table,extracts/sec/CDNS/10-K/2025-02-21_0000813672-25-000024/ex211cdns12312024.htm,legal_entity_name_and_parent_ownership_require_registry_review,missing_COMPANIES_HOUSE_API_KEY,False
0000813672,CDNS,Cadence Design Systems,2025-02-21,Future Facilities Limited,United Kingdom,table,extracts/sec/CDNS/10-K/2025-02-21_0000813672-25-000024/ex211cdns12312024.htm,legal_entity_name_and_parent_ownership_require_registry_review,missing_COMPANIES_HOUSE_API_KEY,False
0000813672,CDNS,Cadence Design Systems,2025-02-21,FFG Holdings Limited,United Kingdom,table,extracts/sec/CDNS/10-K/2025-02-21_0000813672-25-000024/ex211cdns12312024.htm,legal_entity_name_and_parent_ownership_require_registry_review,missing_COMPANIES_HOUSE_API_KEY,False
0000813672,CDNS,Cadence Design Systems,2025-02-21,Cadence Design Systems Limited,United Kingdom,table,extracts/sec/CDNS/10-K/2025-02-21_0000813672-25-000024/ex211cdns12312024.htm,legal_entity_name_and_parent_ownership_require_registry_review,missing_COMPANIES_HOUSE_API_KEY,False
0001445305,WK,Workiva Inc.,2025-02-25,Sustain.Life Ventures UK Limited,United Kingdom,table,extracts/sec/WK/10-K/2025-02-25_0001445305-25-000034/exhibit211subsidiaries1231.htm,legal_entity_name_and_parent_ownership_require_registry_review,missing_COMPANIES_HOUSE_API_KEY,False
0000813828,PARA,"Banzai International, Inc. Class A Common Stock",2025-02-26,Viacom Global Limited,United Kingdom,table,extracts/sec/PARA/10-K/2025-02-26_0000813828-25-000005/a2024q4_ex21-subsidiaries.htm,legal_entity_name_and_parent_ownership_require_registry_review,missing_COMPANIES_HOUSE_API_KEY,False
0000813828,PARA,"Banzai International, Inc. Class A Common Stock",2025-02-26,Viacom Interactive Limited,United Kingdom,table,extracts/sec/PARA/10-K/2025-02-26_0000813828-25-000005/a2024q4_ex21-subsidiaries.htm,legal_entity_name_and_parent_ownership_require_registry_review,missing_COMPANIES_HOUSE_API_KEY,False
0000813828,PARA,"Banzai International, Inc. Class A Common Stock",2025-02-26,Viacom Camden Lock Limited,United Kingdom,table,extracts/sec/PARA/10-K/2025-02-26_0000813828-25-000005/a2024q4_ex21-subsidiaries.htm,legal_entity_name_and_parent_ownership_require_registry_review,missing_COMPANIES_HOUSE_API_KEY,False
0000813828,PARA,"Banzai International, Inc. Class A Common Stock",2025-02-26,Viacom Brand Solutions Limited,United Kingdom,table,extracts/sec/PARA/10-K/2025-02-26_0000813828-25-000005/a2024q4_ex21-subsidiaries.htm,legal_entity_name_and_parent_ownership_require_registry_review,missing_COMPANIES_HOUSE_API_KEY,False
0000813828,PARA,"Banzai International, Inc. Class A Common Stock",2025-02-26,The Paramount UK Partnership (trading as Comedy Central),United Kingdom,table,extracts/sec/PARA/10-K/2025-02-26_0000813828-25-000005/a2024q4_ex21-subsidiaries.htm,legal_entity_name_and_parent_ownership_require_registry_review,missing_COMPANIES_HOUSE_API_KEY,False
0000813828,PARA,"Banzai International, Inc. Class A Common Stock",2025-02-26,Viacom Limited,United Kingdom,table,extracts/sec/PARA/10-K/2025-02-26_0000813828-25-000005/a2024q4_ex21-subsidiaries.htm,legal_entity_name_and_parent_ownership_require_registry_review,missing_COMPANIES_HOUSE_API_KEY,False
0000813828,PARA,"Banzai International, Inc. Class A Common Stock",2025-02-26,Sexy Beast Productions Limited,United Kingdom,table,extracts/sec/PARA/10-K/2025-02-26_0000813828-25-000005/a2024q4_ex21-subsidiaries.htm,legal_entity_name_and_parent_ownership_require_registry_review,missing_COMPANIES_HOUSE_API_KEY,False
0000813828,PARA,"Banzai International, Inc. Class A Common Stock",2025-02-26,Viacom Caledonia LP,United Kingdom,table,extracts/sec/PARA/10-K/2025-02-26_0000813828-25-000005/a2024q4_ex21-subsidiaries.htm,legal_entity_name_and_parent_ownership_require_registry_review,missing_COMPANIES_HOUSE_API_KEY,False
0000813828,PARA,"Banzai International, Inc. Class A Common Stock",2025-02-26,Viacom Networks Italia Limited,United Kingdom,table,extracts/sec/PARA/10-K/2025-02-26_0000813828-25-000005/a2024q4_ex21-subsidiaries.htm,legal_entity_name_and_parent_ownership_require_registry_review,missing_COMPANIES_HOUSE_API_KEY,False
0000813828,PARA,"Banzai International, Inc. Class A Common Stock",2025-02-26,ViacomCBS International Studios Productions Limited,United Kingdom,table,extracts/sec/PARA/10-K/2025-02-26_0000813828-25-000005/a2024q4_ex21-subsidiaries.htm,legal_entity_name_and_parent_ownership_require_registry_review,missing_COMPANIES_HOUSE_API_KEY,False
0000813828,PARA,"Banzai International, Inc. Class A Common Stock",2025-02-26,VIMN Argentina Limited,United Kingdom,table,extracts/sec/PARA/10-K/2025-02-26_0000813828-25-000005/a2024q4_ex21-subsidiaries.htm,legal_entity_name_and_parent_ownership_require_registry_review,missing_COMPANIES_HOUSE_API_KEY,False
0000813828,PARA,"Banzai International, Inc. Class A Common Stock",2025-02-26,VIMN CP Services (UK) Limited,United Kingdom,table,extracts/sec/PARA/10-K/2025-02-26_0000813828-25-000005/a2024q4_ex21-subsidiaries.htm,legal_entity_name_and_parent_ownership_require_registry_review,missing_COMPANIES_HOUSE_API_KEY,False
0000813828,PARA,"Banzai International, Inc. Class A Common Stock",2025-02-26,VIMN Finance Holding (UK) Ltd,United Kingdom,table,extracts/sec/PARA/10-K/2025-02-26_0000813828-25-000005/a2024q4_ex21-subsidiaries.htm,legal_entity_name_and_parent_ownership_require_registry_review,missing_COMPANIES_HOUSE_API_KEY,False
0000813828,PARA,"Banzai International, Inc. Class A Common Stock",2025-02-26,White Mountain Productions Limited,United Kingdom,table,extracts/sec/PARA/10-K/2025-02-26_0000813828-25-000005/a2024q4_ex21-subsidiaries.htm,legal_entity_name_and_parent_ownership_require_registry_review,missing_COMPANIES_HOUSE_API_KEY,False
0000813828,PARA,"Banzai International, Inc. Class A Common Stock",2025-02-26,Wilmerding International Holdings UK Limited,United Kingdom,table,extracts/sec/PARA/10-K/2025-02-26_0000813828-25-000005/a2024q4_ex21-subsidiaries.htm,legal_entity_name_and_parent_ownership_require_registry_review,missing_COMPANIES_HOUSE_API_KEY,False
0000813828,PARA,"Banzai International, Inc. Class A Common Stock",2025-02-26,R.G.L. Realty Limited,United Kingdom,table,extracts/sec/PARA/10-K/2025-02-26_0000813828-25-000005/a2024q4_ex21-subsidiaries.htm,legal_entity_name_and_parent_ownership_require_registry_review,missing_COMPANIES_HOUSE_API_KEY,False
0000813828,PARA,"Banzai International, Inc. Class A Common Stock",2025-02-26,ViacomCBS Interactive Holdings Limited,United Kingdom,table,extracts/sec/PARA/10-K/2025-02-26_0000813828-25-000005/a2024q4_ex21-subsidiaries.htm,legal_entity_name_and_parent_ownership_require_registry_review,missing_COMPANIES_HOUSE_API_KEY,False
0000813828,PARA,"Banzai International, Inc. Class A Common Stock",2025-02-26,Paramount Pictures UK,United Kingdom,table,extracts/sec/PARA/10-K/2025-02-26_0000813828-25-000005/a2024q4_ex21-subsidiaries.htm,legal_entity_name_and_parent_ownership_require_registry_review,missing_COMPANIES_HOUSE_API_KEY,False
0000813828,PARA,"Banzai International, Inc. Class A Common Stock",2025-02-26,Viacom International Media Networks U.K. Limited,United Kingdom,table,extracts/sec/PARA/10-K/2025-02-26_0000813828-25-000005/a2024q4_ex21-subsidiaries.htm,legal_entity_name_and_parent_ownership_require_registry_review,missing_COMPANIES_HOUSE_API_KEY,False
0000813828,PARA,"Banzai International, Inc. Class A Common Stock",2025-02-26,Paramount Pictures International Limited,United Kingdom,table,extracts/sec/PARA/10-K/2025-02-26_0000813828-25-000005/a2024q4_ex21-subsidiaries.htm,legal_entity_name_and_parent_ownership_require_registry_review,missing_COMPANIES_HOUSE_API_KEY,False
0000813828,PARA,"Banzai International, Inc. Class A Common Stock",2025-02-26,CBS Offshore Networks Holdings Limited,United Kingdom,table,extracts/sec/PARA/10-K/2025-02-26_0000813828-25-000005/a2024q4_ex21-subsidiaries.htm,legal_entity_name_and_parent_ownership_require_registry_review,missing_COMPANIES_HOUSE_API_KEY,False
0000813828,PARA,"Banzai International, Inc. Class A Common Stock",2025-02-26,Paramount Pictures Services UK,United Kingdom,table,extracts/sec/PARA/10-K/2025-02-26_0000813828-25-000005/a2024q4_ex21-subsidiaries.htm,legal_entity_name_and_parent_ownership_require_registry_review,missing_COMPANIES_HOUSE_API_KEY,False
0000813828,PARA,"Banzai International, Inc. Class A Common Stock",2025-02-26,CBS International Television (UK) Limited,United Kingdom,table,extracts/sec/PARA/10-K/2025-02-26_0000813828-25-000005/a2024q4_ex21-subsidiaries.htm,legal_entity_name_and_parent_ownership_require_registry_review,missing_COMPANIES_HOUSE_API_KEY,False
0000813828,PARA,"Banzai International, Inc. Class A Common Stock",2025-02-26,CBS International Holdings UK Limited,United Kingdom,table,extracts/sec/PARA/10-K/2025-02-26_0000813828-25-000005/a2024q4_ex21-subsidiaries.htm,legal_entity_name_and_parent_ownership_require_registry_review,missing_COMPANIES_HOUSE_API_KEY,False
0000813828,PARA,"Banzai International, Inc. Class A Common Stock",2025-02-26,CBS Finance Holdings Limited,United Kingdom,table,extracts/sec/PARA/10-K/2025-02-26_0000813828-25-000005/a2024q4_ex21-subsidiaries.htm,legal_entity_name_and_parent_ownership_require_registry_review,missing_COMPANIES_HOUSE_API_KEY,False
0000813828,PARA,"Banzai International, Inc. Class A Common Stock",2025-02-26,CBS Finance 2 UK Limited,United Kingdom,table,extracts/sec/PARA/10-K/2025-02-26_0000813828-25-000005/a2024q4_ex21-subsidiaries.htm,legal_entity_name_and_parent_ownership_require_registry_review,missing_COMPANIES_HOUSE_API_KEY,False
0000813828,PARA,"Banzai International, Inc. Class A Common Stock",2025-02-26,CBS Finance 1 UK Limited,United Kingdom,table,extracts/sec/PARA/10-K/2025-02-26_0000813828-25-000005/a2024q4_ex21-subsidiaries.htm,legal_entity_name_and_parent_ownership_require_registry_review,missing_COMPANIES_HOUSE_API_KEY,False
0000813828,PARA,"Banzai International, Inc. Class A Common Stock",2025-02-26,CBS Enterprises (UK) Limited,United Kingdom,table,extracts/sec/PARA/10-K/2025-02-26_0000813828-25-000005/a2024q4_ex21-subsidiaries.htm,legal_entity_name_and_parent_ownership_require_registry_review,missing_COMPANIES_HOUSE_API_KEY,False
0000813828,PARA,"Banzai International, Inc. Class A Common Stock",2025-02-26,CBS Productions UK Holdings Limited,United Kingdom,table,extracts/sec/PARA/10-K/2025-02-26_0000813828-25-000005/a2024q4_ex21-subsidiaries.htm,legal_entity_name_and_parent_ownership_require_registry_review,missing_COMPANIES_HOUSE_API_KEY,False
0000813828,PARA,"Banzai International, Inc. Class A Common Stock",2025-02-26,CBS EMEA Limited,United Kingdom,table,extracts/sec/PARA/10-K/2025-02-26_0000813828-25-000005/a2024q4_ex21-subsidiaries.htm,legal_entity_name_and_parent_ownership_require_registry_review,missing_COMPANIES_HOUSE_API_KEY,False
0000813828,PARA,"Banzai International, Inc. Class A Common Stock",2025-02-26,CBS All Access International UK Limited,United Kingdom,table,extracts/sec/PARA/10-K/2025-02-26_0000813828-25-000005/a2024q4_ex21-subsidiaries.htm,legal_entity_name_and_parent_ownership_require_registry_review,missing_COMPANIES_HOUSE_API_KEY,False
0000813828,PARA,"Banzai International, Inc. Class A Common Stock",2025-02-26,CBS Acquisition Holdings Limited,United Kingdom,table,extracts/sec/PARA/10-K/2025-02-26_0000813828-25-000005/a2024q4_ex21-subsidiaries.htm,legal_entity_name_and_parent_ownership_require_registry_review,missing_COMPANIES_HOUSE_API_KEY,False
0000813828,PARA,"Banzai International, Inc. Class A Common Stock",2025-02-26,Capital Equipment Leasing Limited,United Kingdom,table,extracts/sec/PARA/10-K/2025-02-26_0000813828-25-000005/a2024q4_ex21-subsidiaries.htm,legal_entity_name_and_parent_ownership_require_registry_review,missing_COMPANIES_HOUSE_API_KEY,False
0000813828,PARA,"Banzai International, Inc. Class A Common Stock",2025-02-26,Bungalow One Productions Limited,United Kingdom,table,extracts/sec/PARA/10-K/2025-02-26_0000813828-25-000005/a2024q4_ex21-subsidiaries.htm,legal_entity_name_and_parent_ownership_require_registry_review,missing_COMPANIES_HOUSE_API_KEY,False
0000813828,PARA,"Banzai International, Inc. Class A Common Stock",2025-02-26,August Street Films Limited,United Kingdom,table,extracts/sec/PARA/10-K/2025-02-26_0000813828-25-000005/a2024q4_ex21-subsidiaries.htm,legal_entity_name_and_parent_ownership_require_registry_review,missing_COMPANIES_HOUSE_API_KEY,False
0000813828,PARA,"Banzai International, Inc. Class A Common Stock",2025-02-26,Audioscrobbler Limited,United Kingdom,table,extracts/sec/PARA/10-K/2025-02-26_0000813828-25-000005/a2024q4_ex21-subsidiaries.htm,legal_entity_name_and_parent_ownership_require_registry_review,missing_COMPANIES_HOUSE_API_KEY,False
0000813828,PARA,"Banzai International, Inc. Class A Common Stock",2025-02-26,22 Stars Productions Limited,United Kingdom,table,extracts/sec/PARA/10-K/2025-02-26_0000813828-25-000005/a2024q4_ex21-subsidiaries.htm,legal_entity_name_and_parent_ownership_require_registry_review,missing_COMPANIES_HOUSE_API_KEY,False
0000813828,PARA,"Banzai International, Inc. Class A Common Stock",2025-02-26,CBS Broadcast Services Limited,United Kingdom,table,extracts/sec/PARA/10-K/2025-02-26_0000813828-25-000005/a2024q4_ex21-subsidiaries.htm,legal_entity_name_and_parent_ownership_require_registry_review,missing_COMPANIES_HOUSE_API_KEY,False
0000813828,PARA,"Banzai International, Inc. Class A Common Stock",2025-02-26,CBS Publishing UK Holdings Limited,United Kingdom,table,extracts/sec/PARA/10-K/2025-02-26_0000813828-25-000005/a2024q4_ex21-subsidiaries.htm,legal_entity_name_and_parent_ownership_require_registry_review,missing_COMPANIES_HOUSE_API_KEY,False
0000813828,PARA,"Banzai International, Inc. Class A Common Stock",2025-02-26,CBS UK Finance LP,United Kingdom,table,extracts/sec/PARA/10-K/2025-02-26_0000813828-25-000005/a2024q4_ex21-subsidiaries.htm,legal_entity_name_and_parent_ownership_require_registry_review,missing_COMPANIES_HOUSE_API_KEY,False
0000813828,PARA,"Banzai International, Inc. Class A Common Stock",2025-02-26,Crown Jewel Productions Limited,United Kingdom,table,extracts/sec/PARA/10-K/2025-02-26_0000813828-25-000005/a2024q4_ex21-subsidiaries.htm,legal_entity_name_and_parent_ownership_require_registry_review,missing_COMPANIES_HOUSE_API_KEY,False
0000813828,PARA,"Banzai International, Inc. Class A Common Stock",2025-02-26,CBS Studios Distribution UK Limited,United Kingdom,table,extracts/sec/PARA/10-K/2025-02-26_0000813828-25-000005/a2024q4_ex21-subsidiaries.htm,legal_entity_name_and_parent_ownership_require_registry_review,missing_COMPANIES_HOUSE_API_KEY,False
0000813828,PARA,"Banzai International, Inc. Class A Common Stock",2025-02-26,Crystal Ball Productions Limited,United Kingdom,table,extracts/sec/PARA/10-K/2025-02-26_0000813828-25-000005/a2024q4_ex21-subsidiaries.htm,legal_entity_name_and_parent_ownership_require_registry_review,missing_COMPANIES_HOUSE_API_KEY,False
0000813828,PARA,"Banzai International, Inc. Class A Common Stock",2025-02-26,Gower Avenue Films Limited,United Kingdom,table,extracts/sec/PARA/10-K/2025-02-26_0000813828-25-000005/a2024q4_ex21-subsidiaries.htm,legal_entity_name_and_parent_ownership_require_registry_review,missing_COMPANIES_HOUSE_API_KEY,False
0000813828,PARA,"Banzai International, Inc. Class A Common Stock",2025-02-26,High Command Productions Limited,United Kingdom,table,extracts/sec/PARA/10-K/2025-02-26_0000813828-25-000005/a2024q4_ex21-subsidiaries.htm,legal_entity_name_and_parent_ownership_require_registry_review,missing_COMPANIES_HOUSE_API_KEY,False
0000813828,PARA,"Banzai International, Inc. Class A Common Stock",2025-02-26,Columbia Broadcasting System Holdings UK Limited,United Kingdom,table,extracts/sec/PARA/10-K/2025-02-26_0000813828-25-000005/a2024q4_ex21-subsidiaries.htm,legal_entity_name_and_parent_ownership_require_registry_review,missing_COMPANIES_HOUSE_API_KEY,False
0000813828,PARA,"Banzai International, Inc. Class A Common Stock",2025-02-26,Jupiter Spring Productions Limited,United Kingdom,table,extracts/sec/PARA/10-K/2025-02-26_0000813828-25-000005/a2024q4_ex21-subsidiaries.htm,legal_entity_name_and_parent_ownership_require_registry_review,missing_COMPANIES_HOUSE_API_KEY,False
0000813828,PARA,"Banzai International, Inc. Class A Common Stock",2025-02-26,Last.FM Acquisition Limited,United Kingdom,table,extracts/sec/PARA/10-K/2025-02-26_0000813828-25-000005/a2024q4_ex21-subsidiaries.htm,legal_entity_name_and_parent_ownership_require_registry_review,missing_COMPANIES_HOUSE_API_KEY,False
0000813828,PARA,"Banzai International, Inc. Class A Common Stock",2025-02-26,Channel 5 Broadcasting Limited,United Kingdom,table,extracts/sec/PARA/10-K/2025-02-26_0000813828-25-000005/a2024q4_ex21-subsidiaries.htm,legal_entity_name_and_parent_ownership_require_registry_review,missing_COMPANIES_HOUSE_API_KEY,False
0000813828,PARA,"Banzai International, Inc. Class A Common Stock",2025-02-26,Last.FM Limited,United Kingdom,table,extracts/sec/PARA/10-K/2025-02-26_0000813828-25-000005/a2024q4_ex21-subsidiaries.htm,legal_entity_name_and_parent_ownership_require_registry_review,missing_COMPANIES_HOUSE_API_KEY,False
0000813828,PARA,"Banzai International, Inc. Class A Common Stock",2025-02-26,Nickelodeon Huggings U.K. Limited,United Kingdom,table,extracts/sec/PARA/10-K/2025-02-26_0000813828-25-000005/a2024q4_ex21-subsidiaries.htm,legal_entity_name_and_parent_ownership_require_registry_review,missing_COMPANIES_HOUSE_API_KEY,False
0000813828,PARA,"Banzai International, Inc. Class A Common Stock",2025-02-26,Nickelodeon International Limited,United Kingdom,table,extracts/sec/PARA/10-K/2025-02-26_0000813828-25-000005/a2024q4_ex21-subsidiaries.htm,legal_entity_name_and_parent_ownership_require_registry_review,missing_COMPANIES_HOUSE_API_KEY,False
0000813828,PARA,"Banzai International, Inc. Class A Common Stock",2025-02-26,CBS UK Productions Limited,United Kingdom,table,extracts/sec/PARA/10-K/2025-02-26_0000813828-25-000005/a2024q4_ex21-subsidiaries.htm,legal_entity_name_and_parent_ownership_require_registry_review,missing_COMPANIES_HOUSE_API_KEY,False
0000813828,PARA,"Banzai International, Inc. Class A Common Stock",2025-02-26,CBS UK Channels Limited,United Kingdom,table,extracts/sec/PARA/10-K/2025-02-26_0000813828-25-000005/a2024q4_ex21-subsidiaries.htm,legal_entity_name_and_parent_ownership_require_registry_review,missing_COMPANIES_HOUSE_API_KEY,False
0000813828,PARA,"Banzai International, Inc. Class A Common Stock",2025-02-26,Nickelodeon U.K. Limited,United Kingdom,table,extracts/sec/PARA/10-K/2025-02-26_0000813828-25-000005/a2024q4_ex21-subsidiaries.htm,legal_entity_name_and_parent_ownership_require_registry_review,missing_COMPANIES_HOUSE_API_KEY,False
0000813828,PARA,"Banzai International, Inc. Class A Common Stock",2025-02-26,Paramount British Pictures Limited,United Kingdom,table,extracts/sec/PARA/10-K/2025-02-26_0000813828-25-000005/a2024q4_ex21-subsidiaries.htm,legal_entity_name_and_parent_ownership_require_registry_review,missing_COMPANIES_HOUSE_API_KEY,False
0000813828,PARA,"Banzai International, Inc. Class A Common Stock",2025-02-26,Paramount Global UK Holdings Limited,United Kingdom,table,extracts/sec/PARA/10-K/2025-02-26_0000813828-25-000005/a2024q4_ex21-subsidiaries.htm,legal_entity_name_and_parent_ownership_require_registry_review,missing_COMPANIES_HOUSE_API_KEY,False
0000813828,PARA,"Banzai International, Inc. Class A Common Stock",2025-02-26,Paramount Home Entertainment (UK),United Kingdom,table,extracts/sec/PARA/10-K/2025-02-26_0000813828-25-000005/a2024q4_ex21-subsidiaries.htm,legal_entity_name_and_parent_ownership_require_registry_review,missing_COMPANIES_HOUSE_API_KEY,False
0000813828,PARA,"Banzai International, Inc. Class A Common Stock",2025-02-26,Paramount Home Entertainment International Limited,United Kingdom,table,extracts/sec/PARA/10-K/2025-02-26_0000813828-25-000005/a2024q4_ex21-subsidiaries.htm,legal_entity_name_and_parent_ownership_require_registry_review,missing_COMPANIES_HOUSE_API_KEY,False
0000813828,PARA,"Banzai International, Inc. Class A Common Stock",2025-02-26,CBS UK,United Kingdom,table,extracts/sec/PARA/10-K/2025-02-26_0000813828-25-000005/a2024q4_ex21-subsidiaries.htm,legal_entity_name_and_parent_ownership_require_registry_review,missing_COMPANIES_HOUSE_API_KEY,False
0001626450,CMRC,"Commerce.com, Inc. Series 1 Common Stock",2025-02-27,BigCommerce UK Ltd.,England and Wales,table,extracts/sec/CMRC/10-K/2025-02-27_0000950170-25-029211/bigc-ex21_1.htm,legal_entity_name_and_parent_ownership_require_registry_review,missing_COMPANIES_HOUSE_API_KEY,False
0001402436,SSNC,SS&C Technologies Inc,2025-03-03,SSC Jersey Limited,United Kingdom,table,extracts/sec/SSNC/10-K/2025-03-03_0000950170-25-030421/ssnc-ex21.htm,legal_entity_name_and_parent_ownership_require_registry_review,missing_COMPANIES_HOUSE_API_KEY,False
0001108524,CRM,"Salesforce, Inc.",2025-03-05,ClickSoftware Europe Limited,United Kingdom,table,extracts/sec/CRM/10-K/2025-03-05_0001108524-25-000006/ex211listofsubsidiariesfy25.htm,legal_entity_name_and_parent_ownership_require_registry_review,missing_COMPANIES_HOUSE_API_KEY,False
0001108524,CRM,"Salesforce, Inc.",2025-03-05,PredictSpring UK Limited,United Kingdom,table,extracts/sec/CRM/10-K/2025-03-05_0001108524-25-000006/ex211listofsubsidiariesfy25.htm,legal_entity_name_and_parent_ownership_require_registry_review,missing_COMPANIES_HOUSE_API_KEY,False
0001821175,MSGM,Motorsport Games Inc. Class A Common Stock,2025-03-20,Le Mans Esports Series Limited,United Kingdom,table,extracts/sec/MSGM/10-K/2025-03-20_0001493152-25-011033/ex21-1.htm,legal_entity_name_and_parent_ownership_require_registry_review,missing_COMPANIES_HOUSE_API_KEY,False
0001821175,MSGM,Motorsport Games Inc. Class A Common Stock,2025-03-20,Motorsport Games Limited,United Kingdom,table,extracts/sec/MSGM/10-K/2025-03-20_0001493152-25-011033/ex21-1.htm,legal_entity_name_and_parent_ownership_require_registry_review,missing_COMPANIES_HOUSE_API_KEY,False
0001615063,INSE,"Inspired Entertainment, Inc.",2025-03-26,Indigo Newco Limited,England,table,extracts/sec/INSE/10-K/2025-03-26_0001641172-25-000737/ex21-1.htm,legal_entity_name_and_parent_ownership_require_registry_review,missing_COMPANIES_HOUSE_API_KEY,False
0000946581,TTWO,Take-Two Interactive Software Inc,2025-05-20,Take-Two Europe (Holdings) Limited,United Kingdom,table,extracts/sec/TTWO/10-K/2025-05-20_0001628280-25-026694/ex-21103312025.htm,legal_entity_name_and_parent_ownership_require_registry_review,missing_COMPANIES_HOUSE_API_KEY,False
0000946581,TTWO,Take-Two Interactive Software Inc,2025-05-20,Rockstar Leeds Limited,United Kingdom,table,extracts/sec/TTWO/10-K/2025-05-20_0001628280-25-026694/ex-21103312025.htm,legal_entity_name_and_parent_ownership_require_registry_review,missing_COMPANIES_HOUSE_API_KEY,False
0000946581,TTWO,Take-Two Interactive Software Inc,2025-05-20,Venom Games Limited,United Kingdom,table,extracts/sec/TTWO/10-K/2025-05-20_0001628280-25-026694/ex-21103312025.htm,legal_entity_name_and_parent_ownership_require_registry_review,missing_COMPANIES_HOUSE_API_KEY,False
0000946581,TTWO,Take-Two Interactive Software Inc,2025-05-20,Rockstar Lincoln Limited,United Kingdom,table,extracts/sec/TTWO/10-K/2025-05-20_0001628280-25-026694/ex-21103312025.htm,legal_entity_name_and_parent_ownership_require_registry_review,missing_COMPANIES_HOUSE_API_KEY,False
0001650372,TEAM,Atlassian Corporation Class A Common Stock,2025-08-15,Atlassian (UK) Operations Limited,United Kingdom,table,extracts/sec/TEAM/10-K/2025-08-15_0001650372-25-000036/exhibit211-fy25subsidiarie.htm,legal_entity_name_and_parent_ownership_require_registry_review,missing_COMPANIES_HOUSE_API_KEY,False
0001650372,TEAM,Atlassian Corporation Class A Common Stock,2025-08-15,Atlassian Corporation Limited,United Kingdom,table,extracts/sec/TEAM/10-K/2025-08-15_0001650372-25-000036/exhibit211-fy25subsidiarie.htm,legal_entity_name_and_parent_ownership_require_registry_review,missing_COMPANIES_HOUSE_API_KEY,False
0000883241,SNPS,Synopsys Inc,2025-12-22,ANSYS UK Limited,United Kingdom,table,extracts/sec/SNPS/10-K/2025-12-22_0000883241-25-000028/a103125exhibit211.htm,legal_entity_name_and_parent_ownership_require_registry_review,missing_COMPANIES_HOUSE_API_KEY,False
0000796343,ADBE,Adobe Inc.,2026-01-15,"Workfront, Ltd",United Kingdom,table,extracts/sec/ADBE/10-K/2026-01-15_0000796343-26-000003/adbeex211fy25.htm,legal_entity_name_and_parent_ownership_require_registry_review,missing_COMPANIES_HOUSE_API_KEY,False
0000796343,ADBE,Adobe Inc.,2026-01-15,Adobe Systems Europe Limited.,United Kingdom,table,extracts/sec/ADBE/10-K/2026-01-15_0000796343-26-000003/adbeex211fy25.htm,legal_entity_name_and_parent_ownership_require_registry_review,missing_COMPANIES_HOUSE_API_KEY,False
0001373715,NOW,"SERVICENOW, INC.",2026-01-29,ServiceNow UK Limited,United Kingdom,table,extracts/sec/NOW/10-K/2026-01-29_0001373715-26-000007/now-20251231xex211.htm,legal_entity_name_and_parent_ownership_require_registry_review,missing_COMPANIES_HOUSE_API_KEY,False
0001373715,NOW,"SERVICENOW, INC.",2026-01-29,Sweagle Ltd.,United Kingdom,table,extracts/sec/NOW/10-K/2026-01-29_0001373715-26-000007/now-20251231xex211.htm,legal_entity_name_and_parent_ownership_require_registry_review,missing_COMPANIES_HOUSE_API_KEY,False
0001373715,NOW,"SERVICENOW, INC.",2026-01-29,UK Moveworks Limited,United Kingdom,table,extracts/sec/NOW/10-K/2026-01-29_0001373715-26-000007/now-20251231xex211.htm,legal_entity_name_and_parent_ownership_require_registry_review,missing_COMPANIES_HOUSE_API_KEY,False
0001056696,MANH,Manhattan Associates Inc,2026-02-04,Manhattan Associates Limited,United Kingdom,table,extracts/sec/MANH/10-K/2026-02-04_0001193125-26-037138/manh-ex21.htm,legal_entity_name_and_parent_ownership_require_registry_review,missing_COMPANIES_HOUSE_API_KEY,False
0001410384,QTWO,Q2 Holdings Inc,2026-02-11,Cloud Lending U.K. Ltd.,United Kingdom,table,extracts/sec/QTWO/10-K/2026-02-11_0001410384-26-000006/a251231ex211listofsubsidia.htm,legal_entity_name_and_parent_ownership_require_registry_review,missing_COMPANIES_HOUSE_API_KEY,False
0001315098,RBLX,Roblox Corporation,2026-02-11,Roblox UK Limited,United Kingdom,table,extracts/sec/RBLX/10-K/2026-02-11_0001315098-26-000024/exhibit211-listofsubsidiar.htm,legal_entity_name_and_parent_ownership_require_registry_review,missing_COMPANIES_HOUSE_API_KEY,False
0001810806,U,Unity Software Inc.,2026-02-11,Unity Software Limited,United Kingdom,table,extracts/sec/U/10-K/2026-02-11_0001810806-26-000011/ex211-q42025subsidiaries.htm,legal_entity_name_and_parent_ownership_require_registry_review,missing_COMPANIES_HOUSE_API_KEY,False
0001800667,FROG,JFrog Ltd. Ordinary Shares,2026-02-13,JFrog UK Limited,United Kingdom,table,extracts/sec/FROG/10-K/2026-02-13_0001193125-26-051382/frog-ex21_1.htm,legal_entity_name_and_parent_ownership_require_registry_review,missing_COMPANIES_HOUSE_API_KEY,False
0001321655,PLTR,Palantir Technologies Inc. Class A Common Stock,2026-02-17,"Palantir Technologies UK, Ltd.",United Kingdom,table,extracts/sec/PLTR/10-K/2026-02-17_0001321655-26-000011/a2025fyexhibit211.htm,legal_entity_name_and_parent_ownership_require_registry_review,missing_COMPANIES_HOUSE_API_KEY,False
0001321655,PLTR,Palantir Technologies Inc. Class A Common Stock,2026-02-17,"Palantir Technologies UK - Eagle, Ltd.",United Kingdom,table,extracts/sec/PLTR/10-K/2026-02-17_0001321655-26-000011/a2025fyexhibit211.htm,legal_entity_name_and_parent_ownership_require_registry_review,missing_COMPANIES_HOUSE_API_KEY,False
0001561550,DDOG,"Datadog, Inc. Class A Common Stock",2026-02-18,Datadog Ireland Limited UK Branch,United Kingdom,table,extracts/sec/DDOG/10-K/2026-02-18_0001628280-26-008819/ddog-20251231xex211.htm,legal_entity_name_and_parent_ownership_require_registry_review,missing_COMPANIES_HOUSE_API_KEY,False
0001590955,PAYC,"PAYCOM SOFTWARE, INC.",2026-02-19,Paycom Global Limited,United Kingdom,table,extracts/sec/PAYC/10-K/2026-02-19_0001193125-26-059372/payc-ex21_1.htm,legal_entity_name_and_parent_ownership_require_registry_review,missing_COMPANIES_HOUSE_API_KEY,False
0001441683,APPN,Appian Corporation Class A Common Stock,2026-02-19,Appian Europe Ltd.,England and Wales,table,extracts/sec/APPN/10-K/2026-02-19_0001441683-26-000013/appn12312025ex211.htm,legal_entity_name_and_parent_ownership_require_registry_review,missing_COMPANIES_HOUSE_API_KEY,False
0001445305,WK,Workiva Inc.,2026-02-19,Workiva Holdings Limited,United Kingdom,table,extracts/sec/WK/10-K/2026-02-19_0001445305-26-000016/exhibit211subsidiaries1231.htm,legal_entity_name_and_parent_ownership_require_registry_review,missing_COMPANIES_HOUSE_API_KEY,False
0001445305,WK,Workiva Inc.,2026-02-19,Workiva UK Limited,United Kingdom,table,extracts/sec/WK/10-K/2026-02-19_0001445305-26-000016/exhibit211subsidiaries1231.htm,legal_entity_name_and_parent_ownership_require_registry_review,missing_COMPANIES_HOUSE_API_KEY,False
0001107843,QLYS,"Qualys, Inc. Common Stock",2026-02-20,Qualys Ltd.,United Kingdom,table,extracts/sec/QLYS/10-K/2026-02-20_0001107843-26-000008/qlys-20251231xex211.htm,legal_entity_name_and_parent_ownership_require_registry_review,missing_COMPANIES_HOUSE_API_KEY,False
0001467623,DBX,"Dropbox, Inc. Class A",2026-02-20,Dropbox UK Online Ltd.,United Kingdom,table,extracts/sec/DBX/10-K/2026-02-20_0001467623-26-000008/exhibit211-q425.htm,legal_entity_name_and_parent_ownership_require_registry_review,missing_COMPANIES_HOUSE_API_KEY,False
0001522540,MQ,"Marqeta, Inc. Class A Common Stock",2026-02-24,Marqeta UK Ltd,United Kingdom,table,extracts/sec/MQ/10-K/2026-02-24_0001522540-26-000017/exhibit211-202510xk.htm,legal_entity_name_and_parent_ownership_require_registry_review,missing_COMPANIES_HOUSE_API_KEY,False
0001522540,MQ,"Marqeta, Inc. Class A Common Stock",2026-02-24,Transact Payments Services Limited UK,United Kingdom,table,extracts/sec/MQ/10-K/2026-02-24_0001522540-26-000017/exhibit211-202510xk.htm,legal_entity_name_and_parent_ownership_require_registry_review,missing_COMPANIES_HOUSE_API_KEY,False
0001447669,TWLO,Twilio Inc.,2026-02-24,Twilio UK Limited,England and Wales,table,extracts/sec/TWLO/10-K/2026-02-24_0001447669-26-000021/twlo-20251231ex211subsidia.htm,legal_entity_name_and_parent_ownership_require_registry_review,missing_COMPANIES_HOUSE_API_KEY,False
0001666134,BL,"BlackLine, Inc. Common Stock",2026-02-26,Rimilia Holdings Ltd.,United Kingdom,table,extracts/sec/BL/10-K/2026-02-26_0001628280-26-011915/bl-20251231xex211.htm,legal_entity_name_and_parent_ownership_require_registry_review,missing_COMPANIES_HOUSE_API_KEY,False
0001827090,CERT,"Certara, Inc. Common Stock",2026-02-26,La-Ser Europe Limited,England and Wales,table,extracts/sec/CERT/10-K/2026-02-26_0001827090-26-000011/exhibit211subsidiaries.htm,legal_entity_name_and_parent_ownership_require_registry_review,missing_COMPANIES_HOUSE_API_KEY,False
0001827090,CERT,"Certara, Inc. Common Stock",2026-02-26,Insight Medical Writing Limited,England and Wales,table,extracts/sec/CERT/10-K/2026-02-26_0001827090-26-000011/exhibit211subsidiaries.htm,legal_entity_name_and_parent_ownership_require_registry_review,missing_COMPANIES_HOUSE_API_KEY,False
0001788999,XPER,Xperi Inc,2026-02-26,Vewd Software Holdings Limited,United Kingdom,table,extracts/sec/XPER/10-K/2026-02-26_0001193125-26-076849/xper-ex21_1.htm,legal_entity_name_and_parent_ownership_require_registry_review,missing_COMPANIES_HOUSE_API_KEY,False
0001827090,CERT,"Certara, Inc. Common Stock",2026-02-26,Chemaxon Limited,England and Wales,table,extracts/sec/CERT/10-K/2026-02-26_0001827090-26-000011/exhibit211subsidiaries.htm,legal_entity_name_and_parent_ownership_require_registry_review,missing_COMPANIES_HOUSE_API_KEY,False
0001827090,CERT,"Certara, Inc. Common Stock",2026-02-26,Certara UK Limited,England and Wales,table,extracts/sec/CERT/10-K/2026-02-26_0001827090-26-000011/exhibit211subsidiaries.htm,legal_entity_name_and_parent_ownership_require_registry_review,missing_COMPANIES_HOUSE_API_KEY,False
0001666134,BL,"BlackLine, Inc. Common Stock",2026-02-26,BlackLine Systems Limited,United Kingdom,table,extracts/sec/BL/10-K/2026-02-26_0001628280-26-011915/bl-20251231xex211.htm,legal_entity_name_and_parent_ownership_require_registry_review,missing_COMPANIES_HOUSE_API_KEY,False
0001031308,BSY,"Bentley Systems, Incorporated Class B Common Stock",2026-02-26,Cohesive UK Group Limited,United Kingdom,table,extracts/sec/BSY/10-K/2026-02-26_0001031308-26-000007/a25q4exhibit21.htm,legal_entity_name_and_parent_ownership_require_registry_review,missing_COMPANIES_HOUSE_API_KEY,False
0001031308,BSY,"Bentley Systems, Incorporated Class B Common Stock",2026-02-26,Cadventure Limited,United Kingdom,table,extracts/sec/BSY/10-K/2026-02-26_0001031308-26-000007/a25q4exhibit21.htm,legal_entity_name_and_parent_ownership_require_registry_review,missing_COMPANIES_HOUSE_API_KEY,False
0001031308,BSY,"Bentley Systems, Incorporated Class B Common Stock",2026-02-26,Bentley Systems (UK) Ltd,United Kingdom,table,extracts/sec/BSY/10-K/2026-02-26_0001031308-26-000007/a25q4exhibit21.htm,legal_entity_name_and_parent_ownership_require_registry_review,missing_COMPANIES_HOUSE_API_KEY,False
0001788999,XPER,Xperi Inc,2026-02-26,DLLNI Limited,United Kingdom,table,extracts/sec/XPER/10-K/2026-02-26_0001193125-26-076849/xper-ex21_1.htm,legal_entity_name_and_parent_ownership_require_registry_review,missing_COMPANIES_HOUSE_API_KEY,False
0001827090,CERT,"Certara, Inc. Common Stock",2026-02-26,Formedix Limited,Scotland,table,extracts/sec/CERT/10-K/2026-02-26_0001827090-26-000011/exhibit211subsidiaries.htm,legal_entity_name_and_parent_ownership_require_registry_review,missing_COMPANIES_HOUSE_API_KEY,False
0001666134,BL,"BlackLine, Inc. Common Stock",2026-02-26,Data Interconnect Ltd.,United Kingdom,table,extracts/sec/BL/10-K/2026-02-26_0001628280-26-011915/bl-20251231xex211.htm,legal_entity_name_and_parent_ownership_require_registry_review,missing_COMPANIES_HOUSE_API_KEY,False
0001827090,CERT,"Certara, Inc. Common Stock",2026-02-26,"Certara UK Holdings, Ltd.",England and Wales,table,extracts/sec/CERT/10-K/2026-02-26_0001827090-26-000011/exhibit211subsidiaries.htm,legal_entity_name_and_parent_ownership_require_registry_review,missing_COMPANIES_HOUSE_API_KEY,False
0001544522,FRSH,Freshworks Inc. Class A Common Stock,2026-02-26,Freshworks Technologies UK Limited,United Kingdom,table,extracts/sec/FRSH/10-K/2026-02-26_0001544522-26-000036/ex211-listofsubsidiariesfy.htm,legal_entity_name_and_parent_ownership_require_registry_review,missing_COMPANIES_HOUSE_API_KEY,False
0001402436,SSNC,SS&C Technologies Inc,2026-02-26,Colossus Topco Limited,United Kingdom,table,extracts/sec/SSNC/10-K/2026-02-26_0001193125-26-076745/ssnc-ex21.htm,legal_entity_name_and_parent_ownership_require_registry_review,missing_COMPANIES_HOUSE_API_KEY,False
0001402436,SSNC,SS&C Technologies Inc,2026-02-26,Pensions and Actuarial Services Limited,United Kingdom,table,extracts/sec/SSNC/10-K/2026-02-26_0001193125-26-076745/ssnc-ex21.htm,legal_entity_name_and_parent_ownership_require_registry_review,missing_COMPANIES_HOUSE_API_KEY,False
0001402436,SSNC,SS&C Technologies Inc,2026-02-26,Intralinks Ltd.,United Kingdom,table,extracts/sec/SSNC/10-K/2026-02-26_0001193125-26-076745/ssnc-ex21.htm,legal_entity_name_and_parent_ownership_require_registry_review,missing_COMPANIES_HOUSE_API_KEY,False
0001402436,SSNC,SS&C Technologies Inc,2026-02-26,Hubwise Services Limited,United Kingdom,table,extracts/sec/SSNC/10-K/2026-02-26_0001193125-26-076745/ssnc-ex21.htm,legal_entity_name_and_parent_ownership_require_registry_review,missing_COMPANIES_HOUSE_API_KEY,False
0001402436,SSNC,SS&C Technologies Inc,2026-02-26,Hubwise Securities Limited,United Kingdom,table,extracts/sec/SSNC/10-K/2026-02-26_0001193125-26-076745/ssnc-ex21.htm,legal_entity_name_and_parent_ownership_require_registry_review,missing_COMPANIES_HOUSE_API_KEY,False
0001402436,SSNC,SS&C Technologies Inc,2026-02-26,Hubwise Nominees Limited,United Kingdom,table,extracts/sec/SSNC/10-K/2026-02-26_0001193125-26-076745/ssnc-ex21.htm,legal_entity_name_and_parent_ownership_require_registry_review,missing_COMPANIES_HOUSE_API_KEY,False
0001402436,SSNC,SS&C Technologies Inc,2026-02-26,Hubwise Holdings Limited,United Kingdom,table,extracts/sec/SSNC/10-K/2026-02-26_0001193125-26-076745/ssnc-ex21.htm,legal_entity_name_and_parent_ownership_require_registry_review,missing_COMPANIES_HOUSE_API_KEY,False
0001402436,SSNC,SS&C Technologies Inc,2026-02-26,Blue Prism Group Limited,United Kingdom,table,extracts/sec/SSNC/10-K/2026-02-26_0001193125-26-076745/ssnc-ex21.htm,legal_entity_name_and_parent_ownership_require_registry_review,missing_COMPANIES_HOUSE_API_KEY,False
0001402436,SSNC,SS&C Technologies Inc,2026-02-26,Blue Prism Limited,United Kingdom,table,extracts/sec/SSNC/10-K/2026-02-26_0001193125-26-076745/ssnc-ex21.htm,legal_entity_name_and_parent_ownership_require_registry_review,missing_COMPANIES_HOUSE_API_KEY,False
0001402436,SSNC,SS&C Technologies Inc,2026-02-26,Colossus Bidco Limited,United Kingdom,table,extracts/sec/SSNC/10-K/2026-02-26_0001193125-26-076745/ssnc-ex21.htm,legal_entity_name_and_parent_ownership_require_registry_review,missing_COMPANIES_HOUSE_API_KEY,False
0001402436,SSNC,SS&C Technologies Inc,2026-02-26,Calastone Limited,United Kingdom,table,extracts/sec/SSNC/10-K/2026-02-26_0001193125-26-076745/ssnc-ex21.htm,legal_entity_name_and_parent_ownership_require_registry_review,missing_COMPANIES_HOUSE_API_KEY,False
0001402436,SSNC,SS&C Technologies Inc,2026-02-26,Financial Models Corporation Limited,United Kingdom,table,extracts/sec/SSNC/10-K/2026-02-26_0001193125-26-076745/ssnc-ex21.htm,legal_entity_name_and_parent_ownership_require_registry_review,missing_COMPANIES_HOUSE_API_KEY,False
0001402436,SSNC,SS&C Technologies Inc,2026-02-26,Eze Software EMEA Limited,United Kingdom,table,extracts/sec/SSNC/10-K/2026-02-26_0001193125-26-076745/ssnc-ex21.htm,legal_entity_name_and_parent_ownership_require_registry_review,missing_COMPANIES_HOUSE_API_KEY,False
0001402436,SSNC,SS&C Technologies Inc,2026-02-26,DSTi Holdings Limited,United Kingdom,table,extracts/sec/SSNC/10-K/2026-02-26_0001193125-26-076745/ssnc-ex21.htm,legal_entity_name_and_parent_ownership_require_registry_review,missing_COMPANIES_HOUSE_API_KEY,False
0001402436,SSNC,SS&C Technologies Inc,2026-02-26,DSTi Group LLP,United Kingdom,table,extracts/sec/SSNC/10-K/2026-02-26_0001193125-26-076745/ssnc-ex21.htm,legal_entity_name_and_parent_ownership_require_registry_review,missing_COMPANIES_HOUSE_API_KEY,False
0001402436,SSNC,SS&C Technologies Inc,2026-02-26,DST Process Solutions Limited,United Kingdom,table,extracts/sec/SSNC/10-K/2026-02-26_0001193125-26-076745/ssnc-ex21.htm,legal_entity_name_and_parent_ownership_require_registry_review,missing_COMPANIES_HOUSE_API_KEY,False
0001402436,SSNC,SS&C Technologies Inc,2026-02-26,DST Global Solutions (Realty) Limited,United Kingdom,table,extracts/sec/SSNC/10-K/2026-02-26_0001193125-26-076745/ssnc-ex21.htm,legal_entity_name_and_parent_ownership_require_registry_review,missing_COMPANIES_HOUSE_API_KEY,False
0001402436,SSNC,SS&C Technologies Inc,2026-02-26,SS&C Depositary Services Limited,United Kingdom,table,extracts/sec/SSNC/10-K/2026-02-26_0001193125-26-076745/ssnc-ex21.htm,legal_entity_name_and_parent_ownership_require_registry_review,missing_COMPANIES_HOUSE_API_KEY,False
0001402436,SSNC,SS&C Technologies Inc,2026-02-26,SS&C DST Holdings Limited,United Kingdom,table,extracts/sec/SSNC/10-K/2026-02-26_0001193125-26-076745/ssnc-ex21.htm,legal_entity_name_and_parent_ownership_require_registry_review,missing_COMPANIES_HOUSE_API_KEY,False
0001402436,SSNC,SS&C Technologies Inc,2026-02-26,Colossus Midco Limited,United Kingdom,table,extracts/sec/SSNC/10-K/2026-02-26_0001193125-26-076745/ssnc-ex21.htm,legal_entity_name_and_parent_ownership_require_registry_review,missing_COMPANIES_HOUSE_API_KEY,False
0001402436,SSNC,SS&C Technologies Inc,2026-02-26,SS&C Solutions Limited,United Kingdom,table,extracts/sec/SSNC/10-K/2026-02-26_0001193125-26-076745/ssnc-ex21.htm,legal_entity_name_and_parent_ownership_require_registry_review,missing_COMPANIES_HOUSE_API_KEY,False
0001402436,SSNC,SS&C Technologies Inc,2026-02-26,SS&C Trustees Limited,United Kingdom,table,extracts/sec/SSNC/10-K/2026-02-26_0001193125-26-076745/ssnc-ex21.htm,legal_entity_name_and_parent_ownership_require_registry_review,missing_COMPANIES_HOUSE_API_KEY,False
0001402436,SSNC,SS&C Technologies Inc,2026-02-26,SS&C Financial Services Europe Limited,United Kingdom,table,extracts/sec/SSNC/10-K/2026-02-26_0001193125-26-076745/ssnc-ex21.htm,legal_entity_name_and_parent_ownership_require_registry_review,missing_COMPANIES_HOUSE_API_KEY,False
0001402436,SSNC,SS&C Technologies Inc,2026-02-26,SS&C Fund Services (UK) Limited,United Kingdom,table,extracts/sec/SSNC/10-K/2026-02-26_0001193125-26-076745/ssnc-ex21.htm,legal_entity_name_and_parent_ownership_require_registry_review,missing_COMPANIES_HOUSE_API_KEY,False
0001402436,SSNC,SS&C Technologies Inc,2026-02-26,SS&C Financial Services International Limited,United Kingdom,table,extracts/sec/SSNC/10-K/2026-02-26_0001193125-26-076745/ssnc-ex21.htm,legal_entity_name_and_parent_ownership_require_registry_review,missing_COMPANIES_HOUSE_API_KEY,False
0001402436,SSNC,SS&C Technologies Inc,2026-02-26,SS&C Financial Services Limited,United Kingdom,table,extracts/sec/SSNC/10-K/2026-02-26_0001193125-26-076745/ssnc-ex21.htm,legal_entity_name_and_parent_ownership_require_registry_review,missing_COMPANIES_HOUSE_API_KEY,False
0001517375,SPT,"Sprout Social, Inc Class A Common Stock",2026-02-27,Sprout Social UK Limited,England and Wales,table,extracts/sec/SPT/10-K/2026-02-27_0001517375-26-000015/spt227202610-kex211sublist.htm,legal_entity_name_and_parent_ownership_require_registry_review,missing_COMPANIES_HOUSE_API_KEY,False
0001562088,DUOL,"Duolingo, Inc. Class A Common Stock",2026-02-27,Duolingo UK Limited,United Kingdom,table,extracts/sec/DUOL/10-K/2026-02-27_0001628280-26-012494/duolingo-2025q410kex211.htm,legal_entity_name_and_parent_ownership_require_registry_review,missing_COMPANIES_HOUSE_API_KEY,False
0001562088,DUOL,"Duolingo, Inc. Class A Common Stock",2026-02-27,Music Learning Services Limited,United Kingdom,table,extracts/sec/DUOL/10-K/2026-02-27_0001628280-26-012494/duolingo-2025q410kex211.htm,legal_entity_name_and_parent_ownership_require_registry_review,missing_COMPANIES_HOUSE_API_KEY,False
0000816761,TDC,TERADATA CORPORATION,2026-02-27,Teradata (UK) Limited,United Kingdom,table,extracts/sec/TDC/10-K/2026-02-27_0001628280-26-012671/exhibit21-teradatasubsidia.htm,legal_entity_name_and_parent_ownership_require_registry_review,missing_COMPANIES_HOUSE_API_KEY,False
0001108524,CRM,"Salesforce, Inc.",2026-03-02,Salesforce UK Limited,United Kingdom,table,extracts/sec/CRM/10-K/2026-03-02_0001108524-26-000060/ex211listofsubsidiariesfy26.htm,legal_entity_name_and_parent_ownership_require_registry_review,missing_COMPANIES_HOUSE_API_KEY,False
0001108524,CRM,"Salesforce, Inc.",2026-03-02,Informatica Development Limited,United Kingdom,table,extracts/sec/CRM/10-K/2026-03-02_0001108524-26-000060/ex211listofsubsidiariesfy26.htm,legal_entity_name_and_parent_ownership_require_registry_review,missing_COMPANIES_HOUSE_API_KEY,False
0001769628,CRWV,"CoreWeave, Inc. Class A Common Stock",2026-03-02,CCAC IV UK Limited,United Kingdom,table,extracts/sec/CRWV/10-K/2026-03-02_0001769628-26-000104/ex211-coreweaveincx10xk.htm,legal_entity_name_and_parent_ownership_require_registry_review,missing_COMPANIES_HOUSE_API_KEY,False
0001108524,CRM,"Salesforce, Inc.",2026-03-02,Privitar Ltd.,United Kingdom,table,extracts/sec/CRM/10-K/2026-03-02_0001108524-26-000060/ex211listofsubsidiariesfy26.htm,legal_entity_name_and_parent_ownership_require_registry_review,missing_COMPANIES_HOUSE_API_KEY,False
0001108524,CRM,"Salesforce, Inc.",2026-03-02,OwnCompany UK Limited,United Kingdom,table,extracts/sec/CRM/10-K/2026-03-02_0001108524-26-000060/ex211listofsubsidiariesfy26.htm,legal_entity_name_and_parent_ownership_require_registry_review,missing_COMPANIES_HOUSE_API_KEY,False
0001108524,CRM,"Salesforce, Inc.",2026-03-02,Informatica Software Ltd.,United Kingdom,table,extracts/sec/CRM/10-K/2026-03-02_0001108524-26-000060/ex211listofsubsidiariesfy26.htm,legal_entity_name_and_parent_ownership_require_registry_review,missing_COMPANIES_HOUSE_API_KEY,False
0001108524,CRM,"Salesforce, Inc.",2026-03-02,SFDC EMEA Data Centre Limited,United Kingdom,table,extracts/sec/CRM/10-K/2026-03-02_0001108524-26-000060/ex211listofsubsidiariesfy26.htm,legal_entity_name_and_parent_ownership_require_registry_review,missing_COMPANIES_HOUSE_API_KEY,False
0001108524,CRM,"Salesforce, Inc.",2026-03-02,Zoomin Software UK Ltd,United Kingdom,table,extracts/sec/CRM/10-K/2026-03-02_0001108524-26-000060/ex211listofsubsidiariesfy26.htm,legal_entity_name_and_parent_ownership_require_registry_review,missing_COMPANIES_HOUSE_API_KEY,False
0001769628,CRWV,"CoreWeave, Inc. Class A Common Stock",2026-03-02,CoreWeave UK Limited,United Kingdom,table,extracts/sec/CRWV/10-K/2026-03-02_0001769628-26-000104/ex211-coreweaveincx10xk.htm,legal_entity_name_and_parent_ownership_require_registry_review,missing_COMPANIES_HOUSE_API_KEY,False
0001108524,CRM,"Salesforce, Inc.",2026-03-02,Convergence Labs Ltd.,United Kingdom,table,extracts/sec/CRM/10-K/2026-03-02_0001108524-26-000060/ex211listofsubsidiariesfy26.htm,legal_entity_name_and_parent_ownership_require_registry_review,missing_COMPANIES_HOUSE_API_KEY,False
0001108524,CRM,"Salesforce, Inc.",2026-03-02,Diaku Limited,United Kingdom,table,extracts/sec/CRM/10-K/2026-03-02_0001108524-26-000060/ex211listofsubsidiariesfy26.htm,legal_entity_name_and_parent_ownership_require_registry_review,missing_COMPANIES_HOUSE_API_KEY,False
0001626450,CMRC,"Commerce.com, Inc. Series 1 Common Stock",2026-03-02,Commerce Software UK Ltd. (f/k/a BigCommerce UK Ltd.),England and Wales,table,extracts/sec/CMRC/10-K/2026-03-02_0001193125-26-085687/bigc-ex21_1.htm,legal_entity_name_and_parent_ownership_require_registry_review,missing_COMPANIES_HOUSE_API_KEY,False
0000769397,ADSK,Autodesk Inc,2026-03-03,Payapps.com (UK) Ltd.,United Kingdom,table,extracts/sec/ADSK/10-K/2026-03-03_0000769397-26-000015/adsk01312026ex211.htm,legal_entity_name_and_parent_ownership_require_registry_review,missing_COMPANIES_HOUSE_API_KEY,False
0000769397,ADSK,Autodesk Inc,2026-03-03,Webcontractor Holdings Ltd.,United Kingdom,table,extracts/sec/ADSK/10-K/2026-03-03_0000769397-26-000015/adsk01312026ex211.htm,legal_entity_name_and_parent_ownership_require_registry_review,missing_COMPANIES_HOUSE_API_KEY,False
0000769397,ADSK,Autodesk Inc,2026-03-03,Webcontractor Ltd.,United Kingdom,table,extracts/sec/ADSK/10-K/2026-03-03_0000769397-26-000015/adsk01312026ex211.htm,legal_entity_name_and_parent_ownership_require_registry_review,missing_COMPANIES_HOUSE_API_KEY,False
0000769397,ADSK,Autodesk Inc,2026-03-03,Delcam Limited,United Kingdom,table,extracts/sec/ADSK/10-K/2026-03-03_0000769397-26-000015/adsk01312026ex211.htm,legal_entity_name_and_parent_ownership_require_registry_review,missing_COMPANIES_HOUSE_API_KEY,False
0000769397,ADSK,Autodesk Inc,2026-03-03,Innovyze Ltd.,United Kingdom,table,extracts/sec/ADSK/10-K/2026-03-03_0000769397-26-000015/adsk01312026ex211.htm,legal_entity_name_and_parent_ownership_require_registry_review,missing_COMPANIES_HOUSE_API_KEY,False
0000769397,ADSK,Autodesk Inc,2026-03-03,Datum360 Limited,United Kingdom,table,extracts/sec/ADSK/10-K/2026-03-03_0000769397-26-000015/adsk01312026ex211.htm,legal_entity_name_and_parent_ownership_require_registry_review,missing_COMPANIES_HOUSE_API_KEY,False
0000769397,ADSK,Autodesk Inc,2026-03-03,Datum360 Holdco Limited,United Kingdom,table,extracts/sec/ADSK/10-K/2026-03-03_0000769397-26-000015/adsk01312026ex211.htm,legal_entity_name_and_parent_ownership_require_registry_review,missing_COMPANIES_HOUSE_API_KEY,False
0000769397,ADSK,Autodesk Inc,2026-03-03,Autodesk UK Holdings Limited,United Kingdom,table,extracts/sec/ADSK/10-K/2026-03-03_0000769397-26-000015/adsk01312026ex211.htm,legal_entity_name_and_parent_ownership_require_registry_review,missing_COMPANIES_HOUSE_API_KEY,False
0000769397,ADSK,Autodesk Inc,2026-03-03,Autodesk Direct Limited,United Kingdom,table,extracts/sec/ADSK/10-K/2026-03-03_0000769397-26-000015/adsk01312026ex211.htm,legal_entity_name_and_parent_ownership_require_registry_review,missing_COMPANIES_HOUSE_API_KEY,False
0001743725,GDYN,"Grid Dynamics Holdings, Inc. Class A Common Stock",2026-03-05,Congreve Computing Ltd.,United Kingdom,table,extracts/sec/GDYN/10-K/2026-03-05_0001743725-26-000007/gdyn-20251231xex211.htm,legal_entity_name_and_parent_ownership_require_registry_review,missing_COMPANIES_HOUSE_API_KEY,False
0001743725,GDYN,"Grid Dynamics Holdings, Inc. Class A Common Stock",2026-03-05,Headrunner Ltd.,United Kingdom,table,extracts/sec/GDYN/10-K/2026-03-05_0001743725-26-000007/gdyn-20251231xex211.htm,legal_entity_name_and_parent_ownership_require_registry_review,missing_COMPANIES_HOUSE_API_KEY,False
0001743725,GDYN,"Grid Dynamics Holdings, Inc. Class A Common Stock",2026-03-05,JUXT LTD.,United Kingdom,table,extracts/sec/GDYN/10-K/2026-03-05_0001743725-26-000007/gdyn-20251231xex211.htm,legal_entity_name_and_parent_ownership_require_registry_review,missing_COMPANIES_HOUSE_API_KEY,False
0001743725,GDYN,"Grid Dynamics Holdings, Inc. Class A Common Stock",2026-03-05,Grid Dynamics UK Ltd.,United Kingdom,table,extracts/sec/GDYN/10-K/2026-03-05_0001743725-26-000007/gdyn-20251231xex211.htm,legal_entity_name_and_parent_ownership_require_registry_review,missing_COMPANIES_HOUSE_API_KEY,False
0001603015,VIA,"Via Transportation, Inc.",2026-03-06,Via Transportation UK Ltd.,United Kingdom,table,extracts/sec/VIA/10-K/2026-03-06_0001603015-26-000008/exhibit211q425.htm,legal_entity_name_and_parent_ownership_require_registry_review,missing_COMPANIES_HOUSE_API_KEY,False
0001603015,VIA,"Via Transportation, Inc.",2026-03-06,Kempsford Transport UK Ltd.,United Kingdom,table,extracts/sec/VIA/10-K/2026-03-06_0001603015-26-000008/exhibit211q425.htm,legal_entity_name_and_parent_ownership_require_registry_review,missing_COMPANIES_HOUSE_API_KEY,False
0001603015,VIA,"Via Transportation, Inc.",2026-03-06,Citymapper Limited,United Kingdom,table,extracts/sec/VIA/10-K/2026-03-06_0001603015-26-000008/exhibit211q425.htm,legal_entity_name_and_parent_ownership_require_registry_review,missing_COMPANIES_HOUSE_API_KEY,False
0000910638,DDD,3D Systems Corporation,2026-03-09,3D European Holdings Ltd.,United Kingdom,table,extracts/sec/DDD/10-K/2026-03-09_0001628280-26-015997/ddd-2025_12x31ex211.htm,legal_entity_name_and_parent_ownership_require_registry_review,missing_COMPANIES_HOUSE_API_KEY,False
0000910638,DDD,3D Systems Corporation,2026-03-09,3D Systems Europe Ltd.,United Kingdom,table,extracts/sec/DDD/10-K/2026-03-09_0001628280-26-015997/ddd-2025_12x31ex211.htm,legal_entity_name_and_parent_ownership_require_registry_review,missing_COMPANIES_HOUSE_API_KEY,False
0001372612,BOX,"BOX, INC.",2026-03-09,Box Intl Holdings Ltd,United Kingdom,table,extracts/sec/BOX/10-K/2026-03-09_0001193125-26-098466/box-ex21_1.htm,legal_entity_name_and_parent_ownership_require_registry_review,missing_COMPANIES_HOUSE_API_KEY,False
0001372612,BOX,"BOX, INC.",2026-03-09,Box Intl Technology Ltd,United Kingdom,table,extracts/sec/BOX/10-K/2026-03-09_0001193125-26-098466/box-ex21_1.htm,legal_entity_name_and_parent_ownership_require_registry_review,missing_COMPANIES_HOUSE_API_KEY,False
0001372612,BOX,"BOX, INC.",2026-03-09,Box.com (UK) Ltd,United Kingdom,table,extracts/sec/BOX/10-K/2026-03-09_0001193125-26-098466/box-ex21_1.htm,legal_entity_name_and_parent_ownership_require_registry_review,missing_COMPANIES_HOUSE_API_KEY,False
0001615063,INSE,"Inspired Entertainment, Inc.",2026-03-10,DMWSL 632 Limited,England,table,extracts/sec/INSE/10-K/2026-03-10_0001493152-26-009479/ex21-1.htm,legal_entity_name_and_parent_ownership_require_registry_review,missing_COMPANIES_HOUSE_API_KEY,False
0001615063,INSE,"Inspired Entertainment, Inc.",2026-03-10,Playnation Limited,England,table,extracts/sec/INSE/10-K/2026-03-10_0001493152-26-009479/ex21-1.htm,legal_entity_name_and_parent_ownership_require_registry_review,missing_COMPANIES_HOUSE_API_KEY,False
0001615063,INSE,"Inspired Entertainment, Inc.",2026-03-10,Gamestec Leisure Limited,England,table,extracts/sec/INSE/10-K/2026-03-10_0001493152-26-009479/ex21-1.htm,legal_entity_name_and_parent_ownership_require_registry_review,missing_COMPANIES_HOUSE_API_KEY,False
0001615063,INSE,"Inspired Entertainment, Inc.",2026-03-10,Inspired Gaming (Greece) Limited,England,table,extracts/sec/INSE/10-K/2026-03-10_0001493152-26-009479/ex21-1.htm,legal_entity_name_and_parent_ownership_require_registry_review,missing_COMPANIES_HOUSE_API_KEY,False
0001615063,INSE,"Inspired Entertainment, Inc.",2026-03-10,Inspired Gaming (Italy) Limited,England,table,extracts/sec/INSE/10-K/2026-03-10_0001493152-26-009479/ex21-1.htm,legal_entity_name_and_parent_ownership_require_registry_review,missing_COMPANIES_HOUSE_API_KEY,False
0001615063,INSE,"Inspired Entertainment, Inc.",2026-03-10,Inspired Gaming (Colombia) Limited,England,table,extracts/sec/INSE/10-K/2026-03-10_0001493152-26-009479/ex21-1.htm,legal_entity_name_and_parent_ownership_require_registry_review,missing_COMPANIES_HOUSE_API_KEY,False
0001615063,INSE,"Inspired Entertainment, Inc.",2026-03-10,Inspired Gaming Pension Trustees Limited,England,table,extracts/sec/INSE/10-K/2026-03-10_0001493152-26-009479/ex21-1.htm,legal_entity_name_and_parent_ownership_require_registry_review,missing_COMPANIES_HOUSE_API_KEY,False
0001615063,INSE,"Inspired Entertainment, Inc.",2026-03-10,115CR (150) Limited,England,table,extracts/sec/INSE/10-K/2026-03-10_0001493152-26-009479/ex21-1.htm,legal_entity_name_and_parent_ownership_require_registry_review,missing_COMPANIES_HOUSE_API_KEY,False
0001615063,INSE,"Inspired Entertainment, Inc.",2026-03-10,Revolution Entertainment Systems Limited,England,table,extracts/sec/INSE/10-K/2026-03-10_0001493152-26-009479/ex21-1.htm,legal_entity_name_and_parent_ownership_require_registry_review,missing_COMPANIES_HOUSE_API_KEY,False
0001615063,INSE,"Inspired Entertainment, Inc.",2026-03-10,Leisure Link Electronic Entertainment Limited,England,table,extracts/sec/INSE/10-K/2026-03-10_0001493152-26-009479/ex21-1.htm,legal_entity_name_and_parent_ownership_require_registry_review,missing_COMPANIES_HOUSE_API_KEY,False
0001615063,INSE,"Inspired Entertainment, Inc.",2026-03-10,DMWSL 633 Limited,England,table,extracts/sec/INSE/10-K/2026-03-10_0001493152-26-009479/ex21-1.htm,legal_entity_name_and_parent_ownership_require_registry_review,missing_COMPANIES_HOUSE_API_KEY,False
0001615063,INSE,"Inspired Entertainment, Inc.",2026-03-10,Inspired Gaming Limited,England,table,extracts/sec/INSE/10-K/2026-03-10_0001493152-26-009479/ex21-1.htm,legal_entity_name_and_parent_ownership_require_registry_review,missing_COMPANIES_HOUSE_API_KEY,False
0001615063,INSE,"Inspired Entertainment, Inc.",2026-03-10,Inspired Gaming (International) Limited,England,table,extracts/sec/INSE/10-K/2026-03-10_0001493152-26-009479/ex21-1.htm,legal_entity_name_and_parent_ownership_require_registry_review,missing_COMPANIES_HOUSE_API_KEY,False
0001615063,INSE,"Inspired Entertainment, Inc.",2026-03-10,Inspired Gaming (Holdings) Limited,England,table,extracts/sec/INSE/10-K/2026-03-10_0001493152-26-009479/ex21-1.htm,legal_entity_name_and_parent_ownership_require_registry_review,missing_COMPANIES_HOUSE_API_KEY,False
0001615063,INSE,"Inspired Entertainment, Inc.",2026-03-10,Inspired Gaming Group Limited,England,table,extracts/sec/INSE/10-K/2026-03-10_0001493152-26-009479/ex21-1.htm,legal_entity_name_and_parent_ownership_require_registry_review,missing_COMPANIES_HOUSE_API_KEY,False
0001615063,INSE,"Inspired Entertainment, Inc.",2026-03-10,Gaming Acquisitions Limited,England,table,extracts/sec/INSE/10-K/2026-03-10_0001493152-26-009479/ex21-1.htm,legal_entity_name_and_parent_ownership_require_registry_review,missing_COMPANIES_HOUSE_API_KEY,False
0001615063,INSE,"Inspired Entertainment, Inc.",2026-03-10,Inspired Entertainment (Financing) PLC,England,table,extracts/sec/INSE/10-K/2026-03-10_0001493152-26-009479/ex21-1.htm,legal_entity_name_and_parent_ownership_require_registry_review,missing_COMPANIES_HOUSE_API_KEY,False
0001615063,INSE,"Inspired Entertainment, Inc.",2026-03-10,DMWSL 631 Limited,England,table,extracts/sec/INSE/10-K/2026-03-10_0001493152-26-009479/ex21-1.htm,legal_entity_name_and_parent_ownership_require_registry_review,missing_COMPANIES_HOUSE_API_KEY,False
0001615063,INSE,"Inspired Entertainment, Inc.",2026-03-10,Revolution Entertainment Systems Holdings Limited,England,table,extracts/sec/INSE/10-K/2026-03-10_0001493152-26-009479/ex21-1.htm,legal_entity_name_and_parent_ownership_require_registry_review,missing_COMPANIES_HOUSE_API_KEY,False
0001615063,INSE,"Inspired Entertainment, Inc.",2026-03-10,Inspired Gaming (UK) Limited,England,table,extracts/sec/INSE/10-K/2026-03-10_0001493152-26-009479/ex21-1.htm,legal_entity_name_and_parent_ownership_require_registry_review,missing_COMPANIES_HOUSE_API_KEY,False
0001853145,EVCM,EverCommerce Inc. Common Stock,2026-03-12,Timely Software Ltd.,England,table,extracts/sec/EVCM/10-K/2026-03-12_0001853145-26-000010/ex211evcmlistofsubsidiaries.htm,legal_entity_name_and_parent_ownership_require_registry_review,missing_COMPANIES_HOUSE_API_KEY,False
0001568100,PD,"PagerDuty, Inc.",2026-03-12,"PagerDuty, Ltd",United Kingdom,table,extracts/sec/PD/10-K/2026-03-12_0001568100-26-000012/pagerdutyq4fy26-ex211xsubs.htm,legal_entity_name_and_parent_ownership_require_registry_review,missing_COMPANIES_HOUSE_API_KEY,False
0001432133,KLTR,"Kaltura, Inc. Common Stock",2026-03-16,Kaltura Europe Ltd.,United Kingdom,table,extracts/sec/KLTR/10-K/2026-03-16_0001628280-26-018182/exhibit211kalturasubsidiar.htm,legal_entity_name_and_parent_ownership_require_registry_review,missing_COMPANIES_HOUSE_API_KEY,False
0001261333,DOCU,"DocuSign, Inc. Common Stock",2026-03-18,DocuSign UK Limited,United Kingdom,table,extracts/sec/DOCU/10-K/2026-03-18_0001261333-26-000021/fy26exhibit211subsidiaries.htm,legal_entity_name_and_parent_ownership_require_registry_review,missing_COMPANIES_HOUSE_API_KEY,False
0001943896,RBRK,"Rubrik, Inc.",2026-03-19,Rubrik UK Limited,United Kingdom,table,extracts/sec/RBRK/10-K/2026-03-19_0001943896-26-000013/rubrik10k1312026exhibit211.htm,legal_entity_name_and_parent_ownership_require_registry_review,missing_COMPANIES_HOUSE_API_KEY,False
0001640147,SNOW,Snowflake Inc.,2026-03-20,Snowflake Computing UK Ltd.,United Kingdom,table,extracts/sec/SNOW/10-K/2026-03-20_0001640147-26-000008/ex-211snowflakefy2026q4.htm,legal_entity_name_and_parent_ownership_require_registry_review,missing_COMPANIES_HOUSE_API_KEY,False
0001676238,BRZE,"Braze, Inc. Class A Common Stock",2026-03-25,Braze Limited,United Kingdom,table,extracts/sec/BRZE/10-K/2026-03-25_0001676238-26-000013/ex211-fy2610k.htm,legal_entity_name_and_parent_ownership_require_registry_review,missing_COMPANIES_HOUSE_API_KEY,False
0001902733,NCNO,"nCino, Inc. Common Stock",2026-03-31,Artesian Solutions Ltd,United Kingdom,table,extracts/sec/NCNO/10-K/2026-03-31_0001902733-26-000022/exhibit211fy202610k.htm,legal_entity_name_and_parent_ownership_require_registry_review,missing_COMPANIES_HOUSE_API_KEY,False
0001902733,NCNO,"nCino, Inc. Common Stock",2026-03-31,nCino Global Ltd,United Kingdom,table,extracts/sec/NCNO/10-K/2026-03-31_0001902733-26-000022/exhibit211fy202610k.htm,legal_entity_name_and_parent_ownership_require_registry_review,missing_COMPANIES_HOUSE_API_KEY,False
0001902733,NCNO,"nCino, Inc. Common Stock",2026-03-31,FullCircl Ltd,United Kingdom,table,extracts/sec/NCNO/10-K/2026-03-31_0001902733-26-000022/exhibit211fy202610k.htm,legal_entity_name_and_parent_ownership_require_registry_review,missing_COMPANIES_HOUSE_API_KEY,False
0001902733,NCNO,"nCino, Inc. Common Stock",2026-03-31,DueDil Ltd,United Kingdom,table,extracts/sec/NCNO/10-K/2026-03-31_0001902733-26-000022/exhibit211fy202610k.htm,legal_entity_name_and_parent_ownership_require_registry_review,missing_COMPANIES_HOUSE_API_KEY,False
0001902733,NCNO,"nCino, Inc. Common Stock",2026-03-31,W2 Global Data Solutions Ltd,United Kingdom,table,extracts/sec/NCNO/10-K/2026-03-31_0001902733-26-000022/exhibit211fy202610k.htm,legal_entity_name_and_parent_ownership_require_registry_review,missing_COMPANIES_HOUSE_API_KEY,False
0001639723,NAVN,"Navan, Inc. Class A Common Stock",2026-04-02,Reed & Mackay Travel Limited,United Kingdom,table,extracts/sec/NAVN/10-K/2026-04-02_0001628280-26-023250/navaninc-ex211subsidiaries.htm,legal_entity_name_and_parent_ownership_require_registry_review,missing_COMPANIES_HOUSE_API_KEY,False
0001070235,BB,BlackBerry Limited,2026-04-09,BlackBerry UK Limited,United Kingdom,table,extracts/sec/BB/10-K/2026-04-09_0001070235-26-000039/exhibit21-bbsubsidiariesfe.htm,legal_entity_name_and_parent_ownership_require_registry_review,missing_COMPANIES_HOUSE_API_KEY,False
0001169561,CVLT,"Commault Systems, Inc.",2026-05-11,CommVault Systems Limited Company,England,table,extracts/sec/CVLT/10-K/2026-05-11_0001169561-26-000017/listofsubsidiaries2026.htm,legal_entity_name_and_parent_ownership_require_registry_review,missing_COMPANIES_HOUSE_API_KEY,False
0001773383,DT,"Dynatrace, Inc.",2026-05-20,Runecast Solutions Ltd.,United Kingdom,table,extracts/sec/DT/10-K/2026-05-20_0001773383-26-000019/exhibit211todynatraceformf.htm,legal_entity_name_and_parent_ownership_require_registry_review,missing_COMPANIES_HOUSE_API_KEY,False
0001773383,DT,"Dynatrace, Inc.",2026-05-20,Dynatrace Limited,United Kingdom,table,extracts/sec/DT/10-K/2026-05-20_0001773383-26-000019/exhibit211todynatraceformf.htm,legal_entity_name_and_parent_ownership_require_registry_review,missing_COMPANIES_HOUSE_API_KEY,False
0000946581,TTWO,Take-Two Interactive Software Inc,2026-05-22,Rockstar London Limited,United Kingdom,table,extracts/sec/TTWO/10-K/2026-05-22_0001628280-26-037434/ex-21103312026.htm,legal_entity_name_and_parent_ownership_require_registry_review,missing_COMPANIES_HOUSE_API_KEY,False
0000946581,TTWO,Take-Two Interactive Software Inc,2026-05-22,Joytech Europe Limited,United Kingdom,table,extracts/sec/TTWO/10-K/2026-05-22_0001628280-26-037434/ex-21103312026.htm,legal_entity_name_and_parent_ownership_require_registry_review,missing_COMPANIES_HOUSE_API_KEY,False
0000946581,TTWO,Take-Two Interactive Software Inc,2026-05-22,NaturalMotion Limited,United Kingdom,table,extracts/sec/TTWO/10-K/2026-05-22_0001628280-26-037434/ex-21103312026.htm,legal_entity_name_and_parent_ownership_require_registry_review,missing_COMPANIES_HOUSE_API_KEY,False
0000946581,TTWO,Take-Two Interactive Software Inc,2026-05-22,NaturalMotion Games Limited,United Kingdom,table,extracts/sec/TTWO/10-K/2026-05-22_0001628280-26-037434/ex-21103312026.htm,legal_entity_name_and_parent_ownership_require_registry_review,missing_COMPANIES_HOUSE_API_KEY,False
0000946581,TTWO,Take-Two Interactive Software Inc,2026-05-22,Rockstar International Limited,United Kingdom,table,extracts/sec/TTWO/10-K/2026-05-22_0001628280-26-037434/ex-21103312026.htm,legal_entity_name_and_parent_ownership_require_registry_review,missing_COMPANIES_HOUSE_API_KEY,False
0000946581,TTWO,Take-Two Interactive Software Inc,2026-05-22,NaturalMotion Software Limited,United Kingdom,table,extracts/sec/TTWO/10-K/2026-05-22_0001628280-26-037434/ex-21103312026.htm,legal_entity_name_and_parent_ownership_require_registry_review,missing_COMPANIES_HOUSE_API_KEY,False
0000946581,TTWO,Take-Two Interactive Software Inc,2026-05-22,RDIP Limited,United Kingdom,table,extracts/sec/TTWO/10-K/2026-05-22_0001628280-26-037434/ex-21103312026.htm,legal_entity_name_and_parent_ownership_require_registry_review,missing_COMPANIES_HOUSE_API_KEY,False
0000946581,TTWO,Take-Two Interactive Software Inc,2026-05-22,Gram Games Limited,United Kingdom,table,extracts/sec/TTWO/10-K/2026-05-22_0001628280-26-037434/ex-21103312026.htm,legal_entity_name_and_parent_ownership_require_registry_review,missing_COMPANIES_HOUSE_API_KEY,False
0000946581,TTWO,Take-Two Interactive Software Inc,2026-05-22,Rockstar Dundee Limited,United Kingdom,table,extracts/sec/TTWO/10-K/2026-05-22_0001628280-26-037434/ex-21103312026.htm,legal_entity_name_and_parent_ownership_require_registry_review,missing_COMPANIES_HOUSE_API_KEY,False
0000946581,TTWO,Take-Two Interactive Software Inc,2026-05-22,Rockstar Games UK Limited,United Kingdom,table,extracts/sec/TTWO/10-K/2026-05-22_0001628280-26-037434/ex-21103312026.htm,legal_entity_name_and_parent_ownership_require_registry_review,missing_COMPANIES_HOUSE_API_KEY,False
0000946581,TTWO,Take-Two Interactive Software Inc,2026-05-22,DMA Design Holdings Limited,United Kingdom,table,extracts/sec/TTWO/10-K/2026-05-22_0001628280-26-037434/ex-21103312026.htm,legal_entity_name_and_parent_ownership_require_registry_review,missing_COMPANIES_HOUSE_API_KEY,False
0000946581,TTWO,Take-Two Interactive Software Inc,2026-05-22,Take-Two UK Holdings Limited,United Kingdom,table,extracts/sec/TTWO/10-K/2026-05-22_0001628280-26-037434/ex-21103312026.htm,legal_entity_name_and_parent_ownership_require_registry_review,missing_COMPANIES_HOUSE_API_KEY,False
0000946581,TTWO,Take-Two Interactive Software Inc,2026-05-22,Take-Two Interactive Software UK Limited,United Kingdom,table,extracts/sec/TTWO/10-K/2026-05-22_0001628280-26-037434/ex-21103312026.htm,legal_entity_name_and_parent_ownership_require_registry_review,missing_COMPANIES_HOUSE_API_KEY,False
0000946581,TTWO,Take-Two Interactive Software Inc,2026-05-22,Take-Two Interactive Software ME Limited,United Kingdom,table,extracts/sec/TTWO/10-K/2026-05-22_0001628280-26-037434/ex-21103312026.htm,legal_entity_name_and_parent_ownership_require_registry_review,missing_COMPANIES_HOUSE_API_KEY,False
0000946581,TTWO,Take-Two Interactive Software Inc,2026-05-22,Take-Two Interactive Software Europe Limited,United Kingdom,table,extracts/sec/TTWO/10-K/2026-05-22_0001628280-26-037434/ex-21103312026.htm,legal_entity_name_and_parent_ownership_require_registry_review,missing_COMPANIES_HOUSE_API_KEY,False
0000946581,TTWO,Take-Two Interactive Software Inc,2026-05-22,Take-Two GB Limited.,United Kingdom,table,extracts/sec/TTWO/10-K/2026-05-22_0001628280-26-037434/ex-21103312026.htm,legal_entity_name_and_parent_ownership_require_registry_review,missing_COMPANIES_HOUSE_API_KEY,False
0000946581,TTWO,Take-Two Interactive Software Inc,2026-05-22,Rollingmedia Limited,United Kingdom,table,extracts/sec/TTWO/10-K/2026-05-22_0001628280-26-037434/ex-21103312026.htm,legal_entity_name_and_parent_ownership_require_registry_review,missing_COMPANIES_HOUSE_API_KEY,False
0000946581,TTWO,Take-Two Interactive Software Inc,2026-05-22,Hangar 13 UK Limited,United Kingdom,table,extracts/sec/TTWO/10-K/2026-05-22_0001628280-26-037434/ex-21103312026.htm,legal_entity_name_and_parent_ownership_require_registry_review,missing_COMPANIES_HOUSE_API_KEY,False
0001707753,ESTC,Elastic N.V.,2026-06-08,Elasticsearch Limited,United Kingdom,table,extracts/sec/ESTC/10-K/2026-06-08_0001707753-26-000018/a26q4ex211.htm,legal_entity_name_and_parent_ownership_require_registry_review,missing_COMPANIES_HOUSE_API_KEY,False
0001577526,AI,"C3.ai, Inc.",2026-06-24,C3.ai UK Ltd.,United Kingdom,table,extracts/sec/AI/10-K/2026-06-24_0001577526-26-000078/fy26exhibit211.htm,legal_entity_name_and_parent_ownership_require_registry_review,missing_COMPANIES_HOUSE_API_KEY,False
0001673481,LTRYW,Sports Entertainment Gaming Global Corporation Warrants,2026-07-31,Sports.com Studios Ltd,United Kingdom,table,extracts/sec/LTRYW/10-K_A/2026-07-31_0001493152-26-035654/ex21-1.htm,legal_entity_name_and_parent_ownership_require_registry_review,missing_COMPANIES_HOUSE_API_KEY,False
0001673481,LTRYW,Sports Entertainment Gaming Global Corporation Warrants,2026-07-31,Sports.com Media Group Ltd,United Kingdom,table,extracts/sec/LTRYW/10-K_A/2026-07-31_0001493152-26-035654/ex21-1.htm,legal_entity_name_and_parent_ownership_require_registry_review,missing_COMPANIES_HOUSE_API_KEY,False
0001673481,LTRYW,Sports Entertainment Gaming Global Corporation Warrants,2026-07-31,Lottery.com International LTD,United Kingdom,table,extracts/sec/LTRYW/10-K_A/2026-07-31_0001493152-26-035654/ex21-1.htm,legal_entity_name_and_parent_ownership_require_registry_review,missing_COMPANIES_HOUSE_API_KEY,False
0001673481,LTRYW,Sports Entertainment Gaming Global Corporation Warrants,2026-07-31,Veloce ESports Ltd (5),United Kingdom,table,extracts/sec/LTRYW/10-K_A/2026-07-31_0001493152-26-035654/ex21-1.htm,legal_entity_name_and_parent_ownership_require_registry_review,missing_COMPANIES_HOUSE_API_KEY,False
0001650372,TEAM,Atlassian Corporation Class A Common Stock,2026-08-14,Atlassian (UK) Operations Ltd.,United Kingdom,table,extracts/sec/TEAM/10-K/2026-08-14_0001650372-26-000036/exhibit211-q4fy26subsidiar.htm,legal_entity_name_and_parent_ownership_require_registry_review,missing_COMPANIES_HOUSE_API_KEY,False
0001650372,TEAM,Atlassian Corporation Class A Common Stock,2026-08-14,Atlassian Corporation Ltd.,United Kingdom,table,extracts/sec/TEAM/10-K/2026-08-14_0001650372-26-000036/exhibit211-q4fy26subsidiar.htm,legal_entity_name_and_parent_ownership_require_registry_review,missing_COMPANIES_HOUSE_API_KEY,False
0000896878,INTU,Intuit Inc,2026-09-09,Intuit Limited,United Kingdom,table,extracts/sec/INTU/10-K/2026-09-09_0000896878-26-000037/fy26q4-ex2101.htm,legal_entity_name_and_parent_ownership_require_registry_review,missing_COMPANIES_HOUSE_API_KEY,False
0000896878,INTU,Intuit Inc,2026-09-09,Credit Karma UK Limited,United Kingdom,table,extracts/sec/INTU/10-K/2026-09-09_0000896878-26-000037/fy26q4-ex2101.htm,legal_entity_name_and_parent_ownership_require_registry_review,missing_COMPANIES_HOUSE_API_KEY,False
0001528396,GWRE,"GUIDEWIRE SOFTWARE, INC.",2026-09-11,Guidewire Software (UK) Limited,United Kingdom,table,extracts/sec/GWRE/10-K/2026-09-11_0001528396-26-000046/gwreex211-10kfy26.htm,legal_entity_name_and_parent_ownership_require_registry_review,missing_COMPANIES_HOUSE_API_KEY,False
