ticker,cik
AMGN,318154
CVM,725363
RGEN,730272
CSBR,771856
TECH,842023
BIIB,875045
LCTX,876343
GILD,882095
BCRX,882796
VCEL,887359
NBIX,914475
ARMP,921114
BCDA,925741
EXEL,939767
AIM,946644
NVAX,1000694
PLX,1006281
ELOX,1035354
AGEN,1098972
CRIS,1108205
PMCB,1157075
PLUR,1158780
HALO,1159036
CELZ,1187953
FENC,1211583
CRDF,1213037
DYAI,1213809
AVXL,1314052
IBRX,1326110
ATYR,1339970
PALI,1357459
DTIL,1357874
TARA,1359931
ADMA,1368514
OCGN,1372299
STRO,1382101
IOVA,1425205
FATE,1434316
CGTX,1455365
KOD,1468748
ADPT,1478320
VIVS,1497253
XFOR,1501697
AURA,1501796
CHRS,1512762
INTS,1567264
ABOS,1576885
TWST,1581280
RGNX,1590877
RXRX,1601830
ATRA,1604464
SCNI,1611747
DBVT,1613780
CRBU,1619856
LONA,1620463
RVMD,1628171
ENTX,1638097
VYGR,1640266
PCVX,1649094
OTLK,1649989
FDMT,1650648
EDIT,1650664
ALEC,1653087
ACOG,1655923
CCCC,1662579
QNCX,1662774
IMCR,1671927
CRSP,1674416
TECX,1681087
MRNA,1682852
BDTX,1701541
VIR,1706431
SLDB,1707502
ELUT,1708527
KRYS,1711279
INMB,1711754
DNLI,1714899
SRRK,1727196
AUTL,1730463
MGTX,1735438
ALLO,1737287
REPL,1737953
CMPX,1738021
INAB,1740279
BEAM,1745999
IKT,1750149
KLRS,1754068
CABA,1759138
IMVT,1764013
SANA,1770121
TCRX,1783328
MGX,1785279
PASG,1787297
JSPR,1788028
TIL,1789769
CGEM,1789972
ALGS,1799448
TSHA,1806310
RLAY,1812364
KYMR,1815442
LENZ,1815776
VOR,1817229
ARTV,1817241
HUMA,1818382
TARS,1819790
SCLX,1820190
SRZN,1824893
GLUE,1826457
DNA,1830214
IVVD,1832038
SABS,1833214
IMA,1835579
INKT,1840229
CADL,1841387
MAZE,1842295
ESLA,1844417
IPSC,1850119
PROK,1850270
SNTI,1854270
CLDI,1855485
ZURA,1855644
TNYA,1858848
TVGN,1860871
EIKN,1861123
ODTX,1882782
NMRA,1885522
PRME,1894562
LXEO,1907108
GRML,1907223
PTHS,1919246
LIMN,1971387
ENGN,1980845
CGON,1991792
KYTX,1994702
BKHA,2000775
INBX,2007919
EXOZ,2010788
SLXN,2022416
COAG,2114044
