cik,company_name,recipient_name,exact_name_match,award_id,start_date,end_date,award_amount,awarding_agency,awarding_sub_agency,description,usaspending_internal_id
0000813672,Cadence Design Systems,CADENCE DESIGN SYSTEMS INC,True,N6893623C0017,2023-08-31,2025-09-30,3643288.0,Department of Defense,Department of the Navy,"ELECTRONIC COUNTERMEASURES, COUNTER-COUNTERMEASURES AND QUICK REACTION CAPABILITY EQUIPMENT",CONT_AWD_N6893623C0017_9700_-NONE-_-NONE-
0000813672,Cadence Design Systems,CADENCE DESIGN SYSTEMS INC,True,HQ072718P0042,2018-09-18,2021-07-31,3611057.0,Department of Defense,Defense Microelectronics Activity,"ACQUISITION OF CADENCE SYSTEM-ON-CHIP (SOC) AND APPLICATION SPECIFIC INTEGRATED CIRCUIT (ASIC) DESIGN VERIFICATION CAPABILITY, ELECTRONIC DESIGN AUTOMATION (EDA) SOFTWARE, AND PROCESS DEVELOPMENT KIT (PDK) SERVICES.",CONT_AWD_HQ072718P0042_9700_-NONE-_-NONE-
0000813672,Cadence Design Systems,CADENCE DESIGN SYSTEMS INC,True,N0016423FG071,2023-09-21,2024-09-20,2034292.0,Department of Defense,Department of the Navy,SOFTWARE MAINTENANCE,CONT_AWD_N0016423FG071_9700_N0016423DGM74_9700
0000813672,Cadence Design Systems,CADENCE DESIGN SYSTEMS INC,True,HQ072723F0700,2023-03-29,2025-02-28,1854910.0,Department of Defense,Defense Microelectronics Activity,SOFTWARE LICENSE MAINTENANCE,CONT_AWD_HQ072723F0700_9700_HQ072723D0001_9700
0000813672,Cadence Design Systems,CADENCE DESIGN SYSTEMS INC,True,HQ072721C0005,2021-02-26,2023-02-28,1740670.0,Department of Defense,Defense Microelectronics Activity,SOFTWARE LICENSES AND MAINTENANCE,CONT_AWD_HQ072721C0005_9700_-NONE-_-NONE-
0000813672,Cadence Design Systems,CADENCE DESIGN SYSTEMS INC,True,N0016425FG533,2025-07-29,2026-09-20,1095563.0,Department of Defense,Department of the Navy,ANNUAL SOFTWARE LICENSE MAINTENANCE AND WAN FEES,CONT_AWD_N0016425FG533_9700_N0016423DGM74_9700
0000813672,Cadence Design Systems,CADENCE DESIGN SYSTEMS INC,True,N0016424FG060,2024-09-18,2025-09-20,1095563.0,Department of Defense,Department of the Navy,SOFTWARE MAINTENANCE,CONT_AWD_N0016424FG060_9700_N0016423DGM74_9700
0000813672,Cadence Design Systems,CADENCE DESIGN SYSTEMS INC,True,FA875122C0016,2022-07-25,2022-09-30,959732.0,Department of Defense,Department of the Air Force,CADENCE SOFTWARE,CONT_AWD_FA875122C0016_9700_-NONE-_-NONE-
0000813672,Cadence Design Systems,CADENCE DESIGN SYSTEMS INC,True,HQ072725FE013,2025-03-01,2027-02-28,576640.0,Department of Defense,Defense Microelectronics Activity,DMEA SOFTWARE MAINTENANCE 2025 CADENCE,CONT_AWD_HQ072725FE013_9700_HQ072723D0001_9700
0000813672,Cadence Design Systems,"POINTWISE, INC",False,80NSSC24F0137,2024-07-01,2025-06-30,504916.0,National Aeronautics and Space Administration,National Aeronautics and Space Administration,THIS IS BPA CALL # 12 FOR THE AGENCY-WIDE POINTWISE RENEWAL. QUOTE # O-1355980 DATED 05/27/2024 IS ATTACHED. THE PERIOD OF PERFORMANCE IS 07/01/2024 THROUGH 06/30/2025.,CONT_AWD_80NSSC24F0137_8000_80NSSC20A0005_8000
0000813672,Cadence Design Systems,CADENCE DESIGN SYSTEMS INC,True,FA875126P0004,2025-12-08,2028-03-15,499879.0,Department of Defense,Department of the Air Force,CADENCE LICENSE BUNDLE,CONT_AWD_FA875126P0004_9700_-NONE-_-NONE-
0000813672,Cadence Design Systems,"POINTWISE, INC",False,80NSSC22F0514,2022-07-01,2023-06-30,480898.0,National Aeronautics and Space Administration,National Aeronautics and Space Administration,THIS IS CALL # 8 FOR THE AGENCY WIDE POINTWISE RENEWAL. THE PERIOD OF PERFORMANCE IS 07/01/2022 THROUGH 06/30/2023.,CONT_AWD_80NSSC22F0514_8000_80NSSC20A0005_8000
0000813672,Cadence Design Systems,"POINTWISE, INC",False,80NSSC23F0241,2023-07-01,2024-06-30,449153.0,National Aeronautics and Space Administration,National Aeronautics and Space Administration,THIS IS CALL # 10 FOR THE AGENCY WIDE POINTWISE RENEWAL. QUOTE # O-1354516 DATED 06/21/2023 IS ATTACHED. ..THE PERIOD OF PERFORMANCE IS 07/01/2023 THROUGH 06/30/2024.,CONT_AWD_80NSSC23F0241_8000_80NSSC20A0005_8000
0000813672,Cadence Design Systems,CADENCE DESIGN SYSTEMS INC,True,FA875122C0020,2022-08-12,2022-08-19,400000.0,Department of Defense,Department of the Air Force,SOFTWARE MAINTENANCE,CONT_AWD_FA875122C0020_9700_-NONE-_-NONE-
0000813672,Cadence Design Systems,CADENCE DESIGN SYSTEMS INC,True,80NSSC22PC183,2023-01-05,2024-01-04,249999.0,National Aeronautics and Space Administration,National Aeronautics and Space Administration,CADENCE SOFTWARE RENEWAL,CONT_AWD_80NSSC22PC183_8000_-NONE-_-NONE-
0000813672,Cadence Design Systems,CADENCE DESIGN SYSTEMS INC,True,80NSSC22PA209,2022-02-16,2022-12-31,245062.0,National Aeronautics and Space Administration,National Aeronautics and Space Administration,OT : MAINTENANCE & UPGRADES RENEWAL : 4200789807,CONT_AWD_80NSSC22PA209_8000_-NONE-_-NONE-
0000813672,Cadence Design Systems,CADENCE DESIGN SYSTEMS INC,True,80NSSC23PB941,2023-07-26,2024-07-25,243922.0,National Aeronautics and Space Administration,National Aeronautics and Space Administration,RENEWAL OF CADENCE TOOL FOR MAINTENANCE,CONT_AWD_80NSSC23PB941_8000_-NONE-_-NONE-
0000813672,Cadence Design Systems,CADENCE DESIGN SYSTEMS INC,True,N0016725P1030,2025-06-30,2026-09-30,238068.0,Department of Defense,Department of the Navy,POINTWISE RENEWAL,CONT_AWD_N0016725P1030_9700_-NONE-_-NONE-
0000813672,Cadence Design Systems,CADENCE DESIGN SYSTEMS INC,True,HQ072719P0044,2019-09-18,2020-03-02,202000.0,Department of Defense,Defense Microelectronics Activity,CADENCE PDK,CONT_AWD_HQ072719P0044_9700_-NONE-_-NONE-
0000813672,Cadence Design Systems,CADENCE DESIGN SYSTEMS INC,True,80NSSC26P0712,2026-07-01,2027-06-30,195960.0,National Aeronautics and Space Administration,National Aeronautics and Space Administration,FY26 COMBINED FIDELITY POINTWISE RENEWAL,CONT_AWD_80NSSC26P0712_8000_-NONE-_-NONE-
0000813672,Cadence Design Systems,CADENCE DESIGN SYSTEMS INC,True,N0017323P2044,2023-06-28,2023-06-30,190623.0,Department of Defense,Department of the Navy,CADENCE SOFTWARE LICENSE ANNUAL RENEWAL,CONT_AWD_N0017323P2044_9700_-NONE-_-NONE-
0000813672,Cadence Design Systems,CADENCE DESIGN SYSTEMS INC,True,80NSSC25PB339,2025-07-01,2026-06-30,179256.0,National Aeronautics and Space Administration,National Aeronautics and Space Administration,FY25 FIDELITY POINTWISE RENEWAL,CONT_AWD_80NSSC25PB339_8000_-NONE-_-NONE-
0000813672,Cadence Design Systems,CADENCE DESIGN SYSTEMS INC,True,N6600125P6348,2025-09-18,2026-08-31,175333.0,Department of Defense,Department of the Navy,CADENCE SOFTWARE SUPPORT AND MAINTENANCE,CONT_AWD_N6600125P6348_9700_-NONE-_-NONE-
0000813672,Cadence Design Systems,CADENCE DESIGN SYSTEMS INC,True,N0017322P0544,2022-06-29,2023-03-31,172685.0,Department of Defense,Department of the Navy,P/N: QRCX300/CADENCE QUANTUS QRC EXTRACT,CONT_AWD_N0017322P0544_9700_-NONE-_-NONE-
0000813672,Cadence Design Systems,CADENCE DESIGN SYSTEMS INC,True,HQ072722P0011,2022-03-30,2023-03-29,160610.0,Department of Defense,Defense Microelectronics Activity,CADENCE SOFTWARE AND SUPPORT,CONT_AWD_HQ072722P0011_9700_-NONE-_-NONE-
0000813672,Cadence Design Systems,CADENCE DESIGN SYSTEMS INC,True,N6600123P6216,2023-05-15,2023-05-15,159928.0,Department of Defense,Department of the Navy,SUPPORT FOR SPECTRE MMSIM SIMULATOR,CONT_AWD_N6600123P6216_9700_-NONE-_-NONE-
0000813672,Cadence Design Systems,CADENCE DESIGN SYSTEMS INC,True,80NSSC26P0452,2026-07-01,2027-06-30,149441.0,National Aeronautics and Space Administration,National Aeronautics and Space Administration,FY26 LARC POINTWISE CENTER CONSOLIDATED RENEWAL,CONT_AWD_80NSSC26P0452_8000_-NONE-_-NONE-
0000813672,Cadence Design Systems,CADENCE DESIGN SYSTEMS INC,True,N0017324P5268,2024-09-11,2025-09-10,148740.0,Department of Defense,Department of the Navy,CADENCE SOFTWARE LICENSE RENEWAL (1 YEAR),CONT_AWD_N0017324P5268_9700_-NONE-_-NONE-
0000813672,Cadence Design Systems,CADENCE DESIGN SYSTEMS INC,True,N0017323P0541,2023-06-22,2024-04-24,148740.0,Department of Defense,Department of the Navy,EM SIMULATION TOKEN,CONT_AWD_N0017323P0541_9700_-NONE-_-NONE-
0000813672,Cadence Design Systems,CADENCE DESIGN SYSTEMS INC,True,N0017322P0749,2022-04-18,2023-04-30,141658.0,Department of Defense,Department of the Navy,P/N: AANA303 RENEWAL LICENSE SOFTWARE,CONT_AWD_N0017322P0749_9700_-NONE-_-NONE-
0000813672,Cadence Design Systems,CADENCE DESIGN SYSTEMS INC,True,80NSSC25PB183,2025-07-01,2026-06-30,139560.0,National Aeronautics and Space Administration,National Aeronautics and Space Administration,LARC FY25 POINTWISE CENTER CONSOLIDATED RENEWAL,CONT_AWD_80NSSC25PB183_8000_-NONE-_-NONE-
0000813672,Cadence Design Systems,CADENCE DESIGN SYSTEMS INC,True,80NSSC26P0159,2026-02-01,2027-01-31,138511.0,National Aeronautics and Space Administration,National Aeronautics and Space Administration,CADENCE FIDELITY MESH RENEWAL,CONT_AWD_80NSSC26P0159_8000_-NONE-_-NONE-
0000813672,Cadence Design Systems,CADENCE DESIGN SYSTEMS INC,True,80NSSC26P0793,2026-06-06,2027-06-05,133603.0,National Aeronautics and Space Administration,National Aeronautics and Space Administration,ANSA RENEWAL,CONT_AWD_80NSSC26P0793_8000_-NONE-_-NONE-
0000813672,Cadence Design Systems,CADENCE DESIGN SYSTEMS INC,True,W911QX25PA121,2025-09-11,2026-11-30,86781.0,Department of Defense,Department of the Army,THE GOVERNMENT REQUIRES TWO (2) 12-MONTH LICENSES OF CADENCE MICROWAVE OFFICE WITH TWO (2) PACK MWO OPTION: EM SIMULATION TOKENS.,CONT_AWD_W911QX25PA121_9700_-NONE-_-NONE-
0000813672,Cadence Design Systems,CADENCE DESIGN SYSTEMS INC,True,N0017322P1244,2022-09-14,2023-12-31,85880.0,Department of Defense,Department of the Navy,CFD110-99 YEAR,CONT_AWD_N0017322P1244_9700_-NONE-_-NONE-
0000813672,Cadence Design Systems,CADENCE DESIGN SYSTEMS INC,True,FA239626PB033,2026-06-01,2027-05-31,82183.0,Department of Defense,Department of the Air Force,AFRL/RQ - POINTWISE SUPPORT,CONT_AWD_FA239626PB033_9700_-NONE-_-NONE-
0000813672,Cadence Design Systems,CADENCE DESIGN SYSTEMS INC,True,N0016724P0086,2024-05-29,2025-05-29,75600.0,Department of Defense,Department of the Navy,POINTWISE SOFTWARE MAINTENANCE RENEWAL,CONT_AWD_N0016724P0086_9700_-NONE-_-NONE-
0000813672,Cadence Design Systems,CADENCE DESIGN SYSTEMS INC,True,80NSSC24PC264,2024-10-01,2025-09-30,72819.0,National Aeronautics and Space Administration,National Aeronautics and Space Administration,FINETURBO HPC LICENSE,CONT_AWD_80NSSC24PC264_8000_-NONE-_-NONE-
0000813672,Cadence Design Systems,CADENCE DESIGN SYSTEMS INC,True,FA820223P0001,2023-09-20,2024-09-19,66140.0,Department of Defense,Department of the Air Force,SOFTWARE LICENSES FOR ENGINEERING USE FOR THE A-10 AIRCRAFT,CONT_AWD_FA820223P0001_9700_-NONE-_-NONE-
0000813672,Cadence Design Systems,CADENCE DESIGN SYSTEMS INC,True,FA239624PB006,2024-01-01,2024-12-31,64900.0,Department of Defense,Department of the Air Force,FIDELITY SOFTWARE LICENSES,CONT_AWD_FA239624PB006_9700_-NONE-_-NONE-
0000813672,Cadence Design Systems,CADENCE DESIGN SYSTEMS INC,True,N0016723P0104,2023-05-12,2024-05-31,55320.0,Department of Defense,Department of the Navy,"FIDELITY POINTWISE, PWI-04-15",CONT_AWD_N0016723P0104_9700_-NONE-_-NONE-
0000813672,Cadence Design Systems,CADENCE DESIGN SYSTEMS INC,True,N0016724P0228,2024-09-17,2024-09-20,54381.0,Department of Defense,Department of the Navy,POINTWISE,CONT_AWD_N0016724P0228_9700_-NONE-_-NONE-
0000813672,Cadence Design Systems,CADENCE DESIGN SYSTEMS INC,True,N0042126P1015,2025-10-27,2026-11-27,53240.0,Department of Defense,Department of the Navy,FIDELITY POINTWISE,CONT_AWD_N0042126P1015_9700_-NONE-_-NONE-
0000813672,Cadence Design Systems,CADENCE DESIGN SYSTEMS INC,True,N0042124P0310,2024-06-17,2025-09-30,51408.0,Department of Defense,Department of the Navy,CFD110M1,CONT_AWD_N0042124P0310_9700_-NONE-_-NONE-
0000813672,Cadence Design Systems,CADENCE DESIGN SYSTEMS INC,True,80NSSC26P0903,2026-07-01,2027-06-30,50987.0,National Aeronautics and Space Administration,National Aeronautics and Space Administration,FY26 POINTWISE RENEWAL,CONT_AWD_80NSSC26P0903_8000_-NONE-_-NONE-
0000813672,Cadence Design Systems,CADENCE DESIGN SYSTEMS INC,True,80NSSC26P0694,2026-07-01,2027-06-30,50697.0,National Aeronautics and Space Administration,National Aeronautics and Space Administration,FIDELITY POINTWISE RENEWAL,CONT_AWD_80NSSC26P0694_8000_-NONE-_-NONE-
0000813672,Cadence Design Systems,CADENCE DESIGN SYSTEMS INC,True,N0016723P0218,2023-09-07,2023-09-13,50538.0,Department of Defense,Department of the Navy,POINTWISE SW,CONT_AWD_N0016723P0218_9700_-NONE-_-NONE-
0000813672,Cadence Design Systems,CADENCE DESIGN SYSTEMS INC,True,FA875122P0043,2022-08-03,2022-08-10,50000.0,Department of Defense,Department of the Air Force,SOFTWARE MAINTENANCE RENEWAL,CONT_AWD_FA875122P0043_9700_-NONE-_-NONE-
0000813672,Cadence Design Systems,CADENCE DESIGN SYSTEMS INC,True,FA875122P0032,2022-06-01,2022-06-08,50000.0,Department of Defense,Department of the Air Force,IP SOFTWARE MAINTENANCE,CONT_AWD_FA875122P0032_9700_-NONE-_-NONE-
0000813672,Cadence Design Systems,CADENCE DESIGN SYSTEMS INC,True,N0017322P1529,2022-03-16,2022-11-05,49160.0,Department of Defense,Department of the Navy,PA5700M1,CONT_AWD_N0017322P1529_9700_-NONE-_-NONE-
0000813672,Cadence Design Systems,CADENCE DESIGN SYSTEMS INC,True,FA239624PB071,2024-06-01,2025-05-31,49144.0,Department of Defense,Department of the Air Force,AFRL/RQOC POINTWISE RENEWAL,CONT_AWD_FA239624PB071_9700_-NONE-_-NONE-
0000813672,Cadence Design Systems,CADENCE DESIGN SYSTEMS INC,True,FA239625PB073,2025-06-01,2026-05-31,48400.0,Department of Defense,Department of the Air Force,AFRL/RQVC: POINTWISE,CONT_AWD_FA239625PB073_9700_-NONE-_-NONE-
0000813672,Cadence Design Systems,CADENCE DESIGN SYSTEMS INC,True,N0016722P0120,2022-05-18,2022-05-20,48104.0,Department of Defense,Department of the Navy,POINTWISE ANNUAL RENEWAL,CONT_AWD_N0016722P0120_9700_-NONE-_-NONE-
0000813672,Cadence Design Systems,CADENCE DESIGN SYSTEMS INC,True,80NSSC24PB930,2024-08-01,2025-07-31,46200.0,National Aeronautics and Space Administration,National Aeronautics and Space Administration,FINE TURBO/ GRID PRO LICENSE ELMT STANDALONE,CONT_AWD_80NSSC24PB930_8000_-NONE-_-NONE-
0000813672,Cadence Design Systems,CADENCE DESIGN SYSTEMS INC,True,80NSSC25PB299,2025-07-01,2026-06-30,46077.0,National Aeronautics and Space Administration,National Aeronautics and Space Administration,FY25 CADENCE SUPPORT FOR FIDELITY POINTWISE RENEWAL,CONT_AWD_80NSSC25PB299_8000_-NONE-_-NONE-
0000813672,Cadence Design Systems,CADENCE DESIGN SYSTEMS INC,True,80NSSC25PB035,2025-07-01,2026-06-30,46077.0,National Aeronautics and Space Administration,National Aeronautics and Space Administration,CADENCE SUPPORT FOR FIDELITY POINTWISE,CONT_AWD_80NSSC25PB035_8000_-NONE-_-NONE-
0000813672,Cadence Design Systems,CADENCE DESIGN SYSTEMS INC,True,N0016722P0210,2022-08-17,2022-09-01,45800.0,Department of Defense,Department of the Navy,POINTWISE SOFTWARE,CONT_AWD_N0016722P0210_9700_-NONE-_-NONE-
0000813672,Cadence Design Systems,CADENCE DESIGN SYSTEMS INC,True,N0042123P0619,2023-10-01,2024-09-30,44672.0,Department of Defense,Department of the Navy,CFD110M1 SOFTWARE SUPPORT FOR POINTWISE,CONT_AWD_N0042123P0619_9700_-NONE-_-NONE-
0000813672,Cadence Design Systems,CADENCE DESIGN SYSTEMS INC,True,FA239623P0076,2023-06-01,2024-05-31,42632.0,Department of Defense,Department of the Air Force,POINTWISE SOFTWARE MAINTENANCE,CONT_AWD_FA239623P0076_9700_-NONE-_-NONE-
0000813672,Cadence Design Systems,CADENCE DESIGN SYSTEMS INC,True,W911QX24F0011,2024-02-01,2025-02-01,42260.0,Department of Defense,Department of the Army,XCELIUM SOFTWARE LICENSE SUBSCRIPTION,CONT_AWD_W911QX24F0011_9700_W911QX21D0002_9700
0000813672,Cadence Design Systems,CADENCE DESIGN SYSTEMS INC,True,N0042122P0598,2022-09-26,2023-09-30,38752.0,Department of Defense,Department of the Navy,POINTWISE PERPETUAL LICENSE #1 - #8,CONT_AWD_N0042122P0598_9700_-NONE-_-NONE-
0000813672,Cadence Design Systems,CADENCE DESIGN SYSTEMS INC,True,W911QX23F0002,2022-11-14,2023-11-13,38418.0,Department of Defense,Department of the Army,XCELIUM SOFTWARE LICENSE SUBSCRIPTION,CONT_AWD_W911QX23F0002_9700_W911QX21D0002_9700
0000813672,Cadence Design Systems,CADENCE DESIGN SYSTEMS INC,True,N6600126P6148,2026-06-17,2026-06-24,38130.0,Department of Defense,Department of the Navy,VISUAL SYSTEM SIMULATOR,CONT_AWD_N6600126P6148_9700_-NONE-_-NONE-
0000813672,Cadence Design Systems,CADENCE DESIGN SYSTEMS INC,True,W15QKN23P0016,2023-08-17,2024-07-31,37904.0,Department of Defense,Department of the Army,THE PURPOSE OF THIS ACQUISITION IS TO PROVIDE SOFTWARE TO THE U.S. GOVERNMENT.,CONT_AWD_W15QKN23P0016_9700_-NONE-_-NONE-
0000813672,Cadence Design Systems,CADENCE DESIGN SYSTEMS INC,True,FA239624PB091,2024-07-09,2025-04-30,37800.0,Department of Defense,Department of the Air Force,POINTWISE SOFTWARE RENEWAL,CONT_AWD_FA239624PB091_9700_-NONE-_-NONE-
0000813672,Cadence Design Systems,CADENCE DESIGN SYSTEMS INC,True,FA239622P0089,2022-06-01,2023-05-31,37069.0,Department of Defense,Department of the Air Force,POINTWISE SOFTWARE,CONT_AWD_FA239622P0089_9700_-NONE-_-NONE-
0000813672,Cadence Design Systems,CADENCE DESIGN SYSTEMS INC,True,N0016721P0137,2021-06-14,2024-08-31,36450.0,Department of Defense,Department of the Navy,HEXPRESS STAND-ALONE ANNUAL RENEWAL PLUS 3 YEAR OPTIONS.,CONT_AWD_N0016721P0137_9700_-NONE-_-NONE-
0000813672,Cadence Design Systems,CADENCE DESIGN SYSTEMS INC,True,W911QX25FA002,2025-04-25,2026-04-24,35231.0,Department of Defense,Department of the Army,"THE CONTRACTOR SHALL SUPPLY QUANTITY TWO (2) XCELIUM SINGLE-CORE PRODUCT NO. X300 SOFTWARE LICENSES IN ACCORDANCE WITH QUOTE NUMBER Q-00024652, DATED APRIL 2, 2024, EXCEPT THE GOVERNMENTS TERMS AND CONDITIONS SHALL APPLY.",CONT_AWD_W911QX25FA002_9700_W911QX21D0002_9700
0000813672,Cadence Design Systems,CADENCE DESIGN SYSTEMS INC,True,FA239623PB015,2023-06-23,2024-04-30,34360.0,Department of Defense,Department of the Air Force,POINTWISE SOFTWARE MAINTENANCE,CONT_AWD_FA239623PB015_9700_-NONE-_-NONE-
0000813672,Cadence Design Systems,CADENCE DESIGN SYSTEMS INC,True,FA239622P0059,2022-04-30,2022-05-01,34360.0,Department of Defense,Department of the Air Force,POINTWISE SOFTWARE MAINTENANCE RENEWAL,CONT_AWD_FA239622P0059_9700_-NONE-_-NONE-
0000813672,Cadence Design Systems,CADENCE DESIGN SYSTEMS INC,True,80NSSC26P0370,2026-07-01,2027-06-30,33300.0,National Aeronautics and Space Administration,National Aeronautics and Space Administration,FY26 CADENCE SUPPORT FOR FIDELITY POINTWISE RENEWAL,CONT_AWD_80NSSC26P0370_8000_-NONE-_-NONE-
0000813672,Cadence Design Systems,CADENCE DESIGN SYSTEMS INC,True,FA239625PB004,2024-11-01,2025-04-30,32451.0,Department of Defense,Department of the Air Force,"FIDELITY SOFTWARE LICENSES- AUTOMESH, CHARLES, AND ACCELERATOR",CONT_AWD_FA239625PB004_9700_-NONE-_-NONE-
0000813672,Cadence Design Systems,CADENCE DESIGN SYSTEMS INC,True,80NSSC25PB100,2025-07-01,2026-06-30,32130.0,National Aeronautics and Space Administration,National Aeronautics and Space Administration,FY25 CADENCE SUPPORT FIDELITY POINTWISE RENEWAL,CONT_AWD_80NSSC25PB100_8000_-NONE-_-NONE-
0000813672,Cadence Design Systems,CADENCE DESIGN SYSTEMS INC,True,80NSSC24PC168,2024-08-01,2025-07-31,31212.0,National Aeronautics and Space Administration,National Aeronautics and Space Administration,MAINTENANCE CONTRACT FOR FINE/TURBO SOFTWARE. THIS SOFTWARE IS USED FOR ENGINE NOISE RESEARCH.,CONT_AWD_80NSSC24PC168_8000_-NONE-_-NONE-
0000813672,Cadence Design Systems,CADENCE DESIGN SYSTEMS INC,True,80NSSC26P0352,2026-07-01,2027-06-30,29905.0,National Aeronautics and Space Administration,National Aeronautics and Space Administration,FY26 FIDELITY POINTWISE RENEWAL,CONT_AWD_80NSSC26P0352_8000_-NONE-_-NONE-
0000813672,Cadence Design Systems,CADENCE DESIGN SYSTEMS INC,True,W911QX24P0072,2024-04-10,2025-04-17,29720.0,Department of Defense,Department of the Army,THE GOVERNMENT REQUIRES ONE (1) LICENSE FOR MICROWAVE OFFICE AMPLIFIER SIMULATION SOFTWARE FOR ONE (1) YEAR.,CONT_AWD_W911QX24P0072_9700_-NONE-_-NONE-
0000813672,Cadence Design Systems,CADENCE DESIGN SYSTEMS INC,True,FA820224P0001,2024-09-20,2025-09-19,29334.0,Department of Defense,Department of the Air Force,SOFTWARE LICENSES FOR ENGINEERING USE FOR THE A-10 AIRCRAFT,CONT_AWD_FA820224P0001_9700_-NONE-_-NONE-
0000813672,Cadence Design Systems,CADENCE DESIGN SYSTEMS INC,True,80NSSC26P0851,2026-08-01,2027-07-31,28683.0,National Aeronautics and Space Administration,National Aeronautics and Space Administration,CADENCE SUPPORT RENEWAL FOR FIDELITY SOFTWARE,CONT_AWD_80NSSC26P0851_8000_-NONE-_-NONE-
0000813672,Cadence Design Systems,CADENCE DESIGN SYSTEMS INC,True,FA860426PB001,2025-11-24,2026-11-23,28410.0,Department of Defense,Department of the Air Force,FIDELITY POINTWISE LICENSE RENEWAL,CONT_AWD_FA860426PB001_9700_-NONE-_-NONE-
0000813672,Cadence Design Systems,CADENCE DESIGN SYSTEMS INC,True,FA930025P6010,2025-07-30,2026-07-29,28410.0,Department of Defense,Department of the Air Force,POINTWISE SOFTWARE RENEWAL,CONT_AWD_FA930025P6010_9700_-NONE-_-NONE-
0000813672,Cadence Design Systems,CADENCE DESIGN SYSTEMS INC,True,80NSSC25PA963,2025-07-01,2026-06-30,27190.0,National Aeronautics and Space Administration,National Aeronautics and Space Administration,FY25 KSC POINTWISE RENEWAL,CONT_AWD_80NSSC25PA963_8000_-NONE-_-NONE-
0000813672,Cadence Design Systems,CADENCE DESIGN SYSTEMS INC,True,W9124P24P0096,2024-09-05,2025-08-18,26648.0,Department of Defense,Department of the Army,FIDELITY POINTWISE,CONT_AWD_W9124P24P0096_9700_-NONE-_-NONE-
0000813672,Cadence Design Systems,CADENCE DESIGN SYSTEMS INC,True,80NSSC25PA996,2025-08-01,2026-07-31,25839.0,National Aeronautics and Space Administration,National Aeronautics and Space Administration,MAINTENANCE CONTRACT FOR FINE/TURBO SOFTWARE (OMNIS),CONT_AWD_80NSSC25PA996_8000_-NONE-_-NONE-
0000813672,Cadence Design Systems,CADENCE DESIGN SYSTEMS INC,True,80NSSC23PB756,2023-08-01,2024-07-31,25337.0,National Aeronautics and Space Administration,National Aeronautics and Space Administration,MAINTENANCE CONTRACT FOR FINE/TURBO SOFTWARE. THIS SOFTWARE IS USED FOR ENGINE NOISE RESEARCH.,CONT_AWD_80NSSC23PB756_8000_-NONE-_-NONE-
0000813672,Cadence Design Systems,CADENCE DESIGN SYSTEMS INC,True,FA860423PB054,2023-09-01,2023-09-28,25269.0,Department of Defense,Department of the Air Force,AFLCMC/EN-EZ: FY23 REQUIREMENT FOR DEATH STAR - POINTWISE,CONT_AWD_FA860423PB054_9700_-NONE-_-NONE-
0000813672,Cadence Design Systems,CADENCE DESIGN SYSTEMS INC,True,FA930024P6014,2024-07-18,2025-07-17,25200.0,Department of Defense,Department of the Air Force,POINTWISE SOFTWARE LICENSE,CONT_AWD_FA930024P6014_9700_-NONE-_-NONE-
0000813672,Cadence Design Systems,CADENCE DESIGN SYSTEMS INC,True,FA860424PB032,2024-08-26,2024-09-01,25200.0,Department of Defense,Department of the Air Force,POINTWISE SOFTWARE RENEWAL (ANNUAL SUBSCRIPTION),CONT_AWD_FA860424PB032_9700_-NONE-_-NONE-
0000813672,Cadence Design Systems,CADENCE DESIGN SYSTEMS INC,True,FA940124P0031,2024-09-25,2024-09-30,25000.0,Department of Defense,Department of the Air Force,FIDELITY CADENCE POINTWISE SOFTWARE LICENSES,CONT_AWD_FA940124P0031_9700_-NONE-_-NONE-
0000813672,Cadence Design Systems,CADENCE DESIGN SYSTEMS INC,True,FA239625PB069,2025-05-12,2026-04-30,24200.0,Department of Defense,Department of the Air Force,RQ: POINTWISE SOFTWARE RENEWAL,CONT_AWD_FA239625PB069_9700_-NONE-_-NONE-
0000813672,Cadence Design Systems,CADENCE DESIGN SYSTEMS INC,True,W9124P23P0004,2022-12-01,2022-12-01,22900.0,Department of Defense,Department of the Army,"THE PROTOTYPE INTEGRATION FACILITY OF THE U.S. COMBAT CAPABILITIES DEVELOPMENT COMMAND (DEVCOM) AVIATION AND MISSILE CENTER (AVMC), REDSTONE ARSENAL, ALABAMA, HAS A REQUIREMENT FOR FIDELITY POINTWISE PWI-20-69.",CONT_AWD_W9124P23P0004_9700_-NONE-_-NONE-
0000813672,Cadence Design Systems,CADENCE DESIGN SYSTEMS INC,True,FA930023P6009,2023-06-08,2023-07-17,22900.0,Department of Defense,Department of the Air Force,FIDELITY POINTWISE SOFTWARE,CONT_AWD_FA930023P6009_9700_-NONE-_-NONE-
0000813672,Cadence Design Systems,CADENCE DESIGN SYSTEMS INC,True,FA860422CB047,2022-09-29,2022-10-01,22900.0,Department of Defense,Department of the Air Force,POINTWISE LICENSES,CONT_AWD_FA860422CB047_9700_-NONE-_-NONE-
0000813672,Cadence Design Systems,CADENCE DESIGN SYSTEMS INC,True,80NSSC25PB750,2025-07-01,2026-06-30,21978.0,National Aeronautics and Space Administration,National Aeronautics and Space Administration,FY25 CADENCE SUPPORT FIDELITY POINTWISE RENEWAL,CONT_AWD_80NSSC25PB750_8000_-NONE-_-NONE-
0000813672,Cadence Design Systems,CADENCE DESIGN SYSTEMS INC,True,80NSSC22PB532,2022-08-01,2023-07-31,21698.0,National Aeronautics and Space Administration,National Aeronautics and Space Administration,MAINTENANCE CONTRACT FOR FINE/TURBO SW,CONT_AWD_80NSSC22PB532_8000_-NONE-_-NONE-
0000813672,Cadence Design Systems,CADENCE DESIGN SYSTEMS INC,True,N0017825P6792,2025-07-24,2026-11-17,21002.0,Department of Defense,Department of the Navy,POINTWISE SWM,CONT_AWD_N0017825P6792_9700_-NONE-_-NONE-
0000813672,Cadence Design Systems,CADENCE DESIGN SYSTEMS INC,True,80NSSC22P0170,2021-11-12,2022-11-11,20500.0,National Aeronautics and Space Administration,National Aeronautics and Space Administration,EDA CADENCE SOFTWARE,CONT_AWD_80NSSC22P0170_8000_-NONE-_-NONE-
0000813672,Cadence Design Systems,CADENCE DESIGN SYSTEMS INC,True,N0016724P0087,2024-05-29,2025-05-29,18900.0,Department of Defense,Department of the Navy,POINTWISE SOFTWARE SUPPORT,CONT_AWD_N0016724P0087_9700_-NONE-_-NONE-
0000813672,Cadence Design Systems,CADENCE DESIGN SYSTEMS INC,True,80NSSC23PA636,2023-03-10,2024-03-09,17325.0,National Aeronautics and Space Administration,National Aeronautics and Space Administration,EDACARD SOFTWARE LICENSE RENEWAL,CONT_AWD_80NSSC23PA636_8000_-NONE-_-NONE-
0000813672,Cadence Design Systems,CADENCE DESIGN SYSTEMS INC,True,FA820222P0001,2022-09-15,2023-09-14,17180.0,Department of Defense,Department of the Air Force,SOFTWARE LICENSES FOR ENGINEERING USE FOR THE A-10 AIRCRAFT.,CONT_AWD_FA820222P0001_9700_-NONE-_-NONE-
0000813672,Cadence Design Systems,CADENCE DESIGN SYSTEMS INC,True,1333ND23PNB730503,2023-10-01,2025-09-30,17180.0,Department of Commerce,National Institute of Standards and Technology,FIDELITY POINTWISE ANNUAL MAINTENANCE SOFTWARE,CONT_AWD_1333ND23PNB730503_1341_-NONE-_-NONE-
0000813672,Cadence Design Systems,CADENCE DESIGN SYSTEMS INC,True,692M1526P00091,2026-09-01,2027-09-29,16449.0,Department of Transportation,Federal Aviation Administration,"SOFTWARE RENEWAL, CADENCE DESIGN SYSTEMS, INC",CONT_AWD_692M1526P00091_6920_-NONE-_-NONE-
0000813672,Cadence Design Systems,CADENCE DESIGN SYSTEMS INC,True,80NSSC26P1004,2026-08-01,2027-07-31,16449.0,National Aeronautics and Space Administration,National Aeronautics and Space Administration,FY26 FIDELITY POINTWISE RENEWAL,CONT_AWD_80NSSC26P1004_8000_-NONE-_-NONE-
0000813672,Cadence Design Systems,CADENCE DESIGN SYSTEMS INC,True,W9124P24P0023,2024-07-12,2024-07-12,16066.0,Department of Defense,Department of the Army,SUPPORT OF FIDELITY POINTWISE,CONT_AWD_W9124P24P0023_9700_-NONE-_-NONE-
0000813672,Cadence Design Systems,CADENCE DESIGN SYSTEMS INC,True,N0017826P6727,2026-06-01,2027-05-31,14952.0,Department of Defense,Department of the Navy,POINTWISE SWM (0218-03),CONT_AWD_N0017826P6727_9700_-NONE-_-NONE-
0000813672,Cadence Design Systems,CADENCE DESIGN SYSTEMS INC,True,80NSSC25PB381,2025-08-01,2026-07-31,14952.0,National Aeronautics and Space Administration,National Aeronautics and Space Administration,CREATED BY CITM CITM POC: TAYLOR ETHERINGTON REQUIREMENT: FY25 FIDELITY POINTWISE SOFTWARE RENEWAL - TAI LEATHERS - AFRC - 520,CONT_AWD_80NSSC25PB381_8000_-NONE-_-NONE-
0000813672,Cadence Design Systems,CADENCE DESIGN SYSTEMS INC,True,692M1525P00083,2025-09-15,2026-09-29,14952.0,Department of Transportation,Federal Aviation Administration,"SOFTWARE RENEWAL, CADENCE DESIGN SYSTEMS, INC,",CONT_AWD_692M1525P00083_6920_-NONE-_-NONE-
0000813672,Cadence Design Systems,CADENCE DESIGN SYSTEMS INC,True,80NSSC25PB453,2025-07-01,2026-06-30,14652.0,National Aeronautics and Space Administration,National Aeronautics and Space Administration,FY25 CADENCE SUPPORT FOR FIDELITY POINTWISE RENEWAL,CONT_AWD_80NSSC25PB453_8000_-NONE-_-NONE-
0000813672,Cadence Design Systems,CADENCE DESIGN SYSTEMS INC,True,FA860423PB036,2023-09-21,2023-11-20,14604.0,Department of Defense,Department of the Air Force,FISCAL YEAR 2023- RENEWAL SUPPORT FOR FIDELITY POINTWISE,CONT_AWD_FA860423PB036_9700_-NONE-_-NONE-
0000813672,Cadence Design Systems,CADENCE DESIGN SYSTEMS INC,True,W9124P23P0017,2023-05-01,2023-05-01,13814.0,Department of Defense,Department of the Army,SUPPORT FOR POINTWISE,CONT_AWD_W9124P23P0017_9700_-NONE-_-NONE-
0000813672,Cadence Design Systems,CADENCE DESIGN SYSTEMS INC,True,N0017825P6775,2025-06-01,2026-05-31,13595.0,Department of Defense,Department of the Navy,TLO 0428-02 POINTWISE SWM,CONT_AWD_N0017825P6775_9700_-NONE-_-NONE-
0000813672,Cadence Design Systems,CADENCE DESIGN SYSTEMS INC,True,N0042123P0439,2023-08-01,2024-07-31,12635.0,Department of Defense,Department of the Navy,P/N:CFDLLL  POINTWISE,CONT_AWD_N0042123P0439_9700_-NONE-_-NONE-
0000813672,Cadence Design Systems,CADENCE DESIGN SYSTEMS INC,True,692M1523P00087,2023-08-30,2024-09-30,12635.0,Department of Transportation,Federal Aviation Administration,POINTWISE MESH GENERATION TOOL ANNUAL LICENSE.,CONT_AWD_692M1523P00087_6920_-NONE-_-NONE-
0000813672,Cadence Design Systems,CADENCE DESIGN SYSTEMS INC,True,W15QKN24P0025,2024-08-27,2025-07-31,12600.0,Department of Defense,Department of the Army,FIDELITY POINTWISE MESHING SOFTWARE LICENSE AND MAINTENANCE SUPPORT.,CONT_AWD_W15QKN24P0025_9700_-NONE-_-NONE-
0000813672,Cadence Design Systems,CADENCE DESIGN SYSTEMS INC,True,N0042124P0384,2024-08-01,2025-07-31,12600.0,Department of Defense,Department of the Navy,POINTWISE ANNUAL LICENSE RENEWAL,CONT_AWD_N0042124P0384_9700_-NONE-_-NONE-
0000813672,Cadence Design Systems,CADENCE DESIGN SYSTEMS INC,True,N0017824P6787,2024-06-01,2025-05-31,12600.0,Department of Defense,Department of the Navy,PRODUCT NO. CFD111,CONT_AWD_N0017824P6787_9700_-NONE-_-NONE-
0000813672,Cadence Design Systems,CADENCE DESIGN SYSTEMS INC,True,692M1524P00083,2024-08-13,2025-09-29,12600.0,Department of Transportation,Federal Aviation Administration,"SOFTWARE RENEWAL, CADENCE DESIGN SYSTEMS, INC, 6/6/2024",CONT_AWD_692M1524P00083_6920_-NONE-_-NONE-
0000813672,Cadence Design Systems,"POINTWISE, INC",False,80NSSC24F0042,2024-01-01,2024-06-30,12592.0,National Aeronautics and Space Administration,National Aeronautics and Space Administration,THIS TASK ORDER IS TO PURCHASE AN POINTWISE FRAMEMAKER PER QUOTE# Q-00018637. ..PERIOD OF PERFORMANCE IS 01/01/2024 - 06/30/2024.,CONT_AWD_80NSSC24F0042_8000_80NSSC20A0005_8000
0000813672,Cadence Design Systems,CADENCE DESIGN SYSTEMS INC,True,FA860422PB014,2022-09-13,2022-09-14,12583.0,Department of Defense,Department of the Air Force,POINTWISE SOFTWARE RENEWAL,CONT_AWD_FA860422PB014_9700_-NONE-_-NONE-
0000813672,Cadence Design Systems,CADENCE DESIGN SYSTEMS INC,True,W9124P25P0021,2025-04-30,2026-04-30,12100.0,Department of Defense,Department of the Army,SUPPORT FOR FIDELITY POINTWISE,CONT_AWD_W9124P25P0021_9700_-NONE-_-NONE-
0000813672,Cadence Design Systems,CADENCE DESIGN SYSTEMS INC,True,FA860425PB021,2025-07-09,2026-07-08,12100.0,Department of Defense,Department of the Air Force,FIDELITY POINTWISE,CONT_AWD_FA860425PB021_9700_-NONE-_-NONE-
0000813672,Cadence Design Systems,CADENCE DESIGN SYSTEMS INC,True,FA860424PB040,2024-05-01,2025-04-30,12100.0,Department of Defense,Department of the Air Force,CADENCE FIDELITY POINTWISE SOFTWARE SUPPORT RENEWAL,CONT_AWD_FA860424PB040_9700_-NONE-_-NONE-
0000813672,Cadence Design Systems,CADENCE DESIGN SYSTEMS INC,True,W9124P22CP008,2022-04-29,2022-05-02,12011.0,Department of Defense,Department of the Army,SOFTWARE RENEWAL (POINTWISE:CFD110-99),CONT_AWD_W9124P22CP008_9700_-NONE-_-NONE-
0000813672,Cadence Design Systems,CADENCE DESIGN SYSTEMS INC,True,W15QKN22P0026,2022-09-23,2023-04-30,11450.0,Department of Defense,Department of the Army,THE PURPOSE OF THIS PURCHASE ORDER IS TO PROCURE POINTWISE MESHING SOFTWARE AND LICENSE.,CONT_AWD_W15QKN22P0026_9700_-NONE-_-NONE-
0000813672,Cadence Design Systems,CADENCE DESIGN SYSTEMS INC,True,N0042122P0290,2022-06-27,2023-05-31,11450.0,Department of Defense,Department of the Navy,CFD110 - POINTWISE,CONT_AWD_N0042122P0290_9700_-NONE-_-NONE-
0000813672,Cadence Design Systems,CADENCE DESIGN SYSTEMS INC,True,N0017823P6790,2023-06-01,2024-05-31,11450.0,Department of Defense,Department of the Navy,CFD111,CONT_AWD_N0017823P6790_9700_-NONE-_-NONE-
0000813672,Cadence Design Systems,CADENCE DESIGN SYSTEMS INC,True,N0017822P6809,2022-08-31,2023-05-31,11450.0,Department of Defense,Department of the Navy,PART NUMBER:CFD111,CONT_AWD_N0017822P6809_9700_-NONE-_-NONE-
0000813672,Cadence Design Systems,CADENCE DESIGN SYSTEMS INC,True,N0017322P1807,2022-05-05,2023-04-30,11450.0,Department of Defense,Department of the Navy,POINTWISE SOFTWARE RENEWAL,CONT_AWD_N0017322P1807_9700_-NONE-_-NONE-
0000813672,Cadence Design Systems,CADENCE DESIGN SYSTEMS INC,True,692M1522P00103,2022-09-16,2023-09-30,11450.0,Department of Transportation,Federal Aviation Administration,POINTWISE MESH GENERATION TOOL ANNUAL LICENSE. THE LEASE OF A MESH GENERATION TOOL SOFTWARE PACKAGE IS NECESSARY TO ENHANCE THE NUMERICAL MODELING CAPABILITIES TO ASSIST CERTIFICATION.,CONT_AWD_692M1522P00103_6920_-NONE-_-NONE-
0000813672,Cadence Design Systems,CADENCE DESIGN SYSTEMS INC,True,N0016725P1085,2025-07-22,2025-08-31,10450.0,Department of Defense,Department of the Navy,2 FIDELITY CFD LICENSE RENEWALS,CONT_AWD_N0016725P1085_9700_-NONE-_-NONE-
0000813672,Cadence Design Systems,"POINTWISE, INC",False,80NSSC22F0634,2022-09-01,2023-06-30,10290.0,National Aeronautics and Space Administration,National Aeronautics and Space Administration,POINTWISE LICENSE,CONT_AWD_80NSSC22F0634_8000_80NSSC20A0005_8000
0000813672,Cadence Design Systems,CADENCE DESIGN SYSTEMS INC,True,N0017823P6743,2023-06-01,2024-05-31,8590.0,Department of Defense,Department of the Navy,PART NUMBER: CFD111M1,CONT_AWD_N0017823P6743_9700_-NONE-_-NONE-
0000813672,Cadence Design Systems,CADENCE DESIGN SYSTEMS INC,True,N0017822P6776,2022-06-01,2023-05-31,8590.0,Department of Defense,Department of the Navy,PART NUMBER: CFD110-99,CONT_AWD_N0017822P6776_9700_-NONE-_-NONE-
0000813672,Cadence Design Systems,CADENCE DESIGN SYSTEMS INC,True,N0016723P0089,2023-06-01,2023-06-01,8590.0,Department of Defense,Department of the Navy,ANNUAL SOFTWARE SUPPORT AND MAINTENANCE,CONT_AWD_N0016723P0089_9700_-NONE-_-NONE-
0000813672,Cadence Design Systems,CADENCE DESIGN SYSTEMS INC,True,N0016722P0085,2022-05-05,2022-05-31,8590.0,Department of Defense,Department of the Navy,ANNUAL SOFTWARE SUPPORT AND MAINTENANCE,CONT_AWD_N0016722P0085_9700_-NONE-_-NONE-
0000813672,Cadence Design Systems,CADENCE DESIGN SYSTEMS INC,True,FA930024P6001,2023-10-30,2024-06-30,8590.0,Department of Defense,Department of the Air Force,POINTWISE SOFTWARE MAINTENANCE RENEWAL,CONT_AWD_FA930024P6001_9700_-NONE-_-NONE-
0000813672,Cadence Design Systems,CADENCE DESIGN SYSTEMS INC,True,1333ND22PNB730390,2022-10-01,2023-09-30,8590.0,Department of Commerce,National Institute of Standards and Technology,RENEWAL OF POINTWISE SOFTWARE LICENSE,CONT_AWD_1333ND22PNB730390_1341_-NONE-_-NONE-
0000813672,Cadence Design Systems,CADENCE DESIGN SYSTEMS INC,True,FA930025P6001,2025-02-24,2026-02-23,6050.0,Department of Defense,Department of the Air Force,SOFTWARE RENEWAL,CONT_AWD_FA930025P6001_9700_-NONE-_-NONE-
0000813672,Cadence Design Systems,CADENCE DESIGN SYSTEMS INC,True,FA930023P6002,2022-07-01,2023-06-30,4114.0,Department of Defense,Department of the Air Force,POINTWISE PERPETUAL LICENSE MAINTENANCE RENEWAL,CONT_AWD_FA930023P6002_9700_-NONE-_-NONE-
0000813672,Cadence Design Systems,CADENCE DESIGN SYSTEMS INC,True,N0017321P0748,2021-05-20,2022-03-21,0,Department of Defense,Department of the Navy,VSS FOR WIRELESS COMM,CONT_AWD_N0017321P0748_9700_-NONE-_-NONE-
0000813672,Cadence Design Systems,"POINTWISE, INC",False,HQ085921P0002,2021-11-01,2022-10-31,0,Department of Defense,Missile Defense Agency,POINTWISE ANNUAL RENEWAL,CONT_AWD_HQ085921P0002_9700_-NONE-_-NONE-
0000813672,Cadence Design Systems,CADENCE DESIGN SYSTEMS INC,True,80NSSC25PB804,2025-08-01,2026-09-01,0,National Aeronautics and Space Administration,National Aeronautics and Space Administration,DA - SOFTWARE LICENSE FIDELITY MESH AND SOLVER,CONT_AWD_80NSSC25PB804_8000_-NONE-_-NONE-
