site_name,registration_application_number,permit_issuance_date,program_type,city_county,regional_office,candidate_parent_tickers,observed_date,available_date_conservative,source_url,fetched_at_utc,sha256,local_path,status,purchase_price_usd
Microsoft Corporation - East Coast Data Center,21527-7,2024-04-24,Article 1 - Title V,Mecklenburg Co.,Piedmont,MSFT,2026-10-04,2026-10-05,https://www.deq.virginia.gov/news-info/shortcuts/permits/air/issued-air-permits-for-data-centers,2026-10-04T03:35:36.921559+00:00,0885a1cbb7cfc284c5c3705f0ebb0daa3f68de55faec8b052660c0d84fea0a9c,data/packaged_software/extracts/property_activity/raw/c5bcaa94a56266e14602bf72329a1c2f96a62159b32462b6dda884d8c1eeb2f1.bin,public_data_center_permit_inventory_operator_parent_link_requires_review,
Microsoft Corporation - East Coast Data Center,21527-15,2023-09-19,Article 6 - mNSR,Mecklenburg Co.,Piedmont,MSFT,2026-10-04,2026-10-05,https://www.deq.virginia.gov/news-info/shortcuts/permits/air/issued-air-permits-for-data-centers,2026-10-04T03:35:36.921559+00:00,0885a1cbb7cfc284c5c3705f0ebb0daa3f68de55faec8b052660c0d84fea0a9c,data/packaged_software/extracts/property_activity/raw/c5bcaa94a56266e14602bf72329a1c2f96a62159b32462b6dda884d8c1eeb2f1.bin,public_data_center_permit_inventory_operator_parent_link_requires_review,
TECfusions Clarksville LLC,30142-3,2025-02-12,Article 6 - mNSR,Mecklenburg Co.,Piedmont,,2026-10-04,2026-10-05,https://www.deq.virginia.gov/news-info/shortcuts/permits/air/issued-air-permits-for-data-centers,2026-10-04T03:35:36.921559+00:00,0885a1cbb7cfc284c5c3705f0ebb0daa3f68de55faec8b052660c0d84fea0a9c,data/packaged_software/extracts/property_activity/raw/c5bcaa94a56266e14602bf72329a1c2f96a62159b32462b6dda884d8c1eeb2f1.bin,public_data_center_permit_inventory_operator_parent_link_requires_review,
QTS Richmond Data Center,51232-16,2024-06-24,Article 6 - mNSR,Henrico Co.,Piedmont,,2026-10-04,2026-10-05,https://www.deq.virginia.gov/news-info/shortcuts/permits/air/issued-air-permits-for-data-centers,2026-10-04T03:35:36.921559+00:00,0885a1cbb7cfc284c5c3705f0ebb0daa3f68de55faec8b052660c0d84fea0a9c,data/packaged_software/extracts/property_activity/raw/c5bcaa94a56266e14602bf72329a1c2f96a62159b32462b6dda884d8c1eeb2f1.bin,public_data_center_permit_inventory_operator_parent_link_requires_review,
Bank of America - Villa Park Drive,52221-9,2026-01-12,Article 6 - mNSR,Henrico Co.,Piedmont,,2026-10-04,2026-10-05,https://www.deq.virginia.gov/news-info/shortcuts/permits/air/issued-air-permits-for-data-centers,2026-10-04T03:35:36.921559+00:00,0885a1cbb7cfc284c5c3705f0ebb0daa3f68de55faec8b052660c0d84fea0a9c,data/packaged_software/extracts/property_activity/raw/c5bcaa94a56266e14602bf72329a1c2f96a62159b32462b6dda884d8c1eeb2f1.bin,public_data_center_permit_inventory_operator_parent_link_requires_review,
Capital One Services Incorporated,52281-10,2026-01-22,Article 6 - mNSR,Henrico Co.,Piedmont,,2026-10-04,2026-10-05,https://www.deq.virginia.gov/news-info/shortcuts/permits/air/issued-air-permits-for-data-centers,2026-10-04T03:35:36.921559+00:00,0885a1cbb7cfc284c5c3705f0ebb0daa3f68de55faec8b052660c0d84fea0a9c,data/packaged_software/extracts/property_activity/raw/c5bcaa94a56266e14602bf72329a1c2f96a62159b32462b6dda884d8c1eeb2f1.bin,public_data_center_permit_inventory_operator_parent_link_requires_review,
Chirisa Richmond LLC,52432-6,2026-04-09,Article 6 - mNSR,Chesterfield Co.,Piedmont,,2026-10-04,2026-10-05,https://www.deq.virginia.gov/news-info/shortcuts/permits/air/issued-air-permits-for-data-centers,2026-10-04T03:35:36.921559+00:00,0885a1cbb7cfc284c5c3705f0ebb0daa3f68de55faec8b052660c0d84fea0a9c,data/packaged_software/extracts/property_activity/raw/c5bcaa94a56266e14602bf72329a1c2f96a62159b32462b6dda884d8c1eeb2f1.bin,public_data_center_permit_inventory_operator_parent_link_requires_review,
Microsoft Corp - LVL Data Center,52820-3,2023-09-05,Article 6 - mNSR,Mecklenburg Co.,Piedmont,MSFT,2026-10-04,2026-10-05,https://www.deq.virginia.gov/news-info/shortcuts/permits/air/issued-air-permits-for-data-centers,2026-10-04T03:35:36.921559+00:00,0885a1cbb7cfc284c5c3705f0ebb0daa3f68de55faec8b052660c0d84fea0a9c,data/packaged_software/extracts/property_activity/raw/c5bcaa94a56266e14602bf72329a1c2f96a62159b32462b6dda884d8c1eeb2f1.bin,public_data_center_permit_inventory_operator_parent_link_requires_review,
Microsoft Corporation - Timber Data Center,52903-4,2023-09-19,Article 6 - mNSR,Mecklenburg Co.,Piedmont,MSFT,2026-10-04,2026-10-05,https://www.deq.virginia.gov/news-info/shortcuts/permits/air/issued-air-permits-for-data-centers,2026-10-04T03:35:36.921559+00:00,0885a1cbb7cfc284c5c3705f0ebb0daa3f68de55faec8b052660c0d84fea0a9c,data/packaged_software/extracts/property_activity/raw/c5bcaa94a56266e14602bf72329a1c2f96a62159b32462b6dda884d8c1eeb2f1.bin,public_data_center_permit_inventory_operator_parent_link_requires_review,
Microsoft Corporation - AVC Data Center,52949-2,2023-09-28,Article 6 - mNSR,Mecklenburg Co.,Piedmont,MSFT,2026-10-04,2026-10-05,https://www.deq.virginia.gov/news-info/shortcuts/permits/air/issued-air-permits-for-data-centers,2026-10-04T03:35:36.921559+00:00,0885a1cbb7cfc284c5c3705f0ebb0daa3f68de55faec8b052660c0d84fea0a9c,data/packaged_software/extracts/property_activity/raw/c5bcaa94a56266e14602bf72329a1c2f96a62159b32462b6dda884d8c1eeb2f1.bin,public_data_center_permit_inventory_operator_parent_link_requires_review,
Microsoft Corp DCS - AVC09 Datacenter,52973-2,2025-07-23,Article 6 - mNSR,Mecklenburg Co.,Piedmont,MSFT,2026-10-04,2026-10-05,https://www.deq.virginia.gov/news-info/shortcuts/permits/air/issued-air-permits-for-data-centers,2026-10-04T03:35:36.921559+00:00,0885a1cbb7cfc284c5c3705f0ebb0daa3f68de55faec8b052660c0d84fea0a9c,data/packaged_software/extracts/property_activity/raw/c5bcaa94a56266e14602bf72329a1c2f96a62159b32462b6dda884d8c1eeb2f1.bin,public_data_center_permit_inventory_operator_parent_link_requires_review,
Microsoft Corporation - AVC43 Datacenter,53071-1,2023-07-12,Article 6 - mNSR,Mecklenburg Co.,Piedmont,MSFT,2026-10-04,2026-10-05,https://www.deq.virginia.gov/news-info/shortcuts/permits/air/issued-air-permits-for-data-centers,2026-10-04T03:35:36.921559+00:00,0885a1cbb7cfc284c5c3705f0ebb0daa3f68de55faec8b052660c0d84fea0a9c,data/packaged_software/extracts/property_activity/raw/c5bcaa94a56266e14602bf72329a1c2f96a62159b32462b6dda884d8c1eeb2f1.bin,public_data_center_permit_inventory_operator_parent_link_requires_review,
Microsoft Corp - LYH10 Datacenter,53072-1,2023-07-13,Article 6 - mNSR,Mecklenburg Co.,Piedmont,MSFT,2026-10-04,2026-10-05,https://www.deq.virginia.gov/news-info/shortcuts/permits/air/issued-air-permits-for-data-centers,2026-10-04T03:35:36.921559+00:00,0885a1cbb7cfc284c5c3705f0ebb0daa3f68de55faec8b052660c0d84fea0a9c,data/packaged_software/extracts/property_activity/raw/c5bcaa94a56266e14602bf72329a1c2f96a62159b32462b6dda884d8c1eeb2f1.bin,public_data_center_permit_inventory_operator_parent_link_requires_review,
Microsoft Corp - AVC17 Datacenter,53086-2,2025-04-22,Article 6 - mNSR,Mecklenburg Co.,Piedmont,MSFT,2026-10-04,2026-10-05,https://www.deq.virginia.gov/news-info/shortcuts/permits/air/issued-air-permits-for-data-centers,2026-10-04T03:35:36.921559+00:00,0885a1cbb7cfc284c5c3705f0ebb0daa3f68de55faec8b052660c0d84fea0a9c,data/packaged_software/extracts/property_activity/raw/c5bcaa94a56266e14602bf72329a1c2f96a62159b32462b6dda884d8c1eeb2f1.bin,public_data_center_permit_inventory_operator_parent_link_requires_review,
CLOP Ashland VA LLC,53197-2,2026-07-21,Article 6 - mNSR,Hanover Co.,Piedmont,,2026-10-04,2026-10-05,https://www.deq.virginia.gov/news-info/shortcuts/permits/air/issued-air-permits-for-data-centers,2026-10-04T03:35:36.921559+00:00,0885a1cbb7cfc284c5c3705f0ebb0daa3f68de55faec8b052660c0d84fea0a9c,data/packaged_software/extracts/property_activity/raw/c5bcaa94a56266e14602bf72329a1c2f96a62159b32462b6dda884d8c1eeb2f1.bin,public_data_center_permit_inventory_operator_parent_link_requires_review,
Microsoft Corporation - LYH03 Datacenter,53198-1,2025-05-01,Article 6 - mNSR,Mecklenburg Co.,Piedmont,MSFT,2026-10-04,2026-10-05,https://www.deq.virginia.gov/news-info/shortcuts/permits/air/issued-air-permits-for-data-centers,2026-10-04T03:35:36.921559+00:00,0885a1cbb7cfc284c5c3705f0ebb0daa3f68de55faec8b052660c0d84fea0a9c,data/packaged_software/extracts/property_activity/raw/c5bcaa94a56266e14602bf72329a1c2f96a62159b32462b6dda884d8c1eeb2f1.bin,public_data_center_permit_inventory_operator_parent_link_requires_review,
QTS Richmond V LLC,53259-1,2026-04-22,Article 6 - mNSR,Henrico Co.,Piedmont,,2026-10-04,2026-10-05,https://www.deq.virginia.gov/news-info/shortcuts/permits/air/issued-air-permits-for-data-centers,2026-10-04T03:35:36.921559+00:00,0885a1cbb7cfc284c5c3705f0ebb0daa3f68de55faec8b052660c0d84fea0a9c,data/packaged_software/extracts/property_activity/raw/c5bcaa94a56266e14602bf72329a1c2f96a62159b32462b6dda884d8c1eeb2f1.bin,public_data_center_permit_inventory_operator_parent_link_requires_review,
Iron Mountain Information Management LLC,53266-1,2026-05-07,Article 6 - mNSR,Henrico Co.,Piedmont,,2026-10-04,2026-10-05,https://www.deq.virginia.gov/news-info/shortcuts/permits/air/issued-air-permits-for-data-centers,2026-10-04T03:35:36.921559+00:00,0885a1cbb7cfc284c5c3705f0ebb0daa3f68de55faec8b052660c0d84fea0a9c,data/packaged_software/extracts/property_activity/raw/c5bcaa94a56266e14602bf72329a1c2f96a62159b32462b6dda884d8c1eeb2f1.bin,public_data_center_permit_inventory_operator_parent_link_requires_review,
"Chantilly Technology Partners, LLC/H5 VA",72375-9,2026-03-10,Article 6 - mNSR,Fairfax Co.,Northern,,2026-10-04,2026-10-05,https://www.deq.virginia.gov/news-info/shortcuts/permits/air/issued-air-permits-for-data-centers,2026-10-04T03:35:36.921559+00:00,0885a1cbb7cfc284c5c3705f0ebb0daa3f68de55faec8b052660c0d84fea0a9c,data/packaged_software/extracts/property_activity/raw/c5bcaa94a56266e14602bf72329a1c2f96a62159b32462b6dda884d8c1eeb2f1.bin,public_data_center_permit_inventory_operator_parent_link_requires_review,
Equinix LLC,73233-8,2024-03-19,Article 6 - mNSR,Loudoun Co.,Northern,,2026-10-04,2026-10-05,https://www.deq.virginia.gov/news-info/shortcuts/permits/air/issued-air-permits-for-data-centers,2026-10-04T03:35:36.921559+00:00,0885a1cbb7cfc284c5c3705f0ebb0daa3f68de55faec8b052660c0d84fea0a9c,data/packaged_software/extracts/property_activity/raw/c5bcaa94a56266e14602bf72329a1c2f96a62159b32462b6dda884d8c1eeb2f1.bin,public_data_center_permit_inventory_operator_parent_link_requires_review,
21571 Beaumeade Circle LLC,73240-4,2024-09-24,Article 6 - mNSR,Loudoun Co.,Northern,,2026-10-04,2026-10-05,https://www.deq.virginia.gov/news-info/shortcuts/permits/air/issued-air-permits-for-data-centers,2026-10-04T03:35:36.921559+00:00,0885a1cbb7cfc284c5c3705f0ebb0daa3f68de55faec8b052660c0d84fea0a9c,data/packaged_software/extracts/property_activity/raw/c5bcaa94a56266e14602bf72329a1c2f96a62159b32462b6dda884d8c1eeb2f1.bin,public_data_center_permit_inventory_operator_parent_link_requires_review,
"Amazon Data Services, Inc. IAD-1 IAD-9",73294-16,2024-10-11,Article 6 - mNSR,Fairfax Co.,Northern,,2026-10-04,2026-10-05,https://www.deq.virginia.gov/news-info/shortcuts/permits/air/issued-air-permits-for-data-centers,2026-10-04T03:35:36.921559+00:00,0885a1cbb7cfc284c5c3705f0ebb0daa3f68de55faec8b052660c0d84fea0a9c,data/packaged_software/extracts/property_activity/raw/c5bcaa94a56266e14602bf72329a1c2f96a62159b32462b6dda884d8c1eeb2f1.bin,public_data_center_permit_inventory_operator_parent_link_requires_review,
"Amazon Data Services, Inc. IAD-6 IAD-13 IAD-54",73355-21,2025-05-19,Article 6 - mNSR,Loudoun Co.,Northern,,2026-10-04,2026-10-05,https://www.deq.virginia.gov/news-info/shortcuts/permits/air/issued-air-permits-for-data-centers,2026-10-04T03:35:36.921559+00:00,0885a1cbb7cfc284c5c3705f0ebb0daa3f68de55faec8b052660c0d84fea0a9c,data/packaged_software/extracts/property_activity/raw/c5bcaa94a56266e14602bf72329a1c2f96a62159b32462b6dda884d8c1eeb2f1.bin,public_data_center_permit_inventory_operator_parent_link_requires_review,
New Dominion Technology Park LLC,73369-3,2025-09-16,Article 6 - mNSR,Fairfax Co.,Northern,,2026-10-04,2026-10-05,https://www.deq.virginia.gov/news-info/shortcuts/permits/air/issued-air-permits-for-data-centers,2026-10-04T03:35:36.921559+00:00,0885a1cbb7cfc284c5c3705f0ebb0daa3f68de55faec8b052660c0d84fea0a9c,data/packaged_software/extracts/property_activity/raw/c5bcaa94a56266e14602bf72329a1c2f96a62159b32462b6dda884d8c1eeb2f1.bin,public_data_center_permit_inventory_operator_parent_link_requires_review,
Digital Loudoun Pkwy Center N LLC,73670-14,2025-03-14,Article 1 - Title V,Loudoun Co.,Northern,,2026-10-04,2026-10-05,https://www.deq.virginia.gov/news-info/shortcuts/permits/air/issued-air-permits-for-data-centers,2026-10-04T03:35:36.921559+00:00,0885a1cbb7cfc284c5c3705f0ebb0daa3f68de55faec8b052660c0d84fea0a9c,data/packaged_software/extracts/property_activity/raw/c5bcaa94a56266e14602bf72329a1c2f96a62159b32462b6dda884d8c1eeb2f1.bin,public_data_center_permit_inventory_operator_parent_link_requires_review,
"Amazon Data Services, Inc. IAD-7 IAD-11 IAD-24",73741-23,2026-01-20,Article 6 - mNSR,Prince William Co.,Northern,,2026-10-04,2026-10-05,https://www.deq.virginia.gov/news-info/shortcuts/permits/air/issued-air-permits-for-data-centers,2026-10-04T03:35:36.921559+00:00,0885a1cbb7cfc284c5c3705f0ebb0daa3f68de55faec8b052660c0d84fea0a9c,data/packaged_software/extracts/property_activity/raw/c5bcaa94a56266e14602bf72329a1c2f96a62159b32462b6dda884d8c1eeb2f1.bin,public_data_center_permit_inventory_operator_parent_link_requires_review,
"Zayo Group, LLC",73743-7,2025-08-04,Article 6 - mNSR,Loudoun Co.,Northern,,2026-10-04,2026-10-05,https://www.deq.virginia.gov/news-info/shortcuts/permits/air/issued-air-permits-for-data-centers,2026-10-04T03:35:36.921559+00:00,0885a1cbb7cfc284c5c3705f0ebb0daa3f68de55faec8b052660c0d84fea0a9c,data/packaged_software/extracts/property_activity/raw/c5bcaa94a56266e14602bf72329a1c2f96a62159b32462b6dda884d8c1eeb2f1.bin,public_data_center_permit_inventory_operator_parent_link_requires_review,
"QTS Dulles, LLC",73757-6,2024-07-30,Article 6 - mNSR,Loudoun Co.,Northern,,2026-10-04,2026-10-05,https://www.deq.virginia.gov/news-info/shortcuts/permits/air/issued-air-permits-for-data-centers,2026-10-04T03:35:36.921559+00:00,0885a1cbb7cfc284c5c3705f0ebb0daa3f68de55faec8b052660c0d84fea0a9c,data/packaged_software/extracts/property_activity/raw/c5bcaa94a56266e14602bf72329a1c2f96a62159b32462b6dda884d8c1eeb2f1.bin,public_data_center_permit_inventory_operator_parent_link_requires_review,
"Amazon Data Services, Inc. IAD-10 IAD-32 IAD-98 IAD-99 IAD-118 IAD-119 IAD-129",73853-13,2024-08-27,Article 6 - mNSR,Loudoun Co.,Northern,,2026-10-04,2026-10-05,https://www.deq.virginia.gov/news-info/shortcuts/permits/air/issued-air-permits-for-data-centers,2026-10-04T03:35:36.921559+00:00,0885a1cbb7cfc284c5c3705f0ebb0daa3f68de55faec8b052660c0d84fea0a9c,data/packaged_software/extracts/property_activity/raw/c5bcaa94a56266e14602bf72329a1c2f96a62159b32462b6dda884d8c1eeb2f1.bin,public_data_center_permit_inventory_operator_parent_link_requires_review,
"Amazon Data Services, Inc. IAD-12 IAD-15 IAD-16 IAD-76 IAD-230",73860-16,2025-01-30,Article 6 - mNSR,Loudoun Co.,Northern,,2026-10-04,2026-10-05,https://www.deq.virginia.gov/news-info/shortcuts/permits/air/issued-air-permits-for-data-centers,2026-10-04T03:35:36.921559+00:00,0885a1cbb7cfc284c5c3705f0ebb0daa3f68de55faec8b052660c0d84fea0a9c,data/packaged_software/extracts/property_activity/raw/c5bcaa94a56266e14602bf72329a1c2f96a62159b32462b6dda884d8c1eeb2f1.bin,public_data_center_permit_inventory_operator_parent_link_requires_review,
"Intergate Ashburn, LLC",73935-7,2024-12-03,Article 6 - mNSR,Loudoun Co.,Northern,,2026-10-04,2026-10-05,https://www.deq.virginia.gov/news-info/shortcuts/permits/air/issued-air-permits-for-data-centers,2026-10-04T03:35:36.921559+00:00,0885a1cbb7cfc284c5c3705f0ebb0daa3f68de55faec8b052660c0d84fea0a9c,data/packaged_software/extracts/property_activity/raw/c5bcaa94a56266e14602bf72329a1c2f96a62159b32462b6dda884d8c1eeb2f1.bin,public_data_center_permit_inventory_operator_parent_link_requires_review,
"Equinix, LLC - Ashburn",73946-6,2024-10-01,Article 6 - mNSR,Loudoun Co.,Northern,,2026-10-04,2026-10-05,https://www.deq.virginia.gov/news-info/shortcuts/permits/air/issued-air-permits-for-data-centers,2026-10-04T03:35:36.921559+00:00,0885a1cbb7cfc284c5c3705f0ebb0daa3f68de55faec8b052660c0d84fea0a9c,data/packaged_software/extracts/property_activity/raw/c5bcaa94a56266e14602bf72329a1c2f96a62159b32462b6dda884d8c1eeb2f1.bin,public_data_center_permit_inventory_operator_parent_link_requires_review,
"Amazon Data Services, Inc. IAD 50 IAD 60 IAD-71 IAD-78 IAD-79 IAD-80",74049-9,2024-05-08,Article 6 - mNSR,Loudoun Co.,Northern,,2026-10-04,2026-10-05,https://www.deq.virginia.gov/news-info/shortcuts/permits/air/issued-air-permits-for-data-centers,2026-10-04T03:35:36.921559+00:00,0885a1cbb7cfc284c5c3705f0ebb0daa3f68de55faec8b052660c0d84fea0a9c,data/packaged_software/extracts/property_activity/raw/c5bcaa94a56266e14602bf72329a1c2f96a62159b32462b6dda884d8c1eeb2f1.bin,public_data_center_permit_inventory_operator_parent_link_requires_review,
"Amazon Data Services, Inc. IAD-55 IAD-64 IAD-84",74052-9,2023-04-25,Article 6 - mNSR,Prince William Co.,Northern,,2026-10-04,2026-10-05,https://www.deq.virginia.gov/news-info/shortcuts/permits/air/issued-air-permits-for-data-centers,2026-10-04T03:35:36.921559+00:00,0885a1cbb7cfc284c5c3705f0ebb0daa3f68de55faec8b052660c0d84fea0a9c,data/packaged_software/extracts/property_activity/raw/c5bcaa94a56266e14602bf72329a1c2f96a62159b32462b6dda884d8c1eeb2f1.bin,public_data_center_permit_inventory_operator_parent_link_requires_review,
"Amazon Data Services, Inc. IAD-51 IAD-56 IAD-88 IAD-89",74063- 5,2026-07-07,Article 6 - mNSR,Loudoun Co.,Northern,,2026-10-04,2026-10-05,https://www.deq.virginia.gov/news-info/shortcuts/permits/air/issued-air-permits-for-data-centers,2026-10-04T03:35:36.921559+00:00,0885a1cbb7cfc284c5c3705f0ebb0daa3f68de55faec8b052660c0d84fea0a9c,data/packaged_software/extracts/property_activity/raw/c5bcaa94a56266e14602bf72329a1c2f96a62159b32462b6dda884d8c1eeb2f1.bin,public_data_center_permit_inventory_operator_parent_link_requires_review,
"SI NVA01 ABS, LLC",74079-5,2025-08-21,Article 6 - mNSR,Loudoun Co.,Northern,,2026-10-04,2026-10-05,https://www.deq.virginia.gov/news-info/shortcuts/permits/air/issued-air-permits-for-data-centers,2026-10-04T03:35:36.921559+00:00,0885a1cbb7cfc284c5c3705f0ebb0daa3f68de55faec8b052660c0d84fea0a9c,data/packaged_software/extracts/property_activity/raw/c5bcaa94a56266e14602bf72329a1c2f96a62159b32462b6dda884d8c1eeb2f1.bin,public_data_center_permit_inventory_operator_parent_link_requires_review,
"Amazon Data Services, Inc. IAD-61 IAD-63 IAD-65 IAD-86 IAD-155 IAD-600 IAD-018",74080-8,2025-01-21,Article 6 - mNSR,Loudoun Co.,Northern,,2026-10-04,2026-10-05,https://www.deq.virginia.gov/news-info/shortcuts/permits/air/issued-air-permits-for-data-centers,2026-10-04T03:35:36.921559+00:00,0885a1cbb7cfc284c5c3705f0ebb0daa3f68de55faec8b052660c0d84fea0a9c,data/packaged_software/extracts/property_activity/raw/c5bcaa94a56266e14602bf72329a1c2f96a62159b32462b6dda884d8c1eeb2f1.bin,public_data_center_permit_inventory_operator_parent_link_requires_review,
"Amazon Data Services, Inc. IAD-73 IAD-74 IAD-602 IAD-193 IAD-194",74081-4,2024-07-08,Article 6 - mNSR,Prince William Co.,Northern,,2026-10-04,2026-10-05,https://www.deq.virginia.gov/news-info/shortcuts/permits/air/issued-air-permits-for-data-centers,2026-10-04T03:35:36.921559+00:00,0885a1cbb7cfc284c5c3705f0ebb0daa3f68de55faec8b052660c0d84fea0a9c,data/packaged_software/extracts/property_activity/raw/c5bcaa94a56266e14602bf72329a1c2f96a62159b32462b6dda884d8c1eeb2f1.bin,public_data_center_permit_inventory_operator_parent_link_requires_review,
"Amazon Data Services, Inc. IAD-62/68/81/83/93/609/614",74085-5,2022-11-21,Article 6 - mNSR,Loudoun Co.,Northern,,2026-10-04,2026-10-05,https://www.deq.virginia.gov/news-info/shortcuts/permits/air/issued-air-permits-for-data-centers,2026-10-04T03:35:36.921559+00:00,0885a1cbb7cfc284c5c3705f0ebb0daa3f68de55faec8b052660c0d84fea0a9c,data/packaged_software/extracts/property_activity/raw/c5bcaa94a56266e14602bf72329a1c2f96a62159b32462b6dda884d8c1eeb2f1.bin,public_data_center_permit_inventory_operator_parent_link_requires_review,
Iron Mountain Information Management LLC,74112-5,2026-04-18,Article 6 - mNSR,Prince William Co.,Northern,,2026-10-04,2026-10-05,https://www.deq.virginia.gov/news-info/shortcuts/permits/air/issued-air-permits-for-data-centers,2026-10-04T03:35:36.921559+00:00,0885a1cbb7cfc284c5c3705f0ebb0daa3f68de55faec8b052660c0d84fea0a9c,data/packaged_software/extracts/property_activity/raw/c5bcaa94a56266e14602bf72329a1c2f96a62159b32462b6dda884d8c1eeb2f1.bin,public_data_center_permit_inventory_operator_parent_link_requires_review,
CyrusOne Kincora,74114-3,2022-09-06,Article 6 - mNSR,Loudoun Co.,Northern,,2026-10-04,2026-10-05,https://www.deq.virginia.gov/news-info/shortcuts/permits/air/issued-air-permits-for-data-centers,2026-10-04T03:35:36.921559+00:00,0885a1cbb7cfc284c5c3705f0ebb0daa3f68de55faec8b052660c0d84fea0a9c,data/packaged_software/extracts/property_activity/raw/c5bcaa94a56266e14602bf72329a1c2f96a62159b32462b6dda884d8c1eeb2f1.bin,public_data_center_permit_inventory_operator_parent_link_requires_review,
"Amazon Data Services, Inc. IAD-75 IAD-85 IAD-95 IAD-96",74115-4,2024-10-21,Article 6 - mNSR,Prince William Co.,Northern,,2026-10-04,2026-10-05,https://www.deq.virginia.gov/news-info/shortcuts/permits/air/issued-air-permits-for-data-centers,2026-10-04T03:35:36.921559+00:00,0885a1cbb7cfc284c5c3705f0ebb0daa3f68de55faec8b052660c0d84fea0a9c,data/packaged_software/extracts/property_activity/raw/c5bcaa94a56266e14602bf72329a1c2f96a62159b32462b6dda884d8c1eeb2f1.bin,public_data_center_permit_inventory_operator_parent_link_requires_review,
Cashvad Ventures LLC,74118-3,2026-04-27,Article 6 - mNSR,Manassas City,Northern,,2026-10-04,2026-10-05,https://www.deq.virginia.gov/news-info/shortcuts/permits/air/issued-air-permits-for-data-centers,2026-10-04T03:35:36.921559+00:00,0885a1cbb7cfc284c5c3705f0ebb0daa3f68de55faec8b052660c0d84fea0a9c,data/packaged_software/extracts/property_activity/raw/c5bcaa94a56266e14602bf72329a1c2f96a62159b32462b6dda884d8c1eeb2f1.bin,public_data_center_permit_inventory_operator_parent_link_requires_review,
"NTT Global Data Centers Americas, Inc.",74120-7,2025-07-11,Article 6 - mNSR,Loudoun Co.,Northern,,2026-10-04,2026-10-05,https://www.deq.virginia.gov/news-info/shortcuts/permits/air/issued-air-permits-for-data-centers,2026-10-04T03:35:36.921559+00:00,0885a1cbb7cfc284c5c3705f0ebb0daa3f68de55faec8b052660c0d84fea0a9c,data/packaged_software/extracts/property_activity/raw/c5bcaa94a56266e14602bf72329a1c2f96a62159b32462b6dda884d8c1eeb2f1.bin,public_data_center_permit_inventory_operator_parent_link_requires_review,
"Amazon Data Services, Inc. IAD-90 IAD-91 IAD-92",74121-2,2024-11-06,Article 6 - mNSR,Loudoun Co.,Northern,,2026-10-04,2026-10-05,https://www.deq.virginia.gov/news-info/shortcuts/permits/air/issued-air-permits-for-data-centers,2026-10-04T03:35:36.921559+00:00,0885a1cbb7cfc284c5c3705f0ebb0daa3f68de55faec8b052660c0d84fea0a9c,data/packaged_software/extracts/property_activity/raw/c5bcaa94a56266e14602bf72329a1c2f96a62159b32462b6dda884d8c1eeb2f1.bin,public_data_center_permit_inventory_operator_parent_link_requires_review,
"Digital Realty (Digital Loudoun 3 & 4, LLC)",74126-4,2022-10-12,Article 6 - mNSR,Loudoun Co.,Northern,,2026-10-04,2026-10-05,https://www.deq.virginia.gov/news-info/shortcuts/permits/air/issued-air-permits-for-data-centers,2026-10-04T03:35:36.921559+00:00,0885a1cbb7cfc284c5c3705f0ebb0daa3f68de55faec8b052660c0d84fea0a9c,data/packaged_software/extracts/property_activity/raw/c5bcaa94a56266e14602bf72329a1c2f96a62159b32462b6dda884d8c1eeb2f1.bin,public_data_center_permit_inventory_operator_parent_link_requires_review,
Data Center Vint Hill LLC,74127-3,2026-01-20,Article 6 - mNSR,Fauquier Co.,Northern,,2026-10-04,2026-10-05,https://www.deq.virginia.gov/news-info/shortcuts/permits/air/issued-air-permits-for-data-centers,2026-10-04T03:35:36.921559+00:00,0885a1cbb7cfc284c5c3705f0ebb0daa3f68de55faec8b052660c0d84fea0a9c,data/packaged_software/extracts/property_activity/raw/c5bcaa94a56266e14602bf72329a1c2f96a62159b32462b6dda884d8c1eeb2f1.bin,public_data_center_permit_inventory_operator_parent_link_requires_review,
"CoreSite Real Estate Sunrise Technology Park, LLC",74130-2,2022-03-03,Article 6 - mNSR,Fairfax Co.,Northern,,2026-10-04,2026-10-05,https://www.deq.virginia.gov/news-info/shortcuts/permits/air/issued-air-permits-for-data-centers,2026-10-04T03:35:36.921559+00:00,0885a1cbb7cfc284c5c3705f0ebb0daa3f68de55faec8b052660c0d84fea0a9c,data/packaged_software/extracts/property_activity/raw/c5bcaa94a56266e14602bf72329a1c2f96a62159b32462b6dda884d8c1eeb2f1.bin,public_data_center_permit_inventory_operator_parent_link_requires_review,
QTS Investment Properties Ashburn LLC,74141-3,2025-06-10,Article 6 - mNSR,Loudoun Co.,Northern,,2026-10-04,2026-10-05,https://www.deq.virginia.gov/news-info/shortcuts/permits/air/issued-air-permits-for-data-centers,2026-10-04T03:35:36.921559+00:00,0885a1cbb7cfc284c5c3705f0ebb0daa3f68de55faec8b052660c0d84fea0a9c,data/packaged_software/extracts/property_activity/raw/c5bcaa94a56266e14602bf72329a1c2f96a62159b32462b6dda884d8c1eeb2f1.bin,public_data_center_permit_inventory_operator_parent_link_requires_review,
"Amazon Data Services, Inc. IAD-114 IAD-115",74150-3,2026-07-29,Article 6 - mNSR,Loudoun Co.,Northern,,2026-10-04,2026-10-05,https://www.deq.virginia.gov/news-info/shortcuts/permits/air/issued-air-permits-for-data-centers,2026-10-04T03:35:36.921559+00:00,0885a1cbb7cfc284c5c3705f0ebb0daa3f68de55faec8b052660c0d84fea0a9c,data/packaged_software/extracts/property_activity/raw/c5bcaa94a56266e14602bf72329a1c2f96a62159b32462b6dda884d8c1eeb2f1.bin,public_data_center_permit_inventory_operator_parent_link_requires_review,
Wheeler Data Center,74152-5,2024-01-30,Article 6 - mNSR,Loudoun Co.,Northern,,2026-10-04,2026-10-05,https://www.deq.virginia.gov/news-info/shortcuts/permits/air/issued-air-permits-for-data-centers,2026-10-04T03:35:36.921559+00:00,0885a1cbb7cfc284c5c3705f0ebb0daa3f68de55faec8b052660c0d84fea0a9c,data/packaged_software/extracts/property_activity/raw/c5bcaa94a56266e14602bf72329a1c2f96a62159b32462b6dda884d8c1eeb2f1.bin,public_data_center_permit_inventory_operator_parent_link_requires_review,
"Amazon Data Services, Inc. IAD-144 IAD-145",74153-3,2024-06-21,Article 6 - mNSR,Loudoun Co.,Northern,,2026-10-04,2026-10-05,https://www.deq.virginia.gov/news-info/shortcuts/permits/air/issued-air-permits-for-data-centers,2026-10-04T03:35:36.921559+00:00,0885a1cbb7cfc284c5c3705f0ebb0daa3f68de55faec8b052660c0d84fea0a9c,data/packaged_software/extracts/property_activity/raw/c5bcaa94a56266e14602bf72329a1c2f96a62159b32462b6dda884d8c1eeb2f1.bin,public_data_center_permit_inventory_operator_parent_link_requires_review,
Aerospace Data Facility - East,74154-5,2026-03-02,Article 6 - mNSR,Fairfax Co.,Northern,,2026-10-04,2026-10-05,https://www.deq.virginia.gov/news-info/shortcuts/permits/air/issued-air-permits-for-data-centers,2026-10-04T03:35:36.921559+00:00,0885a1cbb7cfc284c5c3705f0ebb0daa3f68de55faec8b052660c0d84fea0a9c,data/packaged_software/extracts/property_activity/raw/c5bcaa94a56266e14602bf72329a1c2f96a62159b32462b6dda884d8c1eeb2f1.bin,public_data_center_permit_inventory_operator_parent_link_requires_review,
Iskander (LC-1A) Jamshid (LC-1B) Kaveh (LC2) Lohrasp Ventures (LC3),74155-4,2025-02-12,Article 6 - mNSR,Loudoun Co.,Northern,,2026-10-04,2026-10-05,https://www.deq.virginia.gov/news-info/shortcuts/permits/air/issued-air-permits-for-data-centers,2026-10-04T03:35:36.921559+00:00,0885a1cbb7cfc284c5c3705f0ebb0daa3f68de55faec8b052660c0d84fea0a9c,data/packaged_software/extracts/property_activity/raw/c5bcaa94a56266e14602bf72329a1c2f96a62159b32462b6dda884d8c1eeb2f1.bin,public_data_center_permit_inventory_operator_parent_link_requires_review,
Compass IAD Datacenter,74160-3,2025-11-21,Article 6 - mNSR,Loudoun Co.,Northern,,2026-10-04,2026-10-05,https://www.deq.virginia.gov/news-info/shortcuts/permits/air/issued-air-permits-for-data-centers,2026-10-04T03:35:36.921559+00:00,0885a1cbb7cfc284c5c3705f0ebb0daa3f68de55faec8b052660c0d84fea0a9c,data/packaged_software/extracts/property_activity/raw/c5bcaa94a56266e14602bf72329a1c2f96a62159b32462b6dda884d8c1eeb2f1.bin,public_data_center_permit_inventory_operator_parent_link_requires_review,
QTS Investment Properties Manassas LLC,74161-5,2026-03-26,Article 6 - mNSR,Prince William Co.,Northern,,2026-10-04,2026-10-05,https://www.deq.virginia.gov/news-info/shortcuts/permits/air/issued-air-permits-for-data-centers,2026-10-04T03:35:36.921559+00:00,0885a1cbb7cfc284c5c3705f0ebb0daa3f68de55faec8b052660c0d84fea0a9c,data/packaged_software/extracts/property_activity/raw/c5bcaa94a56266e14602bf72329a1c2f96a62159b32462b6dda884d8c1eeb2f1.bin,public_data_center_permit_inventory_operator_parent_link_requires_review,
"Vantage Data Centers VA11, VA12, VA13, VA14, & VA15",74162-5,2022-04-20,Article 6 - mNSR,Loudoun Co.,Northern,,2026-10-04,2026-10-05,https://www.deq.virginia.gov/news-info/shortcuts/permits/air/issued-air-permits-for-data-centers,2026-10-04T03:35:36.921559+00:00,0885a1cbb7cfc284c5c3705f0ebb0daa3f68de55faec8b052660c0d84fea0a9c,data/packaged_software/extracts/property_activity/raw/c5bcaa94a56266e14602bf72329a1c2f96a62159b32462b6dda884d8c1eeb2f1.bin,public_data_center_permit_inventory_operator_parent_link_requires_review,
"Hayden Technologies, LLC",74163-9,2025-04-30,Article 6 - mNSR,Loudoun Co.,Northern,,2026-10-04,2026-10-05,https://www.deq.virginia.gov/news-info/shortcuts/permits/air/issued-air-permits-for-data-centers,2026-10-04T03:35:36.921559+00:00,0885a1cbb7cfc284c5c3705f0ebb0daa3f68de55faec8b052660c0d84fea0a9c,data/packaged_software/extracts/property_activity/raw/c5bcaa94a56266e14602bf72329a1c2f96a62159b32462b6dda884d8c1eeb2f1.bin,public_data_center_permit_inventory_operator_parent_link_requires_review,
CyrusOne Northern Virginia Data Center - Maries Road,74164-3,2022-10-03,Article 6 - mNSR,Loudoun Co.,Northern,,2026-10-04,2026-10-05,https://www.deq.virginia.gov/news-info/shortcuts/permits/air/issued-air-permits-for-data-centers,2026-10-04T03:35:36.921559+00:00,0885a1cbb7cfc284c5c3705f0ebb0daa3f68de55faec8b052660c0d84fea0a9c,data/packaged_software/extracts/property_activity/raw/c5bcaa94a56266e14602bf72329a1c2f96a62159b32462b6dda884d8c1eeb2f1.bin,public_data_center_permit_inventory_operator_parent_link_requires_review,
"Amazon Data Services, Inc. IAD-132 IAD-133",74167-5,2022-08-05,Article 6 - mNSR,Prince William Co.,Northern,,2026-10-04,2026-10-05,https://www.deq.virginia.gov/news-info/shortcuts/permits/air/issued-air-permits-for-data-centers,2026-10-04T03:35:36.921559+00:00,0885a1cbb7cfc284c5c3705f0ebb0daa3f68de55faec8b052660c0d84fea0a9c,data/packaged_software/extracts/property_activity/raw/c5bcaa94a56266e14602bf72329a1c2f96a62159b32462b6dda884d8c1eeb2f1.bin,public_data_center_permit_inventory_operator_parent_link_requires_review,
"Aligned Energy Data Centers (Ashburn), LLC",74169-2,2022-07-18,Article 6 - mNSR,Loudoun Co.,Northern,,2026-10-04,2026-10-05,https://www.deq.virginia.gov/news-info/shortcuts/permits/air/issued-air-permits-for-data-centers,2026-10-04T03:35:36.921559+00:00,0885a1cbb7cfc284c5c3705f0ebb0daa3f68de55faec8b052660c0d84fea0a9c,data/packaged_software/extracts/property_activity/raw/c5bcaa94a56266e14602bf72329a1c2f96a62159b32462b6dda884d8c1eeb2f1.bin,public_data_center_permit_inventory_operator_parent_link_requires_review,
"Amazon Data Services, Inc. IAD-116 IAD-117",74170-3,2025-08-08,Article 6 - mNSR,Loudoun Co.,Northern,,2026-10-04,2026-10-05,https://www.deq.virginia.gov/news-info/shortcuts/permits/air/issued-air-permits-for-data-centers,2026-10-04T03:35:36.921559+00:00,0885a1cbb7cfc284c5c3705f0ebb0daa3f68de55faec8b052660c0d84fea0a9c,data/packaged_software/extracts/property_activity/raw/c5bcaa94a56266e14602bf72329a1c2f96a62159b32462b6dda884d8c1eeb2f1.bin,public_data_center_permit_inventory_operator_parent_link_requires_review,
"Amazon Data Services (IAD-130, IAD-131, IAD-313 and DCA-072)",74171-4,2026-03-30,Article 6 - mNSR,Prince William Co.,Northern,,2026-10-04,2026-10-05,https://www.deq.virginia.gov/news-info/shortcuts/permits/air/issued-air-permits-for-data-centers,2026-10-04T03:35:36.921559+00:00,0885a1cbb7cfc284c5c3705f0ebb0daa3f68de55faec8b052660c0d84fea0a9c,data/packaged_software/extracts/property_activity/raw/c5bcaa94a56266e14602bf72329a1c2f96a62159b32462b6dda884d8c1eeb2f1.bin,public_data_center_permit_inventory_operator_parent_link_requires_review,
Remington Technology Park Limited Partnership,74172-3,2022-12-06,Article 6 - mNSR,Fauquier Co.,Northern,,2026-10-04,2026-10-05,https://www.deq.virginia.gov/news-info/shortcuts/permits/air/issued-air-permits-for-data-centers,2026-10-04T03:35:36.921559+00:00,0885a1cbb7cfc284c5c3705f0ebb0daa3f68de55faec8b052660c0d84fea0a9c,data/packaged_software/extracts/property_activity/raw/c5bcaa94a56266e14602bf72329a1c2f96a62159b32462b6dda884d8c1eeb2f1.bin,public_data_center_permit_inventory_operator_parent_link_requires_review,
CyrusOne Sterling IX/X/XI,74173-6,2025-11-06,Article 6 - mNSR,Loudoun Co.,Northern,,2026-10-04,2026-10-05,https://www.deq.virginia.gov/news-info/shortcuts/permits/air/issued-air-permits-for-data-centers,2026-10-04T03:35:36.921559+00:00,0885a1cbb7cfc284c5c3705f0ebb0daa3f68de55faec8b052660c0d84fea0a9c,data/packaged_software/extracts/property_activity/raw/c5bcaa94a56266e14602bf72329a1c2f96a62159b32462b6dda884d8c1eeb2f1.bin,public_data_center_permit_inventory_operator_parent_link_requires_review,
"Amazon Data Services, Inc. IAD-140/141/143",74184-4,2022-08-01,Article 6 - mNSR,Loudoun Co.,Northern,,2026-10-04,2026-10-05,https://www.deq.virginia.gov/news-info/shortcuts/permits/air/issued-air-permits-for-data-centers,2026-10-04T03:35:36.921559+00:00,0885a1cbb7cfc284c5c3705f0ebb0daa3f68de55faec8b052660c0d84fea0a9c,data/packaged_software/extracts/property_activity/raw/c5bcaa94a56266e14602bf72329a1c2f96a62159b32462b6dda884d8c1eeb2f1.bin,public_data_center_permit_inventory_operator_parent_link_requires_review,
Equinix LLC (DC-21/DC-22),74189-5,2025-10-17,Article 6 - mNSR,Loudoun Co.,Northern,,2026-10-04,2026-10-05,https://www.deq.virginia.gov/news-info/shortcuts/permits/air/issued-air-permits-for-data-centers,2026-10-04T03:35:36.921559+00:00,0885a1cbb7cfc284c5c3705f0ebb0daa3f68de55faec8b052660c0d84fea0a9c,data/packaged_software/extracts/property_activity/raw/c5bcaa94a56266e14602bf72329a1c2f96a62159b32462b6dda884d8c1eeb2f1.bin,public_data_center_permit_inventory_operator_parent_link_requires_review,
QTS LLC - Ashburn-Shellhorn Data Center,74197-3,2022-02-04,Article 6 - mNSR,Loudoun Co.,Northern,,2026-10-04,2026-10-05,https://www.deq.virginia.gov/news-info/shortcuts/permits/air/issued-air-permits-for-data-centers,2026-10-04T03:35:36.921559+00:00,0885a1cbb7cfc284c5c3705f0ebb0daa3f68de55faec8b052660c0d84fea0a9c,data/packaged_software/extracts/property_activity/raw/c5bcaa94a56266e14602bf72329a1c2f96a62159b32462b6dda884d8c1eeb2f1.bin,public_data_center_permit_inventory_operator_parent_link_requires_review,
Amazon Data Services - DCA-51,74198-3,2024-07-16,Article 6 - mNSR,Fauquier Co.,Northern,,2026-10-04,2026-10-05,https://www.deq.virginia.gov/news-info/shortcuts/permits/air/issued-air-permits-for-data-centers,2026-10-04T03:35:36.921559+00:00,0885a1cbb7cfc284c5c3705f0ebb0daa3f68de55faec8b052660c0d84fea0a9c,data/packaged_software/extracts/property_activity/raw/c5bcaa94a56266e14602bf72329a1c2f96a62159b32462b6dda884d8c1eeb2f1.bin,public_data_center_permit_inventory_operator_parent_link_requires_review,
Microsoft,74201-4,2023-02-08,Article 6 - mNSR,Fauquier Co.,Northern,MSFT,2026-10-04,2026-10-05,https://www.deq.virginia.gov/news-info/shortcuts/permits/air/issued-air-permits-for-data-centers,2026-10-04T03:35:36.921559+00:00,0885a1cbb7cfc284c5c3705f0ebb0daa3f68de55faec8b052660c0d84fea0a9c,data/packaged_software/extracts/property_activity/raw/c5bcaa94a56266e14602bf72329a1c2f96a62159b32462b6dda884d8c1eeb2f1.bin,public_data_center_permit_inventory_operator_parent_link_requires_review,
Amazon Data Services Inc IAD-120/121/122,74205-4,2026-06-16,Article 6 - mNSR,Loudoun Co.,Northern,,2026-10-04,2026-10-05,https://www.deq.virginia.gov/news-info/shortcuts/permits/air/issued-air-permits-for-data-centers,2026-10-04T03:35:36.921559+00:00,0885a1cbb7cfc284c5c3705f0ebb0daa3f68de55faec8b052660c0d84fea0a9c,data/packaged_software/extracts/property_activity/raw/c5bcaa94a56266e14602bf72329a1c2f96a62159b32462b6dda884d8c1eeb2f1.bin,public_data_center_permit_inventory_operator_parent_link_requires_review,
Amazon DCA-54,74207-3,2024-07-16,Article 6 - mNSR,Fairfax Co.,Northern,,2026-10-04,2026-10-05,https://www.deq.virginia.gov/news-info/shortcuts/permits/air/issued-air-permits-for-data-centers,2026-10-04T03:35:36.921559+00:00,0885a1cbb7cfc284c5c3705f0ebb0daa3f68de55faec8b052660c0d84fea0a9c,data/packaged_software/extracts/property_activity/raw/c5bcaa94a56266e14602bf72329a1c2f96a62159b32462b6dda884d8c1eeb2f1.bin,public_data_center_permit_inventory_operator_parent_link_requires_review,
Digital Western Lands LLC,74212-3,2025-10-10,Article 6 - mNSR,Loudoun Co.,Northern,,2026-10-04,2026-10-05,https://www.deq.virginia.gov/news-info/shortcuts/permits/air/issued-air-permits-for-data-centers,2026-10-04T03:35:36.921559+00:00,0885a1cbb7cfc284c5c3705f0ebb0daa3f68de55faec8b052660c0d84fea0a9c,data/packaged_software/extracts/property_activity/raw/c5bcaa94a56266e14602bf72329a1c2f96a62159b32462b6dda884d8c1eeb2f1.bin,public_data_center_permit_inventory_operator_parent_link_requires_review,
"Amazon Data Services Inc IAD-161, IAD-162, IAD-606, IAD-285, IAD-286, IAD-299, IAD-611",74214-3,2024-07-09,Article 6 - mNSR,Loudoun Co.,Northern,,2026-10-04,2026-10-05,https://www.deq.virginia.gov/news-info/shortcuts/permits/air/issued-air-permits-for-data-centers,2026-10-04T03:35:36.921559+00:00,0885a1cbb7cfc284c5c3705f0ebb0daa3f68de55faec8b052660c0d84fea0a9c,data/packaged_software/extracts/property_activity/raw/c5bcaa94a56266e14602bf72329a1c2f96a62159b32462b6dda884d8c1eeb2f1.bin,public_data_center_permit_inventory_operator_parent_link_requires_review,
Nova Mango Farms LLC,74216-4,2024-02-27,Article 6 - mNSR,Prince William Co.,Northern,,2026-10-04,2026-10-05,https://www.deq.virginia.gov/news-info/shortcuts/permits/air/issued-air-permits-for-data-centers,2026-10-04T03:35:36.921559+00:00,0885a1cbb7cfc284c5c3705f0ebb0daa3f68de55faec8b052660c0d84fea0a9c,data/packaged_software/extracts/property_activity/raw/c5bcaa94a56266e14602bf72329a1c2f96a62159b32462b6dda884d8c1eeb2f1.bin,public_data_center_permit_inventory_operator_parent_link_requires_review,
Microsoft Corp - Leesburg Data Center (IAD01-02-03-04-05),74220-4,2025-03-07,Article 6 - mNSR,Loudoun Co.,Northern,MSFT,2026-10-04,2026-10-05,https://www.deq.virginia.gov/news-info/shortcuts/permits/air/issued-air-permits-for-data-centers,2026-10-04T03:35:36.921559+00:00,0885a1cbb7cfc284c5c3705f0ebb0daa3f68de55faec8b052660c0d84fea0a9c,data/packaged_software/extracts/property_activity/raw/c5bcaa94a56266e14602bf72329a1c2f96a62159b32462b6dda884d8c1eeb2f1.bin,public_data_center_permit_inventory_operator_parent_link_requires_review,
Microsoft Corp Blue Ridge (IAD11-12-13) Data Center,74221-4,2025-07-21,Article 6 - mNSR,Loudoun Co.,Northern,MSFT,2026-10-04,2026-10-05,https://www.deq.virginia.gov/news-info/shortcuts/permits/air/issued-air-permits-for-data-centers,2026-10-04T03:35:36.921559+00:00,0885a1cbb7cfc284c5c3705f0ebb0daa3f68de55faec8b052660c0d84fea0a9c,data/packaged_software/extracts/property_activity/raw/c5bcaa94a56266e14602bf72329a1c2f96a62159b32462b6dda884d8c1eeb2f1.bin,public_data_center_permit_inventory_operator_parent_link_requires_review,
"SI NVA02D, LLC",74224-3,2023-10-16,Article 6 - mNSR,Prince William Co.,Northern,,2026-10-04,2026-10-05,https://www.deq.virginia.gov/news-info/shortcuts/permits/air/issued-air-permits-for-data-centers,2026-10-04T03:35:36.921559+00:00,0885a1cbb7cfc284c5c3705f0ebb0daa3f68de55faec8b052660c0d84fea0a9c,data/packaged_software/extracts/property_activity/raw/c5bcaa94a56266e14602bf72329a1c2f96a62159b32462b6dda884d8c1eeb2f1.bin,public_data_center_permit_inventory_operator_parent_link_requires_review,
Amazon Data Services Inc - IAD-163/164/174,74227-2,2024-06-21,Article 6 - mNSR,Loudoun Co.,Northern,,2026-10-04,2026-10-05,https://www.deq.virginia.gov/news-info/shortcuts/permits/air/issued-air-permits-for-data-centers,2026-10-04T03:35:36.921559+00:00,0885a1cbb7cfc284c5c3705f0ebb0daa3f68de55faec8b052660c0d84fea0a9c,data/packaged_software/extracts/property_activity/raw/c5bcaa94a56266e14602bf72329a1c2f96a62159b32462b6dda884d8c1eeb2f1.bin,public_data_center_permit_inventory_operator_parent_link_requires_review,
ASH2 Lockridge Data Center - QTS Investment Properties Ashburn II LLC,74232-2,2024-08-05,Article 6 - mNSR,Loudoun Co.,Northern,,2026-10-04,2026-10-05,https://www.deq.virginia.gov/news-info/shortcuts/permits/air/issued-air-permits-for-data-centers,2026-10-04T03:35:36.921559+00:00,0885a1cbb7cfc284c5c3705f0ebb0daa3f68de55faec8b052660c0d84fea0a9c,data/packaged_software/extracts/property_activity/raw/c5bcaa94a56266e14602bf72329a1c2f96a62159b32462b6dda884d8c1eeb2f1.bin,public_data_center_permit_inventory_operator_parent_link_requires_review,
"Darab Ventures One, Two, Six LLC",74234-2,2025-10-31,Article 6 - mNSR,Loudoun Co.,Northern,,2026-10-04,2026-10-05,https://www.deq.virginia.gov/news-info/shortcuts/permits/air/issued-air-permits-for-data-centers,2026-10-04T03:35:36.921559+00:00,0885a1cbb7cfc284c5c3705f0ebb0daa3f68de55faec8b052660c0d84fea0a9c,data/packaged_software/extracts/property_activity/raw/c5bcaa94a56266e14602bf72329a1c2f96a62159b32462b6dda884d8c1eeb2f1.bin,public_data_center_permit_inventory_operator_parent_link_requires_review,
Cologix ASH1,74235-2,2025-07-23,Article 6 - mNSR,Loudoun Co.,Northern,,2026-10-04,2026-10-05,https://www.deq.virginia.gov/news-info/shortcuts/permits/air/issued-air-permits-for-data-centers,2026-10-04T03:35:36.921559+00:00,0885a1cbb7cfc284c5c3705f0ebb0daa3f68de55faec8b052660c0d84fea0a9c,data/packaged_software/extracts/property_activity/raw/c5bcaa94a56266e14602bf72329a1c2f96a62159b32462b6dda884d8c1eeb2f1.bin,public_data_center_permit_inventory_operator_parent_link_requires_review,
Microsoft - Gainesville Data Center - MNZ03,74236-1,2024-08-05,Article 6 - mNSR,Prince William Co.,Northern,MSFT,2026-10-04,2026-10-05,https://www.deq.virginia.gov/news-info/shortcuts/permits/air/issued-air-permits-for-data-centers,2026-10-04T03:35:36.921559+00:00,0885a1cbb7cfc284c5c3705f0ebb0daa3f68de55faec8b052660c0d84fea0a9c,data/packaged_software/extracts/property_activity/raw/c5bcaa94a56266e14602bf72329a1c2f96a62159b32462b6dda884d8c1eeb2f1.bin,public_data_center_permit_inventory_operator_parent_link_requires_review,
Microsoft - Manassas Data Center - MNZ01,74237-1,2024-01-17,Article 6 - mNSR,Prince William Co.,Northern,MSFT,2026-10-04,2026-10-05,https://www.deq.virginia.gov/news-info/shortcuts/permits/air/issued-air-permits-for-data-centers,2026-10-04T03:35:36.921559+00:00,0885a1cbb7cfc284c5c3705f0ebb0daa3f68de55faec8b052660c0d84fea0a9c,data/packaged_software/extracts/property_activity/raw/c5bcaa94a56266e14602bf72329a1c2f96a62159b32462b6dda884d8c1eeb2f1.bin,public_data_center_permit_inventory_operator_parent_link_requires_review,
Amazon Data Services Inc - IAD-134/135/136,74239-2,2026-07-29,Article 6 - mNSR,Fairfax Co.,Northern,,2026-10-04,2026-10-05,https://www.deq.virginia.gov/news-info/shortcuts/permits/air/issued-air-permits-for-data-centers,2026-10-04T03:35:36.921559+00:00,0885a1cbb7cfc284c5c3705f0ebb0daa3f68de55faec8b052660c0d84fea0a9c,data/packaged_software/extracts/property_activity/raw/c5bcaa94a56266e14602bf72329a1c2f96a62159b32462b6dda884d8c1eeb2f1.bin,public_data_center_permit_inventory_operator_parent_link_requires_review,
Amazon Data Services Inc - IAD-104/105/106,74240-3,2024-03-08,Article 6 - mNSR,Manassas City,Northern,,2026-10-04,2026-10-05,https://www.deq.virginia.gov/news-info/shortcuts/permits/air/issued-air-permits-for-data-centers,2026-10-04T03:35:36.921559+00:00,0885a1cbb7cfc284c5c3705f0ebb0daa3f68de55faec8b052660c0d84fea0a9c,data/packaged_software/extracts/property_activity/raw/c5bcaa94a56266e14602bf72329a1c2f96a62159b32462b6dda884d8c1eeb2f1.bin,public_data_center_permit_inventory_operator_parent_link_requires_review,
Gainesville Crossing Data Campus - GCDC,74241-4,2026-07-29,Article 6 - mNSR,Prince William Co.,Northern,,2026-10-04,2026-10-05,https://www.deq.virginia.gov/news-info/shortcuts/permits/air/issued-air-permits-for-data-centers,2026-10-04T03:35:36.921559+00:00,0885a1cbb7cfc284c5c3705f0ebb0daa3f68de55faec8b052660c0d84fea0a9c,data/packaged_software/extracts/property_activity/raw/c5bcaa94a56266e14602bf72329a1c2f96a62159b32462b6dda884d8c1eeb2f1.bin,public_data_center_permit_inventory_operator_parent_link_requires_review,
Vantage Data Centers VA2 LLC,74242-2,2023-09-15,Article 6 - mNSR,Loudoun Co.,Northern,,2026-10-04,2026-10-05,https://www.deq.virginia.gov/news-info/shortcuts/permits/air/issued-air-permits-for-data-centers,2026-10-04T03:35:36.921559+00:00,0885a1cbb7cfc284c5c3705f0ebb0daa3f68de55faec8b052660c0d84fea0a9c,data/packaged_software/extracts/property_activity/raw/c5bcaa94a56266e14602bf72329a1c2f96a62159b32462b6dda884d8c1eeb2f1.bin,public_data_center_permit_inventory_operator_parent_link_requires_review,
Amazon Data Services Inc IAD-169/179,74244-2,2024-08-27,Article 6 - mNSR,Loudoun Co.,Northern,,2026-10-04,2026-10-05,https://www.deq.virginia.gov/news-info/shortcuts/permits/air/issued-air-permits-for-data-centers,2026-10-04T03:35:36.921559+00:00,0885a1cbb7cfc284c5c3705f0ebb0daa3f68de55faec8b052660c0d84fea0a9c,data/packaged_software/extracts/property_activity/raw/c5bcaa94a56266e14602bf72329a1c2f96a62159b32462b6dda884d8c1eeb2f1.bin,public_data_center_permit_inventory_operator_parent_link_requires_review,
"SI NVA05A, LLC and SI NVA05D, LLC",74246-2,2025-02-24,Article 6 - mNSR,Manassas City,Northern,,2026-10-04,2026-10-05,https://www.deq.virginia.gov/news-info/shortcuts/permits/air/issued-air-permits-for-data-centers,2026-10-04T03:35:36.921559+00:00,0885a1cbb7cfc284c5c3705f0ebb0daa3f68de55faec8b052660c0d84fea0a9c,data/packaged_software/extracts/property_activity/raw/c5bcaa94a56266e14602bf72329a1c2f96a62159b32462b6dda884d8c1eeb2f1.bin,public_data_center_permit_inventory_operator_parent_link_requires_review,
Aligned Data Centers IAD03,74247-1,2023-01-06,Article 6 - mNSR,Loudoun Co.,Northern,,2026-10-04,2026-10-05,https://www.deq.virginia.gov/news-info/shortcuts/permits/air/issued-air-permits-for-data-centers,2026-10-04T03:35:36.921559+00:00,0885a1cbb7cfc284c5c3705f0ebb0daa3f68de55faec8b052660c0d84fea0a9c,data/packaged_software/extracts/property_activity/raw/c5bcaa94a56266e14602bf72329a1c2f96a62159b32462b6dda884d8c1eeb2f1.bin,public_data_center_permit_inventory_operator_parent_link_requires_review,
Amazon Data Services Inc IAD-156 IAD-157 IAD-158 IAD-159 IAD-327,74250-2,2025-06-24,Article 6 - mNSR,Loudoun Co.,Northern,,2026-10-04,2026-10-05,https://www.deq.virginia.gov/news-info/shortcuts/permits/air/issued-air-permits-for-data-centers,2026-10-04T03:35:36.921559+00:00,0885a1cbb7cfc284c5c3705f0ebb0daa3f68de55faec8b052660c0d84fea0a9c,data/packaged_software/extracts/property_activity/raw/c5bcaa94a56266e14602bf72329a1c2f96a62159b32462b6dda884d8c1eeb2f1.bin,public_data_center_permit_inventory_operator_parent_link_requires_review,
Amazon Data Services IAD-215,74252-2,2026-04-06,Article 6 - mNSR,Loudoun Co.,Northern,,2026-10-04,2026-10-05,https://www.deq.virginia.gov/news-info/shortcuts/permits/air/issued-air-permits-for-data-centers,2026-10-04T03:35:36.921559+00:00,0885a1cbb7cfc284c5c3705f0ebb0daa3f68de55faec8b052660c0d84fea0a9c,data/packaged_software/extracts/property_activity/raw/c5bcaa94a56266e14602bf72329a1c2f96a62159b32462b6dda884d8c1eeb2f1.bin,public_data_center_permit_inventory_operator_parent_link_requires_review,
NTT Global Data Centers VA10 LLC,74260-2,2026-04-03,Article 6 - mNSR,Prince William Co.,Northern,,2026-10-04,2026-10-05,https://www.deq.virginia.gov/news-info/shortcuts/permits/air/issued-air-permits-for-data-centers,2026-10-04T03:35:36.921559+00:00,0885a1cbb7cfc284c5c3705f0ebb0daa3f68de55faec8b052660c0d84fea0a9c,data/packaged_software/extracts/property_activity/raw/c5bcaa94a56266e14602bf72329a1c2f96a62159b32462b6dda884d8c1eeb2f1.bin,public_data_center_permit_inventory_operator_parent_link_requires_review,
"Digital Third Second Manassas, LLC & Digital Carver Brickyard, LLC",74262-4,2026-06-24,Article 6 - mNSR,Prince William Co.,Northern,,2026-10-04,2026-10-05,https://www.deq.virginia.gov/news-info/shortcuts/permits/air/issued-air-permits-for-data-centers,2026-10-04T03:35:36.921559+00:00,0885a1cbb7cfc284c5c3705f0ebb0daa3f68de55faec8b052660c0d84fea0a9c,data/packaged_software/extracts/property_activity/raw/c5bcaa94a56266e14602bf72329a1c2f96a62159b32462b6dda884d8c1eeb2f1.bin,public_data_center_permit_inventory_operator_parent_link_requires_review,
Digital Realty - Sterling Premiere LLC,74264-2,2024-09-20,Article 6 - mNSR,Loudoun Co.,Northern,,2026-10-04,2026-10-05,https://www.deq.virginia.gov/news-info/shortcuts/permits/air/issued-air-permits-for-data-centers,2026-10-04T03:35:36.921559+00:00,0885a1cbb7cfc284c5c3705f0ebb0daa3f68de55faec8b052660c0d84fea0a9c,data/packaged_software/extracts/property_activity/raw/c5bcaa94a56266e14602bf72329a1c2f96a62159b32462b6dda884d8c1eeb2f1.bin,public_data_center_permit_inventory_operator_parent_link_requires_review,
Yondr Data Center,74265-3,2026-08-13,Article 6 - mNSR,Loudoun Co.,Northern,,2026-10-04,2026-10-05,https://www.deq.virginia.gov/news-info/shortcuts/permits/air/issued-air-permits-for-data-centers,2026-10-04T03:35:36.921559+00:00,0885a1cbb7cfc284c5c3705f0ebb0daa3f68de55faec8b052660c0d84fea0a9c,data/packaged_software/extracts/property_activity/raw/c5bcaa94a56266e14602bf72329a1c2f96a62159b32462b6dda884d8c1eeb2f1.bin,public_data_center_permit_inventory_operator_parent_link_requires_review,
STACK Infrastructure Data Center - SI NVA06A LLC,74269-2,2026-02-11,Article 6 - mNSR,Loudoun Co.,Northern,,2026-10-04,2026-10-05,https://www.deq.virginia.gov/news-info/shortcuts/permits/air/issued-air-permits-for-data-centers,2026-10-04T03:35:36.921559+00:00,0885a1cbb7cfc284c5c3705f0ebb0daa3f68de55faec8b052660c0d84fea0a9c,data/packaged_software/extracts/property_activity/raw/c5bcaa94a56266e14602bf72329a1c2f96a62159b32462b6dda884d8c1eeb2f1.bin,public_data_center_permit_inventory_operator_parent_link_requires_review,
Amazon Data Services Inc - DCA-060,74270-1,2023-10-25,Article 6 - mNSR,Culpeper Co.,Northern,,2026-10-04,2026-10-05,https://www.deq.virginia.gov/news-info/shortcuts/permits/air/issued-air-permits-for-data-centers,2026-10-04T03:35:36.921559+00:00,0885a1cbb7cfc284c5c3705f0ebb0daa3f68de55faec8b052660c0d84fea0a9c,data/packaged_software/extracts/property_activity/raw/c5bcaa94a56266e14602bf72329a1c2f96a62159b32462b6dda884d8c1eeb2f1.bin,public_data_center_permit_inventory_operator_parent_link_requires_review,
Amazon Data Services Inc - DCA-64,74272-1,2023-10-25,Article 6 - mNSR,Fairfax Co.,Northern,,2026-10-04,2026-10-05,https://www.deq.virginia.gov/news-info/shortcuts/permits/air/issued-air-permits-for-data-centers,2026-10-04T03:35:36.921559+00:00,0885a1cbb7cfc284c5c3705f0ebb0daa3f68de55faec8b052660c0d84fea0a9c,data/packaged_software/extracts/property_activity/raw/c5bcaa94a56266e14602bf72329a1c2f96a62159b32462b6dda884d8c1eeb2f1.bin,public_data_center_permit_inventory_operator_parent_link_requires_review,
Amazon Data Services Inc - IAD-165/166/167/168/613,74273-1,2023-12-19,Article 6 - mNSR,Fairfax Co.,Northern,,2026-10-04,2026-10-05,https://www.deq.virginia.gov/news-info/shortcuts/permits/air/issued-air-permits-for-data-centers,2026-10-04T03:35:36.921559+00:00,0885a1cbb7cfc284c5c3705f0ebb0daa3f68de55faec8b052660c0d84fea0a9c,data/packaged_software/extracts/property_activity/raw/c5bcaa94a56266e14602bf72329a1c2f96a62159b32462b6dda884d8c1eeb2f1.bin,public_data_center_permit_inventory_operator_parent_link_requires_review,
Amazon Data Services Inc IAD-124/125/126/127,74274-1,2023-12-27,Article 6 - mNSR,Loudoun Co.,Northern,,2026-10-04,2026-10-05,https://www.deq.virginia.gov/news-info/shortcuts/permits/air/issued-air-permits-for-data-centers,2026-10-04T03:35:36.921559+00:00,0885a1cbb7cfc284c5c3705f0ebb0daa3f68de55faec8b052660c0d84fea0a9c,data/packaged_software/extracts/property_activity/raw/c5bcaa94a56266e14602bf72329a1c2f96a62159b32462b6dda884d8c1eeb2f1.bin,public_data_center_permit_inventory_operator_parent_link_requires_review,
H5 Data Centers - Ashburn,74276-1,2023-11-13,Article 6 - mNSR,Loudoun Co.,Northern,,2026-10-04,2026-10-05,https://www.deq.virginia.gov/news-info/shortcuts/permits/air/issued-air-permits-for-data-centers,2026-10-04T03:35:36.921559+00:00,0885a1cbb7cfc284c5c3705f0ebb0daa3f68de55faec8b052660c0d84fea0a9c,data/packaged_software/extracts/property_activity/raw/c5bcaa94a56266e14602bf72329a1c2f96a62159b32462b6dda884d8c1eeb2f1.bin,public_data_center_permit_inventory_operator_parent_link_requires_review,
Amazon Data Services Inc IAD-195/196/197/198,74277-2,2025-08-21,Article 6 - mNSR,Prince William Co.,Northern,,2026-10-04,2026-10-05,https://www.deq.virginia.gov/news-info/shortcuts/permits/air/issued-air-permits-for-data-centers,2026-10-04T03:35:36.921559+00:00,0885a1cbb7cfc284c5c3705f0ebb0daa3f68de55faec8b052660c0d84fea0a9c,data/packaged_software/extracts/property_activity/raw/c5bcaa94a56266e14602bf72329a1c2f96a62159b32462b6dda884d8c1eeb2f1.bin,public_data_center_permit_inventory_operator_parent_link_requires_review,
Amazon Data Services Inc IAD-210/211,74278-1,2023-10-31,Article 6 - mNSR,Prince William Co.,Northern,,2026-10-04,2026-10-05,https://www.deq.virginia.gov/news-info/shortcuts/permits/air/issued-air-permits-for-data-centers,2026-10-04T03:35:36.921559+00:00,0885a1cbb7cfc284c5c3705f0ebb0daa3f68de55faec8b052660c0d84fea0a9c,data/packaged_software/extracts/property_activity/raw/c5bcaa94a56266e14602bf72329a1c2f96a62159b32462b6dda884d8c1eeb2f1.bin,public_data_center_permit_inventory_operator_parent_link_requires_review,
Vantage Data Center VA3 LLC,74284-2,2026-01-05,Article 6 - mNSR,Loudoun Co.,Northern,,2026-10-04,2026-10-05,https://www.deq.virginia.gov/news-info/shortcuts/permits/air/issued-air-permits-for-data-centers,2026-10-04T03:35:36.921559+00:00,0885a1cbb7cfc284c5c3705f0ebb0daa3f68de55faec8b052660c0d84fea0a9c,data/packaged_software/extracts/property_activity/raw/c5bcaa94a56266e14602bf72329a1c2f96a62159b32462b6dda884d8c1eeb2f1.bin,public_data_center_permit_inventory_operator_parent_link_requires_review,
Vantage Data Centers VA16 LLC,74287-1,2024-10-15,Article 6 - mNSR,Loudoun Co.,Northern,,2026-10-04,2026-10-05,https://www.deq.virginia.gov/news-info/shortcuts/permits/air/issued-air-permits-for-data-centers,2026-10-04T03:35:36.921559+00:00,0885a1cbb7cfc284c5c3705f0ebb0daa3f68de55faec8b052660c0d84fea0a9c,data/packaged_software/extracts/property_activity/raw/c5bcaa94a56266e14602bf72329a1c2f96a62159b32462b6dda884d8c1eeb2f1.bin,public_data_center_permit_inventory_operator_parent_link_requires_review,
Amazon Data Services Inc. IAD450 Cosner Tech Campus,74288-2,2026-06-01,Article 6 - mNSR,Spotsylvania Co.,Northern,,2026-10-04,2026-10-05,https://www.deq.virginia.gov/news-info/shortcuts/permits/air/issued-air-permits-for-data-centers,2026-10-04T03:35:36.921559+00:00,0885a1cbb7cfc284c5c3705f0ebb0daa3f68de55faec8b052660c0d84fea0a9c,data/packaged_software/extracts/property_activity/raw/c5bcaa94a56266e14602bf72329a1c2f96a62159b32462b6dda884d8c1eeb2f1.bin,public_data_center_permit_inventory_operator_parent_link_requires_review,
CyrusOne – NVA14,74290-1,2024-11-01,Article 6 - mNSR,Loudoun Co.,Northern,,2026-10-04,2026-10-05,https://www.deq.virginia.gov/news-info/shortcuts/permits/air/issued-air-permits-for-data-centers,2026-10-04T03:35:36.921559+00:00,0885a1cbb7cfc284c5c3705f0ebb0daa3f68de55faec8b052660c0d84fea0a9c,data/packaged_software/extracts/property_activity/raw/c5bcaa94a56266e14602bf72329a1c2f96a62159b32462b6dda884d8c1eeb2f1.bin,public_data_center_permit_inventory_operator_parent_link_requires_review,
Kincora Data Center,74296-1,2026-01-20,Article 6 - mNSR,Loudoun Co.,Northern,,2026-10-04,2026-10-05,https://www.deq.virginia.gov/news-info/shortcuts/permits/air/issued-air-permits-for-data-centers,2026-10-04T03:35:36.921559+00:00,0885a1cbb7cfc284c5c3705f0ebb0daa3f68de55faec8b052660c0d84fea0a9c,data/packaged_software/extracts/property_activity/raw/c5bcaa94a56266e14602bf72329a1c2f96a62159b32462b6dda884d8c1eeb2f1.bin,public_data_center_permit_inventory_operator_parent_link_requires_review,
Amazon Data Services Inc - IAD - 550 Louisa REB,74299-2,2026-02-20,Article 6 - mNSR,Louisa Co.,Northern,,2026-10-04,2026-10-05,https://www.deq.virginia.gov/news-info/shortcuts/permits/air/issued-air-permits-for-data-centers,2026-10-04T03:35:36.921559+00:00,0885a1cbb7cfc284c5c3705f0ebb0daa3f68de55faec8b052660c0d84fea0a9c,data/packaged_software/extracts/property_activity/raw/c5bcaa94a56266e14602bf72329a1c2f96a62159b32462b6dda884d8c1eeb2f1.bin,public_data_center_permit_inventory_operator_parent_link_requires_review,
Amazon Data Services Inc - IAD - 500/501,74300-1,2025-03-12,Article 6 - mNSR,Fairfax Co.,Northern,,2026-10-04,2026-10-05,https://www.deq.virginia.gov/news-info/shortcuts/permits/air/issued-air-permits-for-data-centers,2026-10-04T03:35:36.921559+00:00,0885a1cbb7cfc284c5c3705f0ebb0daa3f68de55faec8b052660c0d84fea0a9c,data/packaged_software/extracts/property_activity/raw/c5bcaa94a56266e14602bf72329a1c2f96a62159b32462b6dda884d8c1eeb2f1.bin,public_data_center_permit_inventory_operator_parent_link_requires_review,
"Amazon Data Services Inc - IAD-667, IAD-668, IAD-669, IAD-670, and IAD-671",74301-1,2025-03-12,Article 6 - mNSR,Loudoun Co.,Northern,,2026-10-04,2026-10-05,https://www.deq.virginia.gov/news-info/shortcuts/permits/air/issued-air-permits-for-data-centers,2026-10-04T03:35:36.921559+00:00,0885a1cbb7cfc284c5c3705f0ebb0daa3f68de55faec8b052660c0d84fea0a9c,data/packaged_software/extracts/property_activity/raw/c5bcaa94a56266e14602bf72329a1c2f96a62159b32462b6dda884d8c1eeb2f1.bin,public_data_center_permit_inventory_operator_parent_link_requires_review,
Amazon Data Services Inc - IAD-243/244/290/291/292,74302-1,2026-07-15,Article 6 - mNSR,Loudoun Co.,Northern,,2026-10-04,2026-10-05,https://www.deq.virginia.gov/news-info/shortcuts/permits/air/issued-air-permits-for-data-centers,2026-10-04T03:35:36.921559+00:00,0885a1cbb7cfc284c5c3705f0ebb0daa3f68de55faec8b052660c0d84fea0a9c,data/packaged_software/extracts/property_activity/raw/c5bcaa94a56266e14602bf72329a1c2f96a62159b32462b6dda884d8c1eeb2f1.bin,public_data_center_permit_inventory_operator_parent_link_requires_review,
"MECP1 Ashburn 2, LLC",74306-2,2025-09-18,Article 6 - mNSR,Loudoun Co.,Northern,,2026-10-04,2026-10-05,https://www.deq.virginia.gov/news-info/shortcuts/permits/air/issued-air-permits-for-data-centers,2026-10-04T03:35:36.921559+00:00,0885a1cbb7cfc284c5c3705f0ebb0daa3f68de55faec8b052660c0d84fea0a9c,data/packaged_software/extracts/property_activity/raw/c5bcaa94a56266e14602bf72329a1c2f96a62159b32462b6dda884d8c1eeb2f1.bin,public_data_center_permit_inventory_operator_parent_link_requires_review,
Digital Filigree LLC,74308-1,2026-03-23,Article 6 - mNSR,Loudoun Co.,Northern,,2026-10-04,2026-10-05,https://www.deq.virginia.gov/news-info/shortcuts/permits/air/issued-air-permits-for-data-centers,2026-10-04T03:35:36.921559+00:00,0885a1cbb7cfc284c5c3705f0ebb0daa3f68de55faec8b052660c0d84fea0a9c,data/packaged_software/extracts/property_activity/raw/c5bcaa94a56266e14602bf72329a1c2f96a62159b32462b6dda884d8c1eeb2f1.bin,public_data_center_permit_inventory_operator_parent_link_requires_review,
Amazon Data Services Inc IAD-350,74309-1,2025-03-27,Article 6 - mNSR,Stafford Co.,Northern,,2026-10-04,2026-10-05,https://www.deq.virginia.gov/news-info/shortcuts/permits/air/issued-air-permits-for-data-centers,2026-10-04T03:35:36.921559+00:00,0885a1cbb7cfc284c5c3705f0ebb0daa3f68de55faec8b052660c0d84fea0a9c,data/packaged_software/extracts/property_activity/raw/c5bcaa94a56266e14602bf72329a1c2f96a62159b32462b6dda884d8c1eeb2f1.bin,public_data_center_permit_inventory_operator_parent_link_requires_review,
"1501 Moran Road Development Owner, LLC",74315-1,2025-04-15,Article 6 - mNSR,Loudoun Co.,Northern,,2026-10-04,2026-10-05,https://www.deq.virginia.gov/news-info/shortcuts/permits/air/issued-air-permits-for-data-centers,2026-10-04T03:35:36.921559+00:00,0885a1cbb7cfc284c5c3705f0ebb0daa3f68de55faec8b052660c0d84fea0a9c,data/packaged_software/extracts/property_activity/raw/c5bcaa94a56266e14602bf72329a1c2f96a62159b32462b6dda884d8c1eeb2f1.bin,public_data_center_permit_inventory_operator_parent_link_requires_review,
Amazon Data Services Inc IAD-205/307/317/612/612x,74317-1,2025-08-28,Article 6 - mNSR,Manassas City,Northern,,2026-10-04,2026-10-05,https://www.deq.virginia.gov/news-info/shortcuts/permits/air/issued-air-permits-for-data-centers,2026-10-04T03:35:36.921559+00:00,0885a1cbb7cfc284c5c3705f0ebb0daa3f68de55faec8b052660c0d84fea0a9c,data/packaged_software/extracts/property_activity/raw/c5bcaa94a56266e14602bf72329a1c2f96a62159b32462b6dda884d8c1eeb2f1.bin,public_data_center_permit_inventory_operator_parent_link_requires_review,
Belmont Innovation Campus,74321-1,2026-01-28,Article 6 - mNSR,Loudoun Co.,Northern,,2026-10-04,2026-10-05,https://www.deq.virginia.gov/news-info/shortcuts/permits/air/issued-air-permits-for-data-centers,2026-10-04T03:35:36.921559+00:00,0885a1cbb7cfc284c5c3705f0ebb0daa3f68de55faec8b052660c0d84fea0a9c,data/packaged_software/extracts/property_activity/raw/c5bcaa94a56266e14602bf72329a1c2f96a62159b32462b6dda884d8c1eeb2f1.bin,public_data_center_permit_inventory_operator_parent_link_requires_review,
"Amazon Data Services Inc IAD-180, IAD-181, IAD-182, & IAD-183",74323-2,2026-03-16,Article 6 - mNSR,Loudoun Co.,Northern,,2026-10-04,2026-10-05,https://www.deq.virginia.gov/news-info/shortcuts/permits/air/issued-air-permits-for-data-centers,2026-10-04T03:35:36.921559+00:00,0885a1cbb7cfc284c5c3705f0ebb0daa3f68de55faec8b052660c0d84fea0a9c,data/packaged_software/extracts/property_activity/raw/c5bcaa94a56266e14602bf72329a1c2f96a62159b32462b6dda884d8c1eeb2f1.bin,public_data_center_permit_inventory_operator_parent_link_requires_review,
Amazon Data Services IAD-870,74329-2,2026-03-26,Article 6 - mNSR,Spotsylvania Co.,Northern,,2026-10-04,2026-10-05,https://www.deq.virginia.gov/news-info/shortcuts/permits/air/issued-air-permits-for-data-centers,2026-10-04T03:35:36.921559+00:00,0885a1cbb7cfc284c5c3705f0ebb0daa3f68de55faec8b052660c0d84fea0a9c,data/packaged_software/extracts/property_activity/raw/c5bcaa94a56266e14602bf72329a1c2f96a62159b32462b6dda884d8c1eeb2f1.bin,public_data_center_permit_inventory_operator_parent_link_requires_review,
Westfax Property Owner A LP/Westfax 4-5A,74331-1,2026-03-04,Article 6 - mNSR,Fairfax Co.,Northern,,2026-10-04,2026-10-05,https://www.deq.virginia.gov/news-info/shortcuts/permits/air/issued-air-permits-for-data-centers,2026-10-04T03:35:36.921559+00:00,0885a1cbb7cfc284c5c3705f0ebb0daa3f68de55faec8b052660c0d84fea0a9c,data/packaged_software/extracts/property_activity/raw/c5bcaa94a56266e14602bf72329a1c2f96a62159b32462b6dda884d8c1eeb2f1.bin,public_data_center_permit_inventory_operator_parent_link_requires_review,
Herndon Technology Partners LLC,74332-2,2026-07-31,Article 6 - mNSR,Fairfax Co.,Northern,,2026-10-04,2026-10-05,https://www.deq.virginia.gov/news-info/shortcuts/permits/air/issued-air-permits-for-data-centers,2026-10-04T03:35:36.921559+00:00,0885a1cbb7cfc284c5c3705f0ebb0daa3f68de55faec8b052660c0d84fea0a9c,data/packaged_software/extracts/property_activity/raw/c5bcaa94a56266e14602bf72329a1c2f96a62159b32462b6dda884d8c1eeb2f1.bin,public_data_center_permit_inventory_operator_parent_link_requires_review,
Amazon Data Services Inc IAD-45,74333-1,2026-03-26,Article 6 - mNSR,Prince William Co.,Northern,,2026-10-04,2026-10-05,https://www.deq.virginia.gov/news-info/shortcuts/permits/air/issued-air-permits-for-data-centers,2026-10-04T03:35:36.921559+00:00,0885a1cbb7cfc284c5c3705f0ebb0daa3f68de55faec8b052660c0d84fea0a9c,data/packaged_software/extracts/property_activity/raw/c5bcaa94a56266e14602bf72329a1c2f96a62159b32462b6dda884d8c1eeb2f1.bin,public_data_center_permit_inventory_operator_parent_link_requires_review,
SDC Ashburn I - SE Parcel Campus,74335-1,2026-03-20,Article 6 mNSR,Loudoun Co.,Northern,,2026-10-04,2026-10-05,https://www.deq.virginia.gov/news-info/shortcuts/permits/air/issued-air-permits-for-data-centers,2026-10-04T03:35:36.921559+00:00,0885a1cbb7cfc284c5c3705f0ebb0daa3f68de55faec8b052660c0d84fea0a9c,data/packaged_software/extracts/property_activity/raw/c5bcaa94a56266e14602bf72329a1c2f96a62159b32462b6dda884d8c1eeb2f1.bin,public_data_center_permit_inventory_operator_parent_link_requires_review,
Word of Grace Data Center,74336-1,2026-05-22,Article 6 - mNSR,Fairfax Co.,Northern,,2026-10-04,2026-10-05,https://www.deq.virginia.gov/news-info/shortcuts/permits/air/issued-air-permits-for-data-centers,2026-10-04T03:35:36.921559+00:00,0885a1cbb7cfc284c5c3705f0ebb0daa3f68de55faec8b052660c0d84fea0a9c,data/packaged_software/extracts/property_activity/raw/c5bcaa94a56266e14602bf72329a1c2f96a62159b32462b6dda884d8c1eeb2f1.bin,public_data_center_permit_inventory_operator_parent_link_requires_review,
Amazon Data Services Inc IAD-170,74337-1,2026-03-20,Article 6 - mNSR,Loudoun Co.,Northern,,2026-10-04,2026-10-05,https://www.deq.virginia.gov/news-info/shortcuts/permits/air/issued-air-permits-for-data-centers,2026-10-04T03:35:36.921559+00:00,0885a1cbb7cfc284c5c3705f0ebb0daa3f68de55faec8b052660c0d84fea0a9c,data/packaged_software/extracts/property_activity/raw/c5bcaa94a56266e14602bf72329a1c2f96a62159b32462b6dda884d8c1eeb2f1.bin,public_data_center_permit_inventory_operator_parent_link_requires_review,
Vantage Data Centers VA41 LLC,74338-1,2026-05-12,Article 6 - mNSR,Stafford Co.,Northern,,2026-10-04,2026-10-05,https://www.deq.virginia.gov/news-info/shortcuts/permits/air/issued-air-permits-for-data-centers,2026-10-04T03:35:36.921559+00:00,0885a1cbb7cfc284c5c3705f0ebb0daa3f68de55faec8b052660c0d84fea0a9c,data/packaged_software/extracts/property_activity/raw/c5bcaa94a56266e14602bf72329a1c2f96a62159b32462b6dda884d8c1eeb2f1.bin,public_data_center_permit_inventory_operator_parent_link_requires_review,
Clean Arc Data Centers - VA-1 Campus,74341-1,2026-07-02,Article 6 - mNSR,Caroline Co.,Northern,,2026-10-04,2026-10-05,https://www.deq.virginia.gov/news-info/shortcuts/permits/air/issued-air-permits-for-data-centers,2026-10-04T03:35:36.921559+00:00,0885a1cbb7cfc284c5c3705f0ebb0daa3f68de55faec8b052660c0d84fea0a9c,data/packaged_software/extracts/property_activity/raw/c5bcaa94a56266e14602bf72329a1c2f96a62159b32462b6dda884d8c1eeb2f1.bin,public_data_center_permit_inventory_operator_parent_link_requires_review,
Amazon Data Services Inc IAD-110/111/112/113,74342-1,2026-06-12,Article 6 - mNSR,Prince William Co.,Northern,,2026-10-04,2026-10-05,https://www.deq.virginia.gov/news-info/shortcuts/permits/air/issued-air-permits-for-data-centers,2026-10-04T03:35:36.921559+00:00,0885a1cbb7cfc284c5c3705f0ebb0daa3f68de55faec8b052660c0d84fea0a9c,data/packaged_software/extracts/property_activity/raw/c5bcaa94a56266e14602bf72329a1c2f96a62159b32462b6dda884d8c1eeb2f1.bin,public_data_center_permit_inventory_operator_parent_link_requires_review,
DataBank Data Center Culpeper LLC,74348-1,2026-08-05,Article 6-mNSR,Culpeper Co.,Northern,,2026-10-04,2026-10-05,https://www.deq.virginia.gov/news-info/shortcuts/permits/air/issued-air-permits-for-data-centers,2026-10-04T03:35:36.921559+00:00,0885a1cbb7cfc284c5c3705f0ebb0daa3f68de55faec8b052660c0d84fea0a9c,data/packaged_software/extracts/property_activity/raw/c5bcaa94a56266e14602bf72329a1c2f96a62159b32462b6dda884d8c1eeb2f1.bin,public_data_center_permit_inventory_operator_parent_link_requires_review,
Amazon Data Services Inc IAD-264,74349-1,2026-07-29,Article 6 - mNSR,Prince William Co.,Northern,,2026-10-04,2026-10-05,https://www.deq.virginia.gov/news-info/shortcuts/permits/air/issued-air-permits-for-data-centers,2026-10-04T03:35:36.921559+00:00,0885a1cbb7cfc284c5c3705f0ebb0daa3f68de55faec8b052660c0d84fea0a9c,data/packaged_software/extracts/property_activity/raw/c5bcaa94a56266e14602bf72329a1c2f96a62159b32462b6dda884d8c1eeb2f1.bin,public_data_center_permit_inventory_operator_parent_link_requires_review,
Cardinal Energy Corporation,80941-6,2025-10-02,Article 6 - mNSR,Frederick Co.,Valley,,2026-10-04,2026-10-05,https://www.deq.virginia.gov/news-info/shortcuts/permits/air/issued-air-permits-for-data-centers,2026-10-04T03:35:36.921559+00:00,0885a1cbb7cfc284c5c3705f0ebb0daa3f68de55faec8b052660c0d84fea0a9c,data/packaged_software/extracts/property_activity/raw/c5bcaa94a56266e14602bf72329a1c2f96a62159b32462b6dda884d8c1eeb2f1.bin,public_data_center_permit_inventory_operator_parent_link_requires_review,
