cik,ticker,name,first_filing_with_new_auditor,from_auditor,to_auditor
0000803578,AIFF,"Firefly Neuroscience, Inc. Common Stock",2025-04-03,CohnReznick LLP,MARCUM CANADA LLP
0000803578,AIFF,"Firefly Neuroscience, Inc. Common Stock",2026-03-31,MARCUM CANADA LLP,CBIZ Canada LLP
0001842566,AISP,"Airship AI Holdings, Inc. Class A Common Stock",2024-04-01,Marcum llp,BPM LLP
0001807166,AMST,Amesite Inc.,2023-10-06,Deloitte and Touche LLP,"Turner, Stone & Company, L.L.P"
0001807166,AMST,Amesite Inc.,2025-09-29,"Turner, Stone & Company, L.L.P.",Novogradac & Company LLP
0001786352,BILL,"BILL Holdings, Inc.",2024-08-23,Ernst & Young LLP,PricewaterhouseCoopers LLP
0001019034,BKYI,"BIO-key International, Inc. Common Stock",2023-06-01,"Rotenberg Meril Solomon Bertiger & Guttilla, P.C.",Marcum LLC.
0001019034,BKYI,"BIO-key International, Inc. Common Stock",2024-06-05,Marcum LLC.,Bush and Associates CPA
0001280058,BLKB,"Blackbaud, Inc.",2023-02-24,PricewaterhouseCoopers LLP,Ernst & Young LLP
0001462056,BLZE,"Backblaze, Inc. Class A Common Stock",2026-03-10,"BDO USA, P.C.",Deloitte & Touche LLP
0001582982,CCLD,"CareCloud, Inc. Common Stock",2025-03-13,GRANT THORNTON LLP,"Rosenberg Rich Baker Berman,"
0001582982,CCLD,"CareCloud, Inc. Common Stock",2026-03-12,"Rosenberg Rich Baker Berman, P.A.",Tanner LLP
0001866633,CCSI,"Consensus Cloud Solutions, Inc. Common Stock",2024-02-28,"BDO USA, LLP",DELOITTE & TOUCHE LLP
0001827090,CERT,"Certara, Inc. Common Stock",2023-03-01,CohnReznick LLP,RSM US LLP
0001820875,CXAI,CXApp Inc. Class A Common Stock,2024-05-24,"WithumSmith+Brown, PC",Marcum LLP
0001820875,CXAI,CXApp Inc. Class A Common Stock,2025-04-07,Marcum LLP,"WithumSmith+Brown, PC"
0000910638,DDD,3D Systems Corporation,2025-03-27,"BDO USA, P.C.",Deloitte & Touche LLP
0001773383,DT,"Dynatrace, Inc.",2023-05-25,"BDO USA, LLP","Ernst & Young, LLP"
0001476840,EXFY,"Expensify, Inc. Class A Common Stock",2026-02-26,Ernst & Young LLP,KPMG LLP
0001602409,FNGR,"FingerMotion, Inc. Common Stock",2025-05-29,Centurion ZD CPA & Co.,CT International LLP
0001831096,GEG,"Great Elm Group, Inc. Common Stock",2025-09-02,Grant Thornton LLP,Deloitte & Touche LLP
0001895618,GXAI,Gaxos.ai Inc. Common Stock,2024-03-27,"D. Brooks and Associates CPAs, P.A","SALBERG & COMPANY, P.A."
0001718939,IDAI,T Stamp Inc. Class A Common Stock,2023-03-30,Cherry Bekaert LLP,Marcum LLP
0001718939,IDAI,T Stamp Inc. Class A Common Stock,2026-03-31,Marcum LLP,CBIZ CPAs P.C.
0001040896,IDN,"Intellicheck, Inc. Common Stock",2023-03-28,EisnerAmper LLP,"FORVIS, LLP"
0001040896,IDN,"Intellicheck, Inc. Common Stock",2025-03-31,"FORVIS, LLP","Forvis Mazars, LLP"
0001615063,INSE,"Inspired Entertainment, Inc.",2026-03-10,Marcum LLP,CBIZ CPAs P.C.
0001397183,IVDA,"Iveda Solutions, Inc. Common Stock",2025-04-15,BF Borgers CPA PC,"Weinberg & Company, P.A."
0001673481,LTRYW,Sports Entertainment Gaming Global Corporation Warrants,2023-05-10,Armanino LLP,"Yusufali & Associates, LLC"
0001673481,LTRYW,Sports Entertainment Gaming Global Corporation Warrants,2025-04-22,"Yusufali & Associates, LLC",Boladale Lawal
0001224133,MCHX,"Marchex, Inc. Class B",2023-03-31,Moss Adams LLP,RSM US LLP
0001805651,MKTW,"MarketWise, Inc. Class A Common Stock",2026-03-06,Deloitte & Touche LLP,Grant Thornton LLP
0001522540,MQ,"Marqeta, Inc. Class A Common Stock",2025-02-26,Ernst & Young LLP,KPMG LLP
0001821175,MSGM,Motorsport Games Inc. Class A Common Stock,2025-03-20,GRANT THORNTON LLP,"GRASSI & CO., CPAs, P.C"
0001039280,NTWK,"NetSol Technologies, Inc.",2024-09-30,BF Borgers CPA PC,"Fortune CPA, Inc"
0001734722,PATH,"UiPath, Inc.",2023-03-24,GRANT THORNTON LLP,KPMG LLP
0001568100,PD,"PagerDuty, Inc.",2025-03-17,Ernst & Young LLP,PricewaterhouseCoopers LLP
0001826681,PDYN,Palladyne AI Corp. Common Stock,2025-02-20,Ernst & Young LLP,KPMG LLP
0001784535,PRCH,"Porch Group, Inc. Common Stock",2024-03-15,Ernst & Young LLP,GRANT THORNTON LLP
0001040161,PXLW,Pixelworks Inc,2024-03-13,Armanino,GRANT THORNTON LLP
0001758009,QUBT,Quantum Computing Inc. Common,2024-09-11,BF Borgers CPA PC,BPM LLP
0000748268,RCAT,"Red Cat Holdings, Inc. Common Stock",2024-08-08,BF Borgers CPA PC,dbbmckennon
0000748268,RCAT,"Red Cat Holdings, Inc. Common Stock",2026-03-19,dbbmckennon,KPMG LLP
0001840856,SOUN,"SoundHound AI, Inc. Class A Common Stock",2023-03-28,UHY LLP,Armanino LLP
0001840856,SOUN,"SoundHound AI, Inc. Class A Common Stock",2024-03-01,Armanino LLP,PricewaterhouseCoopers LLP
0001943289,SVCO,"Silvaco Group, Inc. Common Stock",2026-03-12,Moss Adams LLP,"Baker Tilly US, LLP"
0001360565,WFCF,"Where Food Comes From, Inc. Common Stock",2025-02-20,"Causey Demgen & Moore, P.C.",Haynie & Company
0001788999,XPER,Xperi Inc,2025-02-27,PricewaterhouseCoopers LLP,Deloitte & Touche LLP
0001667313,ZDGE,"Zedge, Inc.",2023-10-30,Mayer Hoffman McCann,Friedman LLP
0001667313,ZDGE,"Zedge, Inc.",2024-10-29,Friedman LLP,UHY LLP
