company_a,company_b,mean_cosine,quarters_observed
CCC,DH,0.3229,6
TYL,VEEV,0.2954,11
BLIN,INLX,0.2767,5
BRZE,CXM,0.2637,10
TTWO,VEEV,0.2575,15
BSY,CDNS,0.2461,12
RPD,VRNS,0.2426,10
CDNS,RPD,0.2382,8
BSY,MANH,0.2299,10
INLX,WFCF,0.2281,7
CCLD,NTWK,0.2265,12
DT,VRNS,0.2229,8
ALRM,APPF,0.2209,7
INSE,PDFS,0.2205,14
CDNS,DT,0.2166,8
AEYE,PDFS,0.2159,7
DUOT,IDN,0.2135,6
BSY,RPD,0.2108,10
LAW,WEAV,0.2067,11
CDNS,VRNS,0.2053,12
EGAN,INSE,0.2029,10
DT,RPD,0.2016,8
VEEV,VRNS,0.1998,16
EVCM,NABL,0.1932,7
CDNS,VEEV,0.1917,12
PRGS,TDC,0.1878,8
ASAN,NTNX,0.1846,7
CDNS,INTU,0.182,8
MANH,VEEV,0.1782,11
NTNX,TDC,0.177,4
IIIV,WEAV,0.1759,11
BSY,VRNS,0.1721,13
AMPL,CXM,0.1712,7
ASAN,VEEV,0.1694,10
PRGS,VRNS,0.1689,10
AEYE,INSE,0.1666,7
BILL,VEEV,0.1644,10
MANH,TYL,0.1644,9
AEYE,CCLD,0.1643,3
VEEV,XYZ,0.1639,8
BLIN,WFCF,0.1639,5
ASAN,TDC,0.1634,5
DUOL,YOU,0.1631,9
CCLD,PDFS,0.1607,3
ASAN,VRNS,0.1596,8
BKYI,IDAI,0.1592,3
GDYN,PDFS,0.1591,5
APPN,ASAN,0.1576,6
AEYE,ZETA,0.1575,3
BSY,DT,0.1566,7
NTNX,VEEV,0.1566,9
BSY,VEEV,0.1565,14
AI,PRGS,0.156,3
CCLD,ZETA,0.1557,3
NTNX,XYZ,0.1541,5
AI,ASAN,0.1541,8
AI,SOUN,0.1541,8
PDFS,ZETA,0.1539,3
AI,TDC,0.151,3
PRGS,VEEV,0.1491,10
TDC,XYZ,0.1487,4
IDAI,IVDA,0.1478,5
BILL,TTWO,0.1472,8
DT,VEEV,0.1468,9
RCAT,WEAV,0.1462,11
SNPS,TTWO,0.1459,7
DT,WK,0.1458,3
GXAI,MYSZ,0.1457,3
VRNS,XYZ,0.1451,8
IDAI,MYSZ,0.1445,3
CDNS,DOCU,0.1444,7
AI,XYZ,0.1425,7
OKTA,VRNS,0.1423,5
CRNC,RPD,0.1414,7
DT,INTU,0.1413,6
CDNS,TYL,0.1409,7
BAND,DDD,0.1399,8
DOCU,VRNS,0.1379,7
TDC,VEEV,0.1378,6
FSLY,RPD,0.1376,7
BILL,INTA,0.1375,8
CDNS,WK,0.1375,3
ASAN,DDD,0.1374,3
RPD,WK,0.137,3
DDD,TDC,0.1366,3
NTNX,PRGS,0.1366,4
DDD,FSLY,0.1358,8
ALRM,MANH,0.1352,12
MANH,VRNS,0.1343,10
AI,NTNX,0.1341,3
DT,OKTA,0.134,4
VRNS,WK,0.134,3
PRCH,ZETA,0.134,6
DDD,VEEV,0.1335,5
ASAN,FSLY,0.1332,9
ALRM,TYL,0.1327,11
DDD,NTNX,0.1325,4
NTNX,VRNS,0.1311,7
HUBS,OKTA,0.1301,3
BILL,RBLX,0.1299,7
SAIL,VRNS,0.1289,4
INTU,VEEV,0.1286,7
AMPL,BRZE,0.1283,7
ASAN,DT,0.128,5
PRGS,RPD,0.1278,7
DT,XYZ,0.1275,6
MANH,TDC,0.1275,7
DT,TDC,0.1266,6
CDNS,SAIL,0.1263,5
RPD,SAIL,0.1261,4
IVDA,MYSZ,0.1257,5
ALKT,YOU,0.1252,7
PRGS,XYZ,0.1252,6
CCLD,ZDGE,0.124,11
ASAN,WK,0.1239,3
MANH,OKTA,0.1238,4
COUR,MBLY,0.1236,5
RBLX,VEEV,0.1235,6
FSLY,VRNS,0.1233,10
MANH,PRGS,0.1232,8
DT,SAIL,0.1229,4
SAIL,WK,0.1229,3
OKTA,VEEV,0.1217,5
TDC,VRNS,0.1209,4
DT,HUBS,0.1208,3
HUBS,WK,0.1208,3
GDYN,ZETA,0.1202,5
BAND,CRNC,0.1202,10
OKTA,RPD,0.119,4
DDD,PRCH,0.1189,7
AI,VEEV,0.1185,5
DOCU,DT,0.1181,4
CDNS,OKTA,0.1176,4
BSY,WK,0.1171,3
ASAN,PRGS,0.1166,4
ASAN,HUBS,0.1164,3
BILL,TYL,0.1158,9
INTU,VRNS,0.1145,7
DDD,XYZ,0.1144,7
ASAN,XYZ,0.114,4
CDNS,SNOW,0.1138,7
CDNS,TTWO,0.1134,10
BSY,INTU,0.1124,7
COUR,DUOL,0.1122,5
AI,APPN,0.1116,5
BKYI,MYSZ,0.1111,2
BILL,BSY,0.1106,9
BRZE,KLTR,0.1105,11
GDYN,PRCH,0.1101,6
DT,NTNX,0.1097,5
DT,PRGS,0.1092,6
INTU,YOU,0.1089,7
SNPS,VEEV,0.1084,7
OKTA,PRGS,0.1079,3
AI,OKTA,0.1078,2
INSE,VRNS,0.1067,10
DOCU,RPD,0.106,2
INTU,SNPS,0.1054,6
BSY,OKTA,0.105,3
RBLX,XYZ,0.1048,6
CCLD,INSE,0.1047,2
MYPS,SVCO,0.1043,3
AEYE,GDYN,0.1041,2
INTU,RPD,0.104,5
DOCU,OKTA,0.103,3
CCLD,GDYN,0.1029,2
AI,MANH,0.1026,2
MANH,QLYS,0.102,3
DT,YOU,0.1018,5
HUBS,VRNS,0.1015,3
OKTA,TDC,0.1011,2
AI,VRNS,0.101,5
FROG,PDFS,0.101,6
NTWK,ZDGE,0.1007,9
FSLY,XYZ,0.1004,6
FROG,GDYN,0.1,5
ASAN,RPD,0.0999,8
BKYI,GXAI,0.0999,3
DDD,PRGS,0.0997,4
AISP,CRNC,0.0993,7
BSY,DOCU,0.0988,2
DUOL,MBLY,0.0984,3
INSE,ZETA,0.0978,2
HUBS,VEEV,0.0976,3
APPN,PRGS,0.0976,2
DOCU,SAIL,0.0974,2
ASAN,SAIL,0.0973,3
DT,MANH,0.0973,6
DDD,VRNS,0.097,9
APPN,TDC,0.0961,2
BLZE,RCAT,0.096,8
COUR,RBLX,0.0959,6
AI,DT,0.0952,3
FROG,KLTR,0.0949,6
NTNX,OKTA,0.0941,3
CDNS,HUBS,0.094,3
MANH,NTNX,0.0939,4
BAND,S,0.0937,2
S,SKIL,0.0935,2
ESTC,VRNS,0.0932,7
BSY,SAIL,0.0927,3
DOCU,WK,0.0927,2
AI,HUBS,0.0925,2
HUBS,PRGS,0.0922,2
CDNS,MANH,0.092,9
TDC,WK,0.0918,3
BSY,HUBS,0.0917,3
OKTA,WK,0.0917,3
HUBS,TDC,0.0914,2
RPD,XYZ,0.0906,7
BAND,PRCH,0.0897,9
FSLY,NTNX,0.0896,4
MDB,VEEV,0.0896,5
AI,DDD,0.0889,2
NTNX,WK,0.0886,3
AMST,CXAI,0.0885,5
MYPS,XPER,0.0882,5
APPN,NTNX,0.0876,3
NTSK,TTAN,0.0872,2
VRNS,YOU,0.0871,8
ASAN,MQ,0.0861,6
ASAN,OKTA,0.086,3
ESTC,VEEV,0.0857,7
NCNO,S,0.0849,2
BAND,FSLY,0.0847,8
CDNS,SNPS,0.0847,5
AEYE,PRCH,0.0845,2
EXFY,UPLD,0.0845,6
RBLX,TYL,0.0843,6
OKTA,XYZ,0.0841,4
FRSH,VEEV,0.0841,10
HUBS,SAIL,0.084,3
ADSK,CDNS,0.0837,3
CCLD,PRCH,0.0836,2
PDFS,PRCH,0.0831,2
APPN,VEEV,0.083,4
DUOL,FROG,0.0823,6
BILL,XYZ,0.0816,6
MANH,XYZ,0.0816,5
ALRM,VEEV,0.0813,10
BSY,TYL,0.081,10
APPN,HUBS,0.081,2
BSY,NCNO,0.0797,5
DDD,DT,0.0795,3
ASAN,MANH,0.0794,3
CDNS,YOU,0.0794,10
WK,XYZ,0.0789,2
DDD,WK,0.0788,3
CRNC,DDD,0.0786,8
HUBS,RPD,0.0782,3
HUBS,NTNX,0.0777,2
AISP,IVDA,0.0774,5
APPN,DDD,0.0766,2
AEYE,MKTW,0.0762,3
DOCU,XYZ,0.0761,5
MYSZ,PARA,0.076,2
FSLY,TDC,0.0759,2
DDD,HUBS,0.0758,2
MBLY,RBLX,0.0757,3
RBLX,TTWO,0.0744,5
BILL,HUBS,0.0741,3
VEEV,WK,0.0741,3
ADSK,INTU,0.0734,2
AEYE,WEAV,0.0734,3
SAIL,XYZ,0.0726,2
OKTA,SAIL,0.0725,2
INTA,RBLX,0.0724,7
TENB,VRNS,0.0724,4
OKTA,RBLX,0.0722,5
DOCU,HUBS,0.0719,2
INTU,XYZ,0.0714,5
VEEV,YOU,0.0714,8
RPD,VEEV,0.0708,8
TTWO,XYZ,0.0706,7
MBLY,XYZ,0.0706,4
APPF,MANH,0.0704,5
BAND,PXLW,0.0701,3
NTNX,SAIL,0.0697,3
DOCU,INTU,0.0693,4
IDN,NTWK,0.0692,5
FROG,S,0.0689,5
APPN,VRNS,0.0682,4
BB,DDD,0.0681,2
AI,RCAT,0.0681,4
DOCU,SNPS,0.0678,3
ALRM,QTWO,0.0677,3
ALRM,VRNS,0.0675,9
AI,WK,0.0673,2
PRGS,WK,0.0672,2
FSLY,VEEV,0.0667,3
XYZ,YOU,0.0665,6
ACIW,VEEV,0.0664,4
LAW,TTAN,0.0659,4
BOX,VRNS,0.0656,2
DDD,RPD,0.0656,5
APPN,XYZ,0.0654,3
SAIL,VEEV,0.0652,4
DOCU,VEEV,0.0651,7
ASAN,BB,0.0649,2
PDFS,WEAV,0.0649,11
DUOT,PXLW,0.0649,3
BB,TDC,0.0647,2
ALRM,EGAN,0.0641,10
BAND,CCLD,0.064,2
DUOL,RBLX,0.0638,5
TYL,VRNS,0.0637,6
LAW,NTWK,0.0632,6
DUOT,INLX,0.063,5
FSLY,PRGS,0.0629,7
RBLX,SNPS,0.0628,3
INSE,PXLW,0.0626,3
NTNX,RPD,0.0626,3
PDFS,VRNS,0.0624,9
SAIL,TDC,0.0623,2
APPF,QTWO,0.0623,3
ASAN,DOCU,0.0622,4
BILL,SNPS,0.0621,3
PDYN,YOU,0.062,3
OKTA,TTWO,0.0619,4
AISP,VWAV,0.0618,3
GXAI,IVDA,0.0614,3
APPN,WK,0.0613,2
CXM,PCOR,0.0611,2
BOX,NTNX,0.0609,3
HUBS,XYZ,0.0608,2
BB,VEEV,0.0607,2
RPD,TDC,0.0606,4
SNOW,XYZ,0.0605,4
ESTC,SPT,0.0603,5
DOCU,TTWO,0.0602,6
DDD,OKTA,0.0602,2
BAND,RPD,0.0599,8
CDNS,XYZ,0.0596,7
ACIW,VRNS,0.0596,4
TTWO,TYL,0.0595,7
BSY,TTWO,0.0593,5
ASAN,BOX,0.0592,2
CCLD,PXLW,0.0592,2
BKYI,IVDA,0.0588,2
INTU,TTWO,0.0585,7
APPN,DT,0.0585,2
OKTA,QLYS,0.0581,2
CXAI,PARA,0.0581,5
ACIW,XYZ,0.058,4
BOX,RPD,0.0578,2
AVPT,INSE,0.0576,2
DDD,MANH,0.0572,2
BOX,SAIL,0.057,2
PDFS,PXLW,0.0568,2
CRNC,VRNS,0.0568,10
BB,NTNX,0.0567,2
OKTA,TYL,0.0566,3
AISP,CXAI,0.0566,7
ADSK,BSY,0.0561,2
PRGS,YOU,0.056,4
ASAN,FRSH,0.056,5
ESTC,MDB,0.0559,4
AEYE,FROG,0.0558,2
ACIW,PRGS,0.0557,3
COUR,ESTC,0.0555,2
IDN,PXLW,0.0555,3
DDD,SAIL,0.0554,3
AVPT,BAND,0.055,2
APPF,TYL,0.0548,5
INSE,VEEV,0.0545,10
AMPL,SNOW,0.054,7
SPT,VRNS,0.054,5
IVDA,VWAV,0.0538,2
SNPS,TYL,0.0536,5
ESTC,MBLY,0.0536,2
IDAI,PXLW,0.0536,2
MANH,YOU,0.0535,4
CXAI,PDYN,0.0535,7
HUBS,RBLX,0.0534,3
CXAI,FSLY,0.0533,9
RPD,YOU,0.0531,2
ESTC,RBLX,0.0529,3
ASAN,CDNS,0.0528,3
COUR,XYZ,0.0528,4
ALRM,PRGS,0.0527,7
BOX,DDD,0.0526,2
IIIV,PDFS,0.0523,7
MANH,XPER,0.0522,2
MDB,VRNS,0.0521,5
CRNC,FSLY,0.0518,7
BILL,OKTA,0.0516,5
AI,RBLX,0.0516,3
DUOL,EXFY,0.0513,4
FRSH,RBLX,0.0512,2
AI,BILL,0.0512,4
ADSK,RPD,0.0511,2
MANH,NCNO,0.0511,5
GEN,VEEV,0.051,2
FSLY,WK,0.0509,2
INTU,OKTA,0.0508,3
BOX,FSLY,0.0507,2
INSE,PRGS,0.0503,7
APPN,BILL,0.0502,2
PATH,S,0.0502,2
DUOT,WFCF,0.0502,5
MBLY,SNOW,0.0501,4
BOX,VEEV,0.05,3
HUBS,TYL,0.05,3
AI,FSLY,0.0499,6
AI,FNGR,0.0499,3
GEN,TTWO,0.0497,3
AI,SNOW,0.0493,5
BILL,PRGS,0.0491,5
MDB,XYZ,0.0489,3
BILL,FRSH,0.0487,5
DT,FSLY,0.0486,3
FSLY,SAIL,0.0486,2
AI,MDB,0.0485,4
ACIW,TYL,0.0484,5
BILL,DDD,0.0483,4
RBRK,VRNS,0.0482,4
BOX,CDNS,0.0478,3
APPN,MANH,0.0475,2
ACIW,TDC,0.0473,2
MANH,RBLX,0.0471,5
ASAN,BAND,0.0469,8
DOCU,TDC,0.0467,4
RBLX,SNOW,0.0467,5
SNPS,XYZ,0.0466,3
ALRM,FSLY,0.0463,7
AEYE,SSTI,0.0462,3
BILL,GEN,0.0461,2
CDNS,MDB,0.0458,3
BOX,TDC,0.0456,2
TYL,XYZ,0.0456,6
DOCU,NTNX,0.0453,4
S,SAIL,0.0453,2
AMPL,MQ,0.0452,3
BSY,SNPS,0.045,7
CXM,VRNS,0.0447,5
CRNC,PRGS,0.0445,4
CDNS,SPT,0.0444,4
EXFY,NTWK,0.0443,2
BILL,MANH,0.0442,5
BSY,PRGS,0.0442,7
INTU,MANH,0.0441,6
BRZE,PCOR,0.044,2
ALRM,SSTI,0.0438,5
GDYN,MSGM,0.0437,2
ALRM,RPD,0.0437,7
BB,ZDGE,0.0435,2
INSE,RPD,0.0433,6
BOX,INTU,0.0432,2
ACIW,CDNS,0.0431,4
SNOW,VRNS,0.0431,7
EXFY,MBLY,0.0431,2
MQ,VEEV,0.0431,6
BAND,VRNS,0.0427,9
AEYE,NCNO,0.0427,3
BSY,RBLX,0.0426,4
MDB,SNOW,0.0426,3
APPN,FSLY,0.0425,3
ADSK,VRNS,0.0425,2
AI,YOU,0.0425,2
FRSH,LAW,0.0419,2
MANH,RPD,0.0418,5
ADSK,DT,0.0417,2
TDC,YOU,0.0416,2
INTU,PRGS,0.0415,5
BAND,MYPS,0.0414,3
ESTC,TTWO,0.0413,5
ALRM,IIIV,0.0412,6
MYPS,SNOW,0.0412,4
TTWO,VRNS,0.0411,8
NCNO,VRNS,0.041,6
FNGR,RCAT,0.0409,2
ADSK,YOU,0.0405,3
DDD,TTWO,0.0404,3
DUOL,SNOW,0.0399,5
ASAN,RBRK,0.0394,4
BRZE,FROG,0.0393,6
SNOW,SPT,0.0392,3
BILL,FSLY,0.039,5
ASAN,MDB,0.0387,4
BL,TYL,0.0386,2
NTNX,YOU,0.0383,2
BLZE,SVCO,0.0382,5
CDNS,PRGS,0.0381,9
ESTC,SVCO,0.0381,5
INTU,TYL,0.038,4
SNOW,VEEV,0.0379,6
BILL,DOCU,0.0378,4
BRZE,SPT,0.0378,2
FRSH,TYL,0.0377,6
ESTC,XYZ,0.0377,3
COUR,SNOW,0.0376,5
ASAN,SOUN,0.0372,5
BB,DT,0.0371,2
AI,DOCU,0.0371,3
ASAN,BSY,0.037,3
INTU,NET,0.0369,2
GTLB,NCNO,0.0367,3
NTWK,SPT,0.0366,2
BLZE,SSTI,0.0364,6
BRZE,VRNS,0.0362,5
GDYN,IIIV,0.036,6
MQ,XPER,0.036,3
MDB,TYL,0.0359,3
MYPS,VRNS,0.0358,5
SPT,YOU,0.0358,4
AISP,RPD,0.0354,3
DT,TENB,0.0352,2
ACIW,BILL,0.035,3
ACIW,DT,0.035,3
CXAI,MYSZ,0.035,2
MDB,SOUN,0.035,4
MANH,MDB,0.0349,3
CRNC,PRCH,0.0343,5
BBAI,CXAI,0.0342,4
AISP,UPLD,0.0342,4
RBRK,SNOW,0.0341,4
DUOL,VEEV,0.0339,5
PRGS,RBLX,0.0339,3
CRNC,DBX,0.0338,2
BSY,FSLY,0.0338,6
BSY,YOU,0.0337,2
DUOT,RCAT,0.0337,4
TENB,VEEV,0.0337,4
DBX,VEEV,0.0336,3
BLZE,UPLD,0.0336,6
DUOT,GEG,0.0335,4
ESTC,TENB,0.0335,4
FRSH,GTLB,0.0335,3
FROG,VEEV,0.0333,3
ASAN,TENB,0.0333,3
GDYN,QTWO,0.0331,2
NET,TTWO,0.033,2
ALRM,GDYN,0.0328,4
DDD,RBLX,0.0328,4
DOCU,MANH,0.0328,5
ASAN,BILL,0.0325,2
MANH,TTWO,0.0325,6
BILL,DT,0.0324,4
TDC,TTWO,0.0322,4
PRGS,TYL,0.0322,5
INTU,MDB,0.0321,2
ACIW,MDB,0.032,2
DOCU,YOU,0.0319,5
RCAT,SOUN,0.0318,3
BILL,INTU,0.0317,4
GEN,TYL,0.0317,2
DUOL,INTU,0.0317,4
MDB,TTWO,0.0317,4
BILL,NTNX,0.0316,2
PRCH,SSTI,0.0316,4
BB,WK,0.0315,2
ALKT,DUOL,0.0315,3
AISP,PARA,0.0313,5
FRSH,GEN,0.0311,2
COUR,SPT,0.0311,2
ALRM,CRNC,0.031,6
ACIW,MANH,0.0309,3
INTU,NTNX,0.0308,3
SSTI,UPLD,0.0308,4
AI,PARA,0.0307,2
CCLD,PDYN,0.0305,6
GEG,MKTW,0.0304,4
ESTC,SNOW,0.0302,3
BB,VRNS,0.0301,2
BILL,VRNS,0.0301,4
GEN,INTU,0.0301,3
DBX,TTWO,0.0297,2
GEN,MANH,0.0296,3
RBLX,RBRK,0.0296,4
VRNS,XPER,0.0296,5
COUR,FROG,0.0295,4
ESTC,EXFY,0.0292,4
RBRK,VEEV,0.029,4
DDD,DOCU,0.0289,4
DUOL,XYZ,0.0289,2
BILL,LAW,0.0288,4
ALRM,BAND,0.0288,6
INTU,XPER,0.0287,2
CDNS,NTNX,0.0286,5
MANH,QTWO,0.0285,3
DT,RBLX,0.0283,3
ASAN,BLZE,0.0283,7
DT,TYL,0.0282,6
NTNX,TTWO,0.0282,5
EGAN,PRGS,0.0281,5
MANH,TENB,0.0279,3
RBLX,SPT,0.0277,2
DOCU,SNOW,0.0276,4
MSGM,PDYN,0.0274,2
RBLX,TDC,0.0273,2
BILL,SNOW,0.0272,5
MSGM,QTWO,0.0271,2
ALRM,PDFS,0.0271,5
BILL,DBX,0.0271,2
INTU,SNOW,0.0271,5
S,SOUN,0.0268,3
AEYE,BLZE,0.0267,2
EXFY,RBLX,0.0267,3
FROG,XYZ,0.0265,3
BLZE,EXFY,0.0265,5
IIIV,VRNS,0.0264,6
MBLY,SPT,0.0264,2
CERT,PDFS,0.0261,2
MDB,RBRK,0.0261,3
IIIV,QTWO,0.0258,3
MYPS,S,0.0257,5
ADSK,TTWO,0.0257,3
BILL,RPD,0.0257,5
MDB,PRGS,0.0257,2
MQ,YOU,0.0255,2
ACIW,FROG,0.0253,3
APPF,VEEV,0.0253,3
CDNS,TDC,0.0252,6
FNGR,ZDGE,0.0251,2
CMRC,SVCO,0.0251,2
BSY,XYZ,0.025,4
SNOW,TYL,0.0249,4
SOUN,XYZ,0.0249,4
ESTC,INTA,0.0249,3
ALRM,CERT,0.0248,3
CDNS,ESTC,0.0248,4
MYPS,TENB,0.0248,2
CERT,DUOL,0.0246,2
COUR,LAW,0.0246,2
INSE,TYL,0.0246,5
CCLD,MYPS,0.0245,2
ESTC,NTNX,0.0244,3
BAND,PRGS,0.0243,5
BRZE,TTAN,0.0243,2
CDNS,GEN,0.0242,3
ASAN,FROG,0.0241,2
RPD,TTWO,0.024,4
IVDA,SMSI,0.0239,4
SPT,WEAV,0.0239,4
SNOW,SOUN,0.0238,5
BILL,MDB,0.0238,2
BAND,MQ,0.0237,4
BAND,NTNX,0.0236,3
BILL,SAIL,0.0235,2
GDYN,RDVT,0.0235,4
FRSH,SNOW,0.0235,5
DDD,INTU,0.0234,2
ADSK,VEEV,0.0234,3
BSY,MDB,0.0234,3
MBLY,MDB,0.0234,2
FRSH,NTWK,0.0234,4
GDYN,WEAV,0.0233,4
CRNC,MANH,0.0233,5
DT,TTWO,0.0232,5
FRSH,MQ,0.0232,4
BRZE,VEEV,0.0231,5
NTNX,RBLX,0.023,2
AISP,PDYN,0.0229,5
PDFS,SPT,0.0229,4
CRNC,PARA,0.0228,5
ASAN,RBLX,0.0227,2
AWRE,INSE,0.0226,2
MANH,SNPS,0.0226,4
MDB,MYPS,0.0226,3
MDB,SNPS,0.0226,2
AMPL,ESTC,0.0226,2
BOX,TTWO,0.0225,3
S,VRNS,0.0225,3
PDFS,RPD,0.0225,3
EGAN,SSTI,0.0225,4
BAND,EXFY,0.0224,6
DOCU,FSLY,0.0223,3
SPT,VEEV,0.0223,3
ESTC,FSLY,0.0223,2
MYPS,UPLD,0.0222,2
ASAN,TTWO,0.0221,3
BAND,BOX,0.022,3
BL,QTWO,0.022,2
CXAI,VWAV,0.022,3
AMPL,XPER,0.0219,2
DT,MDB,0.0218,2
MBLY,YOU,0.0217,3
FSLY,MDB,0.0216,3
NCNO,TTAN,0.0216,3
AVPT,CXM,0.0215,2
ESTC,MYPS,0.0215,3
SOUN,VRNS,0.0214,4
ALRM,INTU,0.0214,4
NET,RBLX,0.0213,2
VEEV,XPER,0.0212,5
RPD,S,0.0211,2
IIIV,MSGM,0.021,2
AMST,MYSZ,0.021,3
CDNS,INTA,0.021,5
MDB,RPD,0.0209,3
QTWO,TYL,0.0208,2
BILL,CRNC,0.0208,3
FROG,WEAV,0.0208,5
NTWK,PXLW,0.0207,3
BSY,DBX,0.0207,3
FSLY,RBRK,0.0207,3
FROG,VRNS,0.0206,4
RBLX,VRNS,0.0204,4
ALKT,TTWO,0.0204,3
INSE,INTU,0.0204,4
BRZE,ESTC,0.0204,3
SPT,XYZ,0.0204,2
APPN,RBLX,0.0203,2
CDNS,S,0.0202,2
CXM,FROG,0.0202,2
ADSK,COUR,0.0202,3
CERT,IIIV,0.0202,2
MANH,MQ,0.0202,2
RPD,TYL,0.0201,4
CXAI,IVDA,0.02,3
SNPS,YOU,0.02,4
RBRK,TENB,0.02,2
NCNO,WEAV,0.02,2
NCNO,RBRK,0.0199,3
MDB,NTNX,0.0199,2
BILL,CDNS,0.0198,4
LAW,PCOR,0.0198,2
CCLD,SNAL,0.0198,2
SSTI,ZETA,0.0197,3
PDYN,SOUN,0.0197,3
SHOP,VEEV,0.0197,2
BSY,DDD,0.0196,3
BAND,DBX,0.0196,2
AVPT,VEEV,0.0196,3
NCNO,PDFS,0.0196,4
DT,FROG,0.0195,3
GDYN,RPD,0.0195,2
ASAN,ZDGE,0.0195,2
DT,SNPS,0.0194,4
AI,INTU,0.0194,5
GEN,VRNS,0.0194,2
MRDN,NTWK,0.0193,4
BILL,RCAT,0.0193,4
SVCO,TDC,0.0193,3
BAND,VEEV,0.0192,3
FRSH,VRNS,0.0192,4
MDB,TENB,0.0192,2
SSTI,WEAV,0.0192,2
BSY,SNOW,0.0191,5
SNPS,VRNS,0.0191,4
RBRK,SPT,0.0191,3
AVPT,MDB,0.0191,2
BBAI,MKTW,0.019,2
FROG,RBLX,0.019,4
IIIV,UPLD,0.0188,3
INTU,SPT,0.0188,2
BRZE,MDB,0.0187,3
AMPL,MDB,0.0187,2
ALRM,CXAI,0.0186,3
AMPL,SPT,0.0186,2
EXFY,MYPS,0.0185,4
BLZE,WEAV,0.0185,2
CERT,VRNS,0.0185,2
CXAI,UPLD,0.0184,2
CDNS,MBLY,0.0182,2
GTLB,NTNX,0.0182,2
SHOP,TTWO,0.0182,2
ACIW,FRSH,0.0181,4
AWRE,NTWK,0.0181,3
NCNO,VEEV,0.0181,5
FSLY,TTWO,0.018,2
BRZE,GTLB,0.018,2
PDFS,TENB,0.018,2
APPF,MYPS,0.0179,2
AISP,CCLD,0.0179,4
FRSH,MYPS,0.0178,2
RBRK,TTWO,0.0177,3
ESTC,TYL,0.0177,2
GDYN,LAW,0.0176,3
COUR,TTWO,0.0176,2
RPD,SNOW,0.0176,5
INTU,RBLX,0.0175,3
PDFS,VEEV,0.0175,5
MDB,SVCO,0.0175,2
FROG,NTNX,0.0174,2
DOCU,MQ,0.0174,3
MANH,PDFS,0.0174,4
ALRM,DDD,0.0173,4
MQ,MYPS,0.0172,3
MQ,RBRK,0.0172,2
APPN,FROG,0.0171,2
MQ,TTWO,0.0171,3
RBRK,RPD,0.0171,3
PDFS,SSTI,0.017,2
ASAN,SNOW,0.0169,3
HUBS,TTWO,0.0168,3
DOCU,PRGS,0.0168,3
INSE,MKTW,0.0168,2
FROG,MDB,0.0168,2
BAND,XYZ,0.0167,2
BL,PCOR,0.0167,2
AMPL,VEEV,0.0167,2
BAND,SAIL,0.0166,2
BAND,TTWO,0.0166,3
INTU,MYPS,0.0166,4
KVYO,SVCO,0.0166,4
BSY,ESTC,0.0166,3
DBX,VRNS,0.0165,2
DT,SNOW,0.0165,4
DOCU,SPT,0.0165,3
APPN,MQ,0.0165,2
MQ,VIA,0.0165,3
MSGM,UPLD,0.0164,2
MQ,NTNX,0.0164,2
TTWO,YOU,0.0163,4
ACIW,INTU,0.0163,2
CDNS,TENB,0.0163,2
ASAN,ESTC,0.0163,2
FSLY,TENB,0.0162,2
CERT,FROG,0.0161,2
PDFS,RDVT,0.016,4
BRZE,TENB,0.016,3
LAW,SPT,0.016,2
ASAN,EGAN,0.016,2
ADSK,GEN,0.0159,2
FRSH,QTWO,0.0158,3
RBRK,XYZ,0.0158,3
INTA,VEEV,0.0158,5
FRSH,NTNX,0.0157,2
BILL,CCLD,0.0156,3
DT,S,0.0155,2
ADSK,TYL,0.0155,2
AMPL,RBRK,0.0155,2
QTWO,VEEV,0.0153,3
PARA,SOUN,0.0153,2
GTLB,VEEV,0.0153,3
PCOR,WEAV,0.0152,2
ADSK,BOX,0.0152,2
ALRM,DT,0.0152,3
RBRK,YOU,0.0152,4
AI,PDYN,0.0152,3
MQ,TYL,0.0152,2
BILL,BL,0.0149,2
DUOL,SSTI,0.0148,4
ASAN,YOU,0.0148,2
AMPL,ASAN,0.0148,3
ESTC,SHOP,0.0148,2
NCNO,SHOP,0.0148,2
ASAN,SSTI,0.0147,3
DT,PDFS,0.0147,4
MDB,XPER,0.0147,2
CRNC,CXAI,0.0146,3
CDNS,CERT,0.0146,2
FNGR,INSE,0.0145,2
ALKT,CDNS,0.0145,3
LAW,TYL,0.0145,3
MQ,SSTI,0.0145,3
BILL,YOU,0.0145,2
BBAI,SOUN,0.0144,3
ASAN,BRZE,0.0144,2
MDB,MQ,0.0143,2
MQ,PRGS,0.0143,2
BB,INTU,0.0142,2
ADSK,NTNX,0.0142,3
CDNS,GDYN,0.0142,2
CCLD,EXFY,0.0142,4
ASAN,SPT,0.0142,3
FSLY,SOUN,0.0142,3
CERT,WEAV,0.014,2
TTWO,XPER,0.014,4
CXM,TTAN,0.014,2
TYL,YOU,0.014,3
AVPT,XPER,0.014,2
BAND,QTWO,0.0139,2
NTNX,TYL,0.0138,3
CERT,VEEV,0.0137,2
DT,ESTC,0.0137,2
ACIW,INSE,0.0137,2
AVPT,YOU,0.0137,2
DOCU,TYL,0.0137,2
INTA,MQ,0.0137,3
BB,TTWO,0.0136,2
RBLX,YOU,0.0136,2
CRNC,SAIL,0.0136,3
FSLY,PRCH,0.0136,3
IDN,LAW,0.0136,3
MANH,SOUN,0.0136,2
BILL,QTWO,0.0135,3
BILL,WEAV,0.0135,4
MQ,NCNO,0.0134,4
MQ,SHOP,0.0134,2
AMPL,APPN,0.0134,2
BBAI,IVDA,0.0133,2
KVYO,MYPS,0.0133,3
MDB,RBLX,0.0133,2
BAND,XPER,0.0132,3
COUR,VEEV,0.0131,3
INTA,VRNS,0.0131,4
MQ,XYZ,0.0131,2
ACIW,SNPS,0.013,3
MKTW,PDFS,0.013,3
DOCU,RBRK,0.013,2
APPN,ESTC,0.013,3
GXAI,SMSI,0.013,2
GTLB,XYZ,0.0129,3
BLZE,QUBT,0.0129,2
TENB,TYL,0.0129,2
AEYE,EXFY,0.0129,3
AI,SHOP,0.0129,2
GEN,SNPS,0.0128,2
ASAN,COUR,0.0128,3
SSTI,VEEV,0.0128,2
NTWK,SVCO,0.0128,2
CCLD,LAW,0.0127,3
LAW,VEEV,0.0127,3
SOUN,VEEV,0.0127,3
ALRM,BL,0.0126,2
BSY,DUOL,0.0126,2
NTWK,WFCF,0.0126,3
INTU,MBLY,0.0126,3
NTNX,TENB,0.0126,2
BLZE,PDFS,0.0126,3
IDAI,INSE,0.0126,2
CCLD,RBLX,0.0125,3
FROG,TYL,0.0125,2
EXFY,LAW,0.0125,2
AVPT,SPT,0.0124,2
DUOT,IDAI,0.0124,2
AEYE,RBLX,0.0123,3
AI,QUBT,0.0123,2
BAND,MDB,0.0122,3
NCNO,TTWO,0.0122,4
AVPT,VRNS,0.0122,3
FSLY,SVCO,0.0122,2
CDNS,DDD,0.0121,3
BAND,FRSH,0.0121,2
INTA,SNPS,0.0121,2
XPER,YOU,0.0121,2
ACIW,UPLD,0.012,3
PDFS,RBLX,0.012,3
EXFY,SNOW,0.012,2
FRSH,INTU,0.0119,2
CXAI,DDD,0.0119,2
MANH,SNOW,0.0119,3
ASAN,XPER,0.0119,3
RPD,SNPS,0.0118,2
GTLB,VRNS,0.0118,3
APPN,COUR,0.0118,2
CXAI,PRGS,0.0117,3
NTWK,PDYN,0.0117,3
INTU,RBRK,0.0117,3
PDYN,RCAT,0.0117,2
APPN,SHOP,0.0117,2
BAND,DT,0.0116,2
RBLX,ZETA,0.0116,3
BAND,BILL,0.0116,3
PXLW,ZDGE,0.0116,2
DH,DT,0.0116,2
IDN,SPT,0.0116,2
CCLD,VEEV,0.0115,3
DUOL,RBRK,0.0115,2
TTWO,WK,0.0114,2
FRSH,WEAV,0.0114,3
GDYN,VEEV,0.0114,3
PRGS,TTWO,0.0114,3
CERT,NCNO,0.0114,2
DOCU,INTA,0.0114,2
AMST,PARA,0.0114,2
EGAN,WEAV,0.0114,2
BILL,MQ,0.0113,2
SNOW,SNPS,0.0113,3
SNAL,ZDGE,0.0113,2
INTA,SHOP,0.0113,2
ACIW,DOCU,0.0112,2
ACIW,QTWO,0.0112,2
BL,BSY,0.0112,2
FRSH,XYZ,0.0112,2
CDNS,LAW,0.0112,2
CXAI,RPD,0.0112,3
APPN,NCNO,0.0112,3
AMPL,VIA,0.0112,2
FROG,SNOW,0.0111,3
SNOW,YOU,0.0111,3
UPLD,YOU,0.0111,3
SAIL,TTWO,0.011,2
ALRM,SNPS,0.011,3
ALRM,NCNO,0.011,3
DOCU,FRSH,0.011,3
NTNX,SPT,0.011,3
UPLD,ZDGE,0.0109,3
ASAN,WEAV,0.0109,3
CXM,PRGS,0.0109,2
ESTC,GTLB,0.0108,2
OKTA,SNPS,0.0107,2
BILL,COUR,0.0107,2
DBX,INTU,0.0107,2
ASAN,DBX,0.0107,2
BILL,FROG,0.0106,2
ADSK,BILL,0.0106,2
MKTW,UPLD,0.0106,3
DT,RBRK,0.0106,3
ALRM,PRCH,0.0105,2
IIIV,VEEV,0.0105,2
FROG,MANH,0.0105,2
BSY,MYPS,0.0104,3
APPN,MBLY,0.0104,2
FNGR,PDYN,0.0104,2
CDNS,FSLY,0.0103,2
IIIV,TDC,0.0103,2
ACIW,TTWO,0.0103,2
CCLD,UPLD,0.0103,3
KVYO,MDB,0.0103,2
AVPT,SSTI,0.0102,3
AMPL,FRSH,0.0101,2
PARA,VWAV,0.0101,2
EXFY,YOU,0.01,2
ALRM,BBAI,0.01,2
CCLD,TYL,0.01,2
FROG,RDVT,0.01,3
SSTI,YOU,0.01,2
LAW,MDB,0.01,2
CDNS,INSE,0.0099,3
AMPL,FROG,0.0099,2
CERT,DT,0.0099,2
AVPT,BILL,0.0099,2
APPN,SOUN,0.0099,2
DOCU,MYPS,0.0098,2
INTA,SNOW,0.0098,2
GDYN,SSTI,0.0097,2
CDNS,MQ,0.0097,3
DOCU,TENB,0.0097,2
MYPS,TTWO,0.0097,2
PARA,PRGS,0.0096,2
QLYS,TYL,0.0095,2
PRGS,SNOW,0.0095,2
PDFS,TYL,0.0095,2
MQ,VRNS,0.0095,2
CERT,YOU,0.0094,2
FRSH,MDB,0.0094,2
INSE,RBRK,0.0094,2
SVCO,VRNS,0.0094,2
ALRM,XYZ,0.0093,2
MANH,MBLY,0.0093,2
CDNS,RBLX,0.0093,2
RBRK,TYL,0.0093,2
SHOP,VRNS,0.0093,2
AISP,XPER,0.0093,2
DBX,DDD,0.0092,2
BRZE,SNOW,0.0092,2
FROG,RPD,0.0092,2
FNGR,PRGS,0.0092,2
CRNC,XYZ,0.0092,2
MQ,TDC,0.0092,2
ASAN,KLTR,0.0092,2
LAW,QTWO,0.0091,2
BRZE,RBRK,0.0091,2
AISP,AWRE,0.0091,2
APPN,MDB,0.009,2
ASAN,MYPS,0.009,2
INSE,RBLX,0.0089,2
BL,CXM,0.0089,2
PDFS,UPLD,0.0089,2
DT,SPT,0.0089,2
AVPT,XYZ,0.0089,2
AI,ESTC,0.0089,2
IDAI,XPER,0.0089,2
AISP,MDB,0.0088,2
ACIW,RBRK,0.0088,2
NTNX,RBRK,0.0088,2
AEYE,ASAN,0.0088,2
ESTC,MANH,0.0088,2
INTA,XYZ,0.0088,2
MDB,NCNO,0.0088,2
GTM,VEEV,0.0088,2
VRNS,ZETA,0.0087,2
ASAN,MBLY,0.0087,2
SNPS,XPER,0.0087,2
FRSH,PRGS,0.0087,2
AI,TTWO,0.0086,2
GDYN,VRNS,0.0086,2
BRZE,FRSH,0.0086,2
AISP,NTWK,0.0086,2
BAND,IIIV,0.0085,2
FSLY,SNOW,0.0085,2
AISP,BLZE,0.0085,2
GTLB,RBRK,0.0084,2
APPN,BLZE,0.0084,2
AI,CDNS,0.0083,2
SHOP,VIA,0.0083,2
CDNS,RBRK,0.0082,2
APPN,ZDGE,0.0082,2
INTA,MDB,0.0081,2
AVPT,TYL,0.0081,2
GTLB,INTU,0.008,2
GEN,LAW,0.0079,2
GDYN,RBLX,0.0078,2
PRCH,SPT,0.0078,2
ESTC,KVYO,0.0078,2
ALRM,TTWO,0.0077,2
SSTI,XYZ,0.0077,2
ACIW,LAW,0.0076,2
MBLY,NTNX,0.0076,2
MKTW,TDC,0.0076,2
MBLY,RPD,0.0076,2
FNGR,SNOW,0.0076,2
DOCU,GTLB,0.0076,2
NCNO,PRGS,0.0076,2
SVCO,XYZ,0.0076,2
ALRM,UPLD,0.0075,2
FRSH,OKTA,0.0075,2
CERT,INTU,0.0075,2
APPN,TTWO,0.0074,2
DT,MQ,0.0074,2
ALRM,FROG,0.0073,2
AI,BLZE,0.0073,2
VEEV,VIA,0.0073,2
BLZE,DUOL,0.0072,2
BAND,YOU,0.0072,2
NCNO,TYL,0.0072,2
BLKB,TYL,0.0071,2
CCLD,FRSH,0.0071,2
ASAN,DUOL,0.0071,2
GTLB,TENB,0.0071,2
SNPS,SPT,0.0071,2
ACIW,AVPT,0.0071,2
APPF,SSTI,0.007,2
FROG,IIIV,0.007,2
AISP,XYZ,0.007,2
AI,MBLY,0.007,2
BSY,CERT,0.007,2
NTNX,WEAV,0.007,2
APPN,EGAN,0.007,2
INTA,SPT,0.0069,2
KVYO,NAVN,0.0069,2
AI,BBAI,0.0068,2
FNGR,UPLD,0.0068,2
NTNX,TTAN,0.0068,2
ALRM,MQ,0.0068,2
PDFS,PRGS,0.0067,2
S,SNOW,0.0067,2
RPD,TENB,0.0067,2
DOCU,NCNO,0.0066,2
ESTC,SNPS,0.0066,2
FRSH,XPER,0.0066,2
APPN,EXFY,0.0066,2
ALRM,YOU,0.0065,2
CERT,SNPS,0.0065,2
DT,INTA,0.0065,2
MYPS,ZETA,0.0064,2
DOCU,ESTC,0.0064,2
SNOW,TENB,0.0064,2
ASAN,EXFY,0.0064,2
MDB,TDC,0.0064,2
ASAN,RCAT,0.0064,2
ADSK,PRGS,0.0063,2
AWRE,CCLD,0.0062,2
INSE,TTWO,0.0062,2
ALRM,BILL,0.0062,2
ACIW,SNOW,0.0062,2
NCNO,XYZ,0.0062,2
AMST,PDYN,0.0062,2
ESTC,MQ,0.0062,2
ACIW,BLKB,0.0061,2
ASAN,S,0.0061,2
MQ,RPD,0.0061,2
PRGS,SNPS,0.0061,2
RBRK,SOUN,0.0061,2
PRCH,RBLX,0.006,2
AISP,ZDGE,0.0059,2
