cik,ticker,name,year,fiscal_year_end,closing_reports_8k_2_01,agreement_reports_8k_1_01,closing_report_dates,consideration_transferred,consideration_in_equity,cash_paid_gross,goodwill_added,intangibles_acquired,acquisition_costs,divestiture_proceeds,has_verified_price_in_review_file
0000935036,ACIW,"ACI Worldwide, Inc.",2022,2022-12-31,,,,,,,,,,100139000,
0000935036,ACIW,"ACI Worldwide, Inc.",2023,2023-12-31,,1,,,,,,,,0,
0000935036,ACIW,"ACI Worldwide, Inc.",2024,2024-12-31,,1,,,,,,,,0,
0000935036,ACIW,"ACI Worldwide, Inc.",2025,2025-10-31,,1,,,,,5102000,,,,
0000796343,ADBE,Adobe Inc.,2022,2022-12-02,,2,,,,,161000000,,,,yes
0000796343,ADBE,Adobe Inc.,2023,,,3,,,,,,,,,yes
0000796343,ADBE,Adobe Inc.,2024,,,1,,,,,,,,,yes
0000796343,ADBE,Adobe Inc.,2025,2025-11-28,,1,,,,,14000000,,,,yes
0000769397,ADSK,Autodesk Inc,2022,2022-01-31,,,,,6000000,,936000000,,,,
0000769397,ADSK,Autodesk Inc,2023,2023-01-31,,,,,10000000,,85000000,,,,
0000769397,ADSK,Autodesk Inc,2024,2024-01-31,,,,,0,,25000000,,,,
0000769397,ADSK,Autodesk Inc,2025,2025-01-31,,3,,,0,,619000000,,,,
0000769397,ADSK,Autodesk Inc,2026,2026-01-31,,3,,,,,0,,,,
0001362190,AEYE,"AudioEye, Inc. Common Stock",2022,2022-12-31,,1,,,,,,578000,247000,,
0001362190,AEYE,"AudioEye, Inc. Common Stock",2023,,,1,,,,,,,,,
0001362190,AEYE,"AudioEye, Inc. Common Stock",2024,2024-12-31,,4,,,,,2660000,,,,
0001362190,AEYE,"AudioEye, Inc. Common Stock",2025,,,1,,,,,,,,,
0001362190,AEYE,"AudioEye, Inc. Common Stock",2026,,,1,,,,,,,,,
0001577526,AI,"C3.ai, Inc.",2023,,,1,,,,,,,,,
0000803578,AIFF,"Firefly Neuroscience, Inc. Common Stock",2022,2022-12-31,1,2,2022-02-23,,,,0,,,,yes
0000803578,AIFF,"Firefly Neuroscience, Inc. Common Stock",2023,,1,4,2023-03-21,,,,,,,,yes
0000803578,AIFF,"Firefly Neuroscience, Inc. Common Stock",2024,,1,6,2024-08-12,,,,,,,,yes
0000803578,AIFF,"Firefly Neuroscience, Inc. Common Stock",2025,,,4,,,,,,,,,yes
0000803578,AIFF,"Firefly Neuroscience, Inc. Common Stock",2026,,,4,,,,,,,,,yes
0001842566,AISP,"Airship AI Holdings, Inc. Class A Common Stock",2023,,1,8,2023-12-28,,,,,,,,yes
0001842566,AISP,"Airship AI Holdings, Inc. Class A Common Stock",2024,,,4,,,,,,,,,yes
0001842566,AISP,"Airship AI Holdings, Inc. Class A Common Stock",2025,,,2,,,,,,,,,yes
0001529274,ALKT,"Alkami Technology, Inc. Common Stock",2022,2022-12-31,1,2,2022-04-25,,,,,,-12529000,,yes
0001529274,ALKT,"Alkami Technology, Inc. Common Stock",2023,2023-12-31,,3,,,,,,,263000,,yes
0001529274,ALKT,"Alkami Technology, Inc. Common Stock",2024,2024-12-31,,2,,,,,,,195000,,yes
0001529274,ALKT,"Alkami Technology, Inc. Common Stock",2025,2025-03-17,1,2,2025-03-17,,821000,,,,3463000,,yes
0001529274,ALKT,"Alkami Technology, Inc. Common Stock",2026,,,1,,,,,,,,,yes
0001459200,ALRM,"Alarm.com Holdings, Inc.",2022,2022-12-31,,,,,,,37907000,,,,
0001459200,ALRM,"Alarm.com Holdings, Inc.",2023,2023-12-31,,,,,,,7200000,,,,
0001459200,ALRM,"Alarm.com Holdings, Inc.",2024,,,1,,,,,,,,,
0001459200,ALRM,"Alarm.com Holdings, Inc.",2025,2025-12-31,,,,,,,71735000,,,,
0001866692,AMPL,"Amplitude, Inc. Class A Common Stock",2025,,,1,,,,,,,,,
0001807166,AMST,Amesite Inc.,2022,,,4,,,,,,,,,
0001807166,AMST,Amesite Inc.,2023,,,1,,,,,,,,,
0001807166,AMST,Amesite Inc.,2025,,,1,,,,,,,,,
0001807166,AMST,Amesite Inc.,2026,,,2,,,,,,,,,
0001433195,APPF,"AppFolio, Inc. Class A",2024,2024-12-31,,1,,,,,40350000,,,,
0001433195,APPF,"AppFolio, Inc. Class A",2025,,,1,,,,,,,,,
0001441683,APPN,Appian Corporation Class A Common Stock,2022,2022-12-31,,1,,,,,0,,,,
0001441683,APPN,Appian Corporation Class A Common Stock,2023,,,1,,,,,,,,,
0001477720,ASAN,"Asana, Inc. Class A Common Stock",2022,,,2,,,,,,,,,
0002026353,ATHR,"Aether Holdings, Inc. Common Stock",2025,,1,2,2025-12-22,,,,,,,,
0002026353,ATHR,"Aether Holdings, Inc. Common Stock",2026,,1,4,2026-08-11,,,,,,,,
0001534154,AUID,authID Inc. Common Stock,2022,,,1,,,,,,,,,
0001534154,AUID,authID Inc. Common Stock,2023,,,6,,,,,,,,,
0001534154,AUID,authID Inc. Common Stock,2024,,,1,,,,,,,,,
0001534154,AUID,authID Inc. Common Stock,2025,,,3,,,,,,,,,
0001534154,AUID,authID Inc. Common Stock,2026,,,2,,,,,,,,,
0001777921,AVPT,"AvePoint, Inc. Class A Common Stock",2022,2022-12-31,,,,,,,19167000,,,,
0001777921,AVPT,"AvePoint, Inc. Class A Common Stock",2023,2023-12-31,,1,,,,,0,,,,
0001777921,AVPT,"AvePoint, Inc. Class A Common Stock",2024,2024-12-31,,,,,,,0,,,,
0001777921,AVPT,"AvePoint, Inc. Class A Common Stock",2025,2025-12-31,,,,,,,17195000,,,,
0001015739,AWRE,Aware Inc,2022,,1,2,2022-07-06,,,,,,,,
0001015739,AWRE,Aware Inc,2024,,,1,,,,,,,,,
0001015739,AWRE,Aware Inc,2025,,,3,,,,,,,,,
0001015739,AWRE,Aware Inc,2026,,,1,,,,,,,,,
0001514416,BAND,Bandwidth Inc. Class A Common Stock,2022,2022-12-31,,1,,,,,,,,1558000,
0001514416,BAND,Bandwidth Inc. Class A Common Stock,2023,2023-12-31,,1,,,,,,,,1253000,
0001514416,BAND,Bandwidth Inc. Class A Common Stock,2024,2024-12-31,,2,,,,,,,,779000,
0001514416,BAND,Bandwidth Inc. Class A Common Stock,2025,2025-12-31,,,,,,,,,,361000,
0001514416,BAND,Bandwidth Inc. Class A Common Stock,2026,,,2,,,,,,,,,
0001070235,BB,BlackBerry Limited,2022,,,1,,,,,,,,,
0001070235,BB,BlackBerry Limited,2023,,1,2,2023-05-11,,,,,,,,
0001070235,BB,BlackBerry Limited,2024,,,2,,,,,,,,,
0001070235,BB,BlackBerry Limited,2025,,1,,2025-02-03,,,,,,,,
0001836981,BBAI,"BigBear.ai Holdings, Inc.",2022,2022-12-31,,,,,7501000,,,,2605000,,yes
0001836981,BBAI,"BigBear.ai Holdings, Inc.",2023,2023-12-31,,3,,,0,,,,2721000,,yes
0001836981,BBAI,"BigBear.ai Holdings, Inc.",2024,2024-12-31,1,5,2024-03-01,,210751000,,,,1450000,,yes
0001836981,BBAI,"BigBear.ai Holdings, Inc.",2025,2025-12-31,,2,,,0,,,,2082000,,yes
0001786352,BILL,"BILL Holdings, Inc.",2022,2022-06-30,,1,,,488494000,,585448000,,,,
0001786352,BILL,"BILL Holdings, Inc.",2023,2023-06-30,,,,,3375000,,33441000,,,,
0001786352,BILL,"BILL Holdings, Inc.",2024,2024-06-30,,1,,,0,,0,,,,
0001786352,BILL,"BILL Holdings, Inc.",2025,,,2,,,,,,,,,
0001019034,BKYI,"BIO-key International, Inc. Common Stock",2022,2022-12-31,1,3,2022-03-09,,,623578,1258087,,,,
0001019034,BKYI,"BIO-key International, Inc. Common Stock",2023,2023-12-31,,3,,,,0,0,,,,
0001019034,BKYI,"BIO-key International, Inc. Common Stock",2024,,,3,,,,,,,,,
0001019034,BKYI,"BIO-key International, Inc. Common Stock",2025,,,3,,,,,,,,,
0001019034,BKYI,"BIO-key International, Inc. Common Stock",2026,,,2,,,,,,,,,
0001666134,BL,"BlackLine, Inc. Common Stock",2022,2022-12-31,,,,,,,154151000,,,,
0001666134,BL,"BlackLine, Inc. Common Stock",2023,2023-12-31,,,,,,,5104000,,,,
0001666134,BL,"BlackLine, Inc. Common Stock",2024,2024-12-31,,1,,,,,0,,,,
0001666134,BL,"BlackLine, Inc. Common Stock",2025,2025-12-31,,1,,,,,16839000,,,,
0001666134,BL,"BlackLine, Inc. Common Stock",2026,,,1,,,,,,,,,
0001378590,BLIN,Bridgeline Digital Inc.,2022,2022-09-30,,2,,,,,0,,200000,,
0001378590,BLIN,Bridgeline Digital Inc.,2023,2023-09-30,,,,,,,,,100000,,
0001378590,BLIN,Bridgeline Digital Inc.,2024,2024-09-30,,,,,,,,,200000,,
0001378590,BLIN,Bridgeline Digital Inc.,2025,2025-09-30,,2,,,,,,,200000,,
0001378590,BLIN,Bridgeline Digital Inc.,2026,,,1,,,,,,,,,
0001280058,BLKB,"Blackbaud, Inc.",2022,2022-09-09,1,3,2022-01-03,,,,,,,6426000,
0001280058,BLKB,"Blackbaud, Inc.",2023,2023-12-31,,1,,,,,,,,0,
0001280058,BLKB,"Blackbaud, Inc.",2024,2024-12-31,,2,,,,,,,,-1179000,
0001462056,BLZE,"Backblaze, Inc. Class A Common Stock",2022,,,1,,,,,,,,,
0001462056,BLZE,"Backblaze, Inc. Class A Common Stock",2024,,,1,,,,,,,,,
0001462056,BLZE,"Backblaze, Inc. Class A Common Stock",2025,,,2,,,,,,,,,
0001462056,BLZE,"Backblaze, Inc. Class A Common Stock",2026,,,3,,,,,,,,,
0001372612,BOX,"BOX, INC.",2023,,,1,,,,,,,,,
0001372612,BOX,"BOX, INC.",2024,,,2,,,,,,,,,
0001676238,BRZE,"Braze, Inc. Class A Common Stock",2022,,,1,,,,,,,,,
0001676238,BRZE,"Braze, Inc. Class A Common Stock",2024,2024-01-31,,,,,,,28448000,,,,
0001676238,BRZE,"Braze, Inc. Class A Common Stock",2025,2025-01-31,,,,,,,0,,,,
0001676238,BRZE,"Braze, Inc. Class A Common Stock",2026,2026-01-31,,,,,,,233409000,,,,
0001031308,BSY,"Bentley Systems, Incorporated Class B Common Stock",2022,2022-12-31,,1,,,,,658806000,,,,
0001031308,BSY,"Bentley Systems, Incorporated Class B Common Stock",2023,2023-12-31,,1,,,,,19934000,,,,
0001031308,BSY,"Bentley Systems, Incorporated Class B Common Stock",2024,2024-12-31,,1,,,,,120214000,,,,
0001031308,BSY,"Bentley Systems, Incorporated Class B Common Stock",2025,2025-12-31,,,,,,,69232000,,,,
0001031308,BSY,"Bentley Systems, Incorporated Class B Common Stock",2026,,,1,,,,,,,,,
0001818201,CCC,CCC Intelligent Solutions Holdings Inc. Common Stock,2022,2022-12-31,,,,32500000,,32300000,28245000,,,,
0001818201,CCC,CCC Intelligent Solutions Holdings Inc. Common Stock,2024,2024-12-31,,2,,,,,,,8700000,,
0001818201,CCC,CCC Intelligent Solutions Holdings Inc. Common Stock,2025,,,3,,,,,,,,,
0001582982,CCLD,"CareCloud, Inc. Common Stock",2022,,,3,,,,,,,,,
0001582982,CCLD,"CareCloud, Inc. Common Stock",2023,,,2,,,,,,,,,
0001582982,CCLD,"CareCloud, Inc. Common Stock",2024,,,1,,,,,,,,,
0001582982,CCLD,"CareCloud, Inc. Common Stock",2025,2025-12-31,1,2,2025-08-25,,,16508000,12256000,,,,
0001582982,CCLD,"CareCloud, Inc. Common Stock",2026,,,3,,,,,,,,,
0001866633,CCSI,"Consensus Cloud Solutions, Inc. Common Stock",2022,2022-12-31,,,,,,,5677000,,,0,
0001866633,CCSI,"Consensus Cloud Solutions, Inc. Common Stock",2023,2023-12-31,,,,,,,,,,0,
0001866633,CCSI,"Consensus Cloud Solutions, Inc. Common Stock",2025,,,1,,,,,,,,,
0000813672,CDNS,Cadence Design Systems,2022,2022-01-01,,1,,,,,456323000,,10100000,,
0000813672,CDNS,Cadence Design Systems,2023,2023-12-31,,,,,,,160083000,,12100000,,
0000813672,CDNS,Cadence Design Systems,2024,2024-12-31,,5,,,,,889585000,,14600000,,
0000813672,CDNS,Cadence Design Systems,2025,2025-12-31,,2,,,,,249712000,,30500000,,
0001827090,CERT,"Certara, Inc. Common Stock",2022,2022-12-31,,1,,,,,19451000,,,,
0001827090,CERT,"Certara, Inc. Common Stock",2023,2023-12-31,,,,,,,43223000,,,,
0001827090,CERT,"Certara, Inc. Common Stock",2024,2024-12-31,,1,,,,,46483000,,,,
0001827090,CERT,"Certara, Inc. Common Stock",2025,2025-12-31,,2,,,,,2947000,,,,
0001827090,CERT,"Certara, Inc. Common Stock",2026,,,1,,,,,,,,,
0001626450,CMRC,"Commerce.com, Inc. Series 1 Common Stock",2022,2022-12-31,,,,,,696000,7317000,,35216000,,
0001626450,CMRC,"Commerce.com, Inc. Series 1 Common Stock",2023,2023-12-31,,,,,,7891000,2337000,,10252000,,
0001626450,CMRC,"Commerce.com, Inc. Series 1 Common Stock",2024,2024-12-31,,2,,,,100000,,,1334000,,
0001626450,CMRC,"Commerce.com, Inc. Series 1 Common Stock",2025,2025-12-31,,1,,,,0,,,444000,,
0001626450,CMRC,"Commerce.com, Inc. Series 1 Common Stock",2026,,,1,,,,,,,,,
0001651562,COUR,"Coursera, Inc.",2025,,,1,,,,,,,,,yes
0001651562,COUR,"Coursera, Inc.",2026,,1,,2026-05-11,,,,,,,,yes
0001108524,CRM,"Salesforce, Inc.",2024,,,1,,,,,,,,,
0001108524,CRM,"Salesforce, Inc.",2025,,,2,,,,,,,,,
0001108524,CRM,"Salesforce, Inc.",2026,,,2,,,,,,,,,
0001768267,CRNC,Cerence Inc. Common Stock,2023,,,1,,,,,,,,,
0001768267,CRNC,Cerence Inc. Common Stock,2024,,,1,,,,,,,,,
0001535527,CRWD,"CrowdStrike Holdings, Inc. Class A Common Stock",2022,2022-01-31,,,,,,,334294000,,,,
0001535527,CRWD,"CrowdStrike Holdings, Inc. Class A Common Stock",2026,2026-01-31,,,,,,,443040000,,,,
0001769628,CRWV,"CoreWeave, Inc. Class A Common Stock",2024,2024-12-31,,,,,,,20000000,,,,
0001769628,CRWV,"CoreWeave, Inc. Class A Common Stock",2025,2025-12-31,,10,,,,,1081000000,,,,
0001769628,CRWV,"CoreWeave, Inc. Class A Common Stock",2026,,,8,,,,,,,,,
0001169561,CVLT,"Commault Systems, Inc.",2023,,,1,,,,,,,,,
0001169561,CVLT,"Commault Systems, Inc.",2024,2024-03-31,,1,,,,,0,,,,
0001169561,CVLT,"Commault Systems, Inc.",2025,2025-03-31,,2,,,,,57475000,,,,
0001169561,CVLT,"Commault Systems, Inc.",2026,2026-03-31,,,,,,,24067000,,,,
0001820875,CXAI,CXApp Inc. Class A Common Stock,2022,,,3,,,,,,,,,
0001820875,CXAI,CXApp Inc. Class A Common Stock,2023,,2,3,2023-03-15; 2023-03-20,,,,,,,,
0001820875,CXAI,CXApp Inc. Class A Common Stock,2025,,,3,,,,,,,,,
0001820875,CXAI,CXApp Inc. Class A Common Stock,2026,,2,1,2026-06-03; 2026-08-19,,,,,,,,
0001569345,CXM,"Sprinklr, Inc.",2022,2022-01-31,,,,,,,3023000,,,,
0001569345,CXM,"Sprinklr, Inc.",2023,2023-01-31,,1,,,,,0,,,,
0002032341,CYAB,"Cyabra, Inc. Common Stock",2026,,1,2,2026-03-31,,,,,,,,
0001467623,DBX,"Dropbox, Inc. Class A",2023,,,1,,,,,,,,,
0001467623,DBX,"Dropbox, Inc. Class A",2024,2024-12-31,,1,,,,,40900000,,,,
0001467623,DBX,"Dropbox, Inc. Class A",2025,2025-12-31,,1,,,,,7800000,,,,
0001467623,DBX,"Dropbox, Inc. Class A",2026,,,1,,,,,,,,,
0000910638,DDD,3D Systems Corporation,2022,2022-12-31,,,,,,,,,,325000,yes
0000910638,DDD,3D Systems Corporation,2023,2023-12-31,,1,,,,,8391000,,,194000,yes
0000910638,DDD,3D Systems Corporation,2024,2024-12-31,,1,,,,,,,,96000,yes
0000910638,DDD,3D Systems Corporation,2025,2025-12-31,1,3,2025-04-07,,,,,,,122681000,yes
0000910638,DDD,3D Systems Corporation,2026,,,1,,,,,,,,,yes
0001561550,DDOG,"Datadog, Inc. Class A Common Stock",2022,2022-12-31,,,,,,,56553000,,,,
0001561550,DDOG,"Datadog, Inc. Class A Common Stock",2023,2023-12-31,,,,,,,3540000,,,,
0001561550,DDOG,"Datadog, Inc. Class A Common Stock",2024,2024-12-31,,1,,,,,10210000,,,,
0001561550,DDOG,"Datadog, Inc. Class A Common Stock",2025,2025-12-31,,,,,,,163102000,,,,
0001861795,DH,Definitive Healthcare Corp. Class A Common Stock,2022,2022-02-18,,,,,,65000000,61658000,,,,
0001861795,DH,Definitive Healthcare Corp. Class A Common Stock,2023,2023-12-31,,,,,,,37747000,,,,
0001861795,DH,Definitive Healthcare Corp. Class A Common Stock,2024,2024-12-31,,,,,,,7057000,,,,
0001861795,DH,Definitive Healthcare Corp. Class A Common Stock,2025,2025-12-31,,1,,,,,0,,,,
0001261333,DOCU,"DocuSign, Inc. Common Stock",2025,,,1,,,,,,,,,
0001773383,DT,"Dynatrace, Inc.",2022,2022-03-31,1,1,2022-11-02,,,,10965000,,,,
0001773383,DT,"Dynatrace, Inc.",2023,,,2,,,,,,,,,
0001773383,DT,"Dynatrace, Inc.",2024,2024-03-31,,,,,,,52613000,,,,
0001773383,DT,"Dynatrace, Inc.",2026,2026-03-31,,2,,,,,5961000,,,,
0001562088,DUOL,"Duolingo, Inc. Class A Common Stock",2022,2022-12-31,,,,,,,4050000,,,,
0001562088,DUOL,"Duolingo, Inc. Class A Common Stock",2023,,,1,,,,,,,,,
0001562088,DUOL,"Duolingo, Inc. Class A Common Stock",2024,2024-12-31,,1,,,,,6488000,,,,
0001562088,DUOL,"Duolingo, Inc. Class A Common Stock",2025,2025-12-31,,,,,,,24797000,,,,
0001396536,DUOT,"Duos Technologies Group, Inc. Common Stock",2022,,,4,,,,,,,,,
0001396536,DUOT,"Duos Technologies Group, Inc. Common Stock",2023,,,2,,,,,,,,,
0001396536,DUOT,"Duos Technologies Group, Inc. Common Stock",2024,,,6,,,,,,,,,
0001396536,DUOT,"Duos Technologies Group, Inc. Common Stock",2025,,,5,,,,,,,,,
0001396536,DUOT,"Duos Technologies Group, Inc. Common Stock",2026,,1,5,2026-08-11,,,,,,,,
0001066194,EGAN,eGain Corporation,2025,,,1,,,,,,,,,
0001707753,ESTC,Elastic N.V.,2022,2022-04-30,,,,,,,105428000,,,,
0001707753,ESTC,Elastic N.V.,2024,2024-04-30,,,,,,,15854000,,,,
0001707753,ESTC,Elastic N.V.,2026,2026-04-30,,,,,,,36916000,,,,
0001853145,EVCM,EverCommerce Inc. Common Stock,2023,2023-12-31,,,,,,,12497000,,,,
0001853145,EVCM,EverCommerce Inc. Common Stock,2024,,,1,,,,,,,,,
0001853145,EVCM,EverCommerce Inc. Common Stock,2025,2025-12-31,,2,,,,,29118000,,,,
0001476840,EXFY,"Expensify, Inc. Class A Common Stock",2024,,,1,,,,,,,,,
0001476840,EXFY,"Expensify, Inc. Class A Common Stock",2025,,,1,,,,,,,,,
0001960355,EXYN,"Exyn Technologies, Inc. Common Stock",2026,,,2,,,,,,,,,
0001993400,FATN,"FatPipe, Inc. Common Stock",2025,,,1,,,,,,,,,
0001993400,FATN,"FatPipe, Inc. Common Stock",2026,,,1,,,,,,,,,
0001579878,FIG,"Figma, Inc.",2023,2023-12-31,,,,,12847000,,,,,,
0001579878,FIG,"Figma, Inc.",2024,2024-12-31,,,,,0,,0,,,,
0001579878,FIG,"Figma, Inc.",2025,2025-12-31,,,,,32653000,,89998000,,,,
0001602409,FNGR,"FingerMotion, Inc. Common Stock",2022,,,1,,,,,,,,,
0001602409,FNGR,"FingerMotion, Inc. Common Stock",2023,,,1,,,,,,,,,
0001602409,FNGR,"FingerMotion, Inc. Common Stock",2024,,,2,,,,,,,,,
0001602409,FNGR,"FingerMotion, Inc. Common Stock",2025,,1,2,2025-10-06,,,,,,,,
0001602409,FNGR,"FingerMotion, Inc. Common Stock",2026,,,6,,,,,,,,,
0001800667,FROG,JFrog Ltd. Ordinary Shares,2022,2022-12-31,,,,,0,,,,,,
0001800667,FROG,JFrog Ltd. Ordinary Shares,2023,2023-12-31,,,,,0,,,,,,
0001800667,FROG,JFrog Ltd. Ordinary Shares,2024,2024-12-31,,,,,13420000,,123557000,,,,
0001800667,FROG,JFrog Ltd. Ordinary Shares,2025,2025-12-31,,,,,0,,,,,,
0001544522,FRSH,Freshworks Inc. Class A Common Stock,2023,2023-12-31,,,,,,,0,,,,
0001544522,FRSH,Freshworks Inc. Class A Common Stock,2024,2024-12-31,,1,,,,,140833000,,,,
0001517413,FSLY,"Fastly, Inc. Class A Common Stock",2022,2022-12-31,,,,,,,33419000,,,,
0001517413,FSLY,"Fastly, Inc. Class A Common Stock",2023,2023-12-31,,,,,,,0,,,,
0001517413,FSLY,"Fastly, Inc. Class A Common Stock",2024,,,1,,,,,,,,,
0001517413,FSLY,"Fastly, Inc. Class A Common Stock",2025,,,2,,,,,,,,,
0001517413,FSLY,"Fastly, Inc. Class A Common Stock",2026,,,1,,,,,,,,,
0001743725,GDYN,"Grid Dynamics Holdings, Inc. Class A Common Stock",2022,,,2,,,,,,,,,
0001743725,GDYN,"Grid Dynamics Holdings, Inc. Class A Common Stock",2024,,,1,,,,,,,,,
0001743725,GDYN,"Grid Dynamics Holdings, Inc. Class A Common Stock",2025,,,3,,,,,,,,,
0001831096,GEG,"Great Elm Group, Inc. Common Stock",2022,2022-06-30,1,2,2022-05-05,,,,1927000,,1081000,,
0001831096,GEG,"Great Elm Group, Inc. Common Stock",2023,2023-01-03,1,1,2023-01-03,,2000000,,,,,64093000,
0001831096,GEG,"Great Elm Group, Inc. Common Stock",2024,,,1,,,,,,,,,
0001831096,GEG,"Great Elm Group, Inc. Common Stock",2025,,,2,,,,,,,,,
0000849399,GEN,Gen Digital Inc. Common Stock,2022,2022-04-01,1,3,2022-09-12,,,,25000000,,,,yes
0000849399,GEN,Gen Digital Inc. Common Stock,2023,2023-03-31,,,,,,,7265000000,,,,yes
0000849399,GEN,Gen Digital Inc. Common Stock,2024,,,2,,,,,,,,,yes
0000849399,GEN,Gen Digital Inc. Common Stock,2025,2025-03-28,1,2,2025-04-17,,,,52000000,,,,yes
0000849399,GEN,Gen Digital Inc. Common Stock,2026,2026-04-03,,1,,,,,731000000,,,,yes
0001653482,GTLB,GitLab Inc. Class A Common Stock,2022,2022-01-31,,,,,,,8145000,,,,
0001653482,GTLB,GitLab Inc. Class A Common Stock,2025,2025-01-31,,1,,,,,8055000,,,,
0001794515,GTM,ZoomInfo Technologies Inc Common Stock,2022,2022-12-31,,,,,,,119400000,,,,
0001794515,GTM,ZoomInfo Technologies Inc Common Stock,2023,,,2,,,,,,,,,
0001794515,GTM,ZoomInfo Technologies Inc Common Stock,2024,,,1,,,,,,,,,
0001794515,GTM,ZoomInfo Technologies Inc Common Stock,2026,,,1,,,,,,,,,
0001528396,GWRE,"GUIDEWIRE SOFTWARE, INC.",2022,2022-07-31,,,,,,,31315000,,,,
0001528396,GWRE,"GUIDEWIRE SOFTWARE, INC.",2023,,,1,,,,,,,,,
0001528396,GWRE,"GUIDEWIRE SOFTWARE, INC.",2024,,,2,,,,,,,,,
0001528396,GWRE,"GUIDEWIRE SOFTWARE, INC.",2025,2025-07-31,,,,,,,21425000,,,,
0001528396,GWRE,"GUIDEWIRE SOFTWARE, INC.",2026,2026-07-31,,,,,,,30071000,,,,
0001895618,GXAI,Gaxos.ai Inc. Common Stock,2024,,,5,,,,,,,,,
0001895618,GXAI,Gaxos.ai Inc. Common Stock,2026,,1,3,2026-06-25,,,,,,,,
0001404655,HUBS,"HUBSPOT, INC.",2023,2023-12-31,,,,,,,127094000,,,,
0001404655,HUBS,"HUBSPOT, INC.",2024,2024-12-31,,,,,,,36383000,,,,
0001404655,HUBS,"HUBSPOT, INC.",2025,2025-12-31,,,,,,,80138000,,,,
0001718939,IDAI,T Stamp Inc. Class A Common Stock,2022,,,3,,,,,,,,,
0001718939,IDAI,T Stamp Inc. Class A Common Stock,2023,,,4,,,,,,,,,
0001718939,IDAI,T Stamp Inc. Class A Common Stock,2024,,,7,,,,,,,,,
0001718939,IDAI,T Stamp Inc. Class A Common Stock,2025,,,4,,,,,,,,,
0001718939,IDAI,T Stamp Inc. Class A Common Stock,2026,,2,3,2026-03-05; 2026-03-12,,,,,,,,
0001728688,IIIV,"i3 Verticals, Inc. Class A Common Stock",2022,,,1,,,,,,,,,
0001728688,IIIV,"i3 Verticals, Inc. Class A Common Stock",2023,,,1,,,,,,,,,
0001728688,IIIV,"i3 Verticals, Inc. Class A Common Stock",2024,,1,1,2024-09-23,,,,,,,,
0001728688,IIIV,"i3 Verticals, Inc. Class A Common Stock",2025,,,1,,,,,,,,,
0001081745,INLX,"Intellinetics, Inc.",2022,2022-04-01,2,3,2022-04-05; 2022-06-15,,,6383269,,3888000,355281,,
0001081745,INLX,"Intellinetics, Inc.",2024,,,1,,,,,,,,,
0001081745,INLX,"Intellinetics, Inc.",2025,,,2,,,,,,,,,
0001081745,INLX,"Intellinetics, Inc.",2026,,,1,,,,,,,,,
0001615063,INSE,"Inspired Entertainment, Inc.",2025,,,1,,,,,,,,,
0001565687,INTA,"Intapp, Inc. Common Stock",2022,2022-06-30,,,,,0,2500000,7974000,,,,
0001565687,INTA,"Intapp, Inc. Common Stock",2023,2023-06-30,,,,,1035000,6604000,8669000,,,,
0001565687,INTA,"Intapp, Inc. Common Stock",2024,2024-06-30,,,,,0,,7072000,,,,
0001565687,INTA,"Intapp, Inc. Common Stock",2025,2025-06-30,,,,,384000,,39586000,,,,
0001565687,INTA,"Intapp, Inc. Common Stock",2026,2026-06-30,,2,,,0,,,,,,
0000896878,INTU,Intuit Inc,2022,,,1,,,,,,,,,
0000896878,INTU,Intuit Inc,2023,,,1,,,,,,,,,
0000896878,INTU,Intuit Inc,2025,,,1,,,,,,,,,
0000896878,INTU,Intuit Inc,2026,,,2,,,,,,,,,
0001397183,IVDA,"Iveda Solutions, Inc. Common Stock",2022,,,2,,,,,,,,,
0001397183,IVDA,"Iveda Solutions, Inc. Common Stock",2024,,,1,,,,,,,,,
0001397183,IVDA,"Iveda Solutions, Inc. Common Stock",2025,,,1,,,,,,,,,
0001397183,IVDA,"Iveda Solutions, Inc. Common Stock",2026,,,1,,,,,,,,,
0001432133,KLTR,"Kaltura, Inc. Common Stock",2022,2022-12-31,,1,,,0,,,,,,
0001432133,KLTR,"Kaltura, Inc. Common Stock",2023,,,1,,,,,,,,,
0001432133,KLTR,"Kaltura, Inc. Common Stock",2025,2025-12-31,,,,,,,14348000,,,,
0001835830,KVYO,"Klaviyo, Inc.",2022,2022-12-31,,,,,,500000,,,,,
0001835830,KVYO,"Klaviyo, Inc.",2023,2023-12-31,,,,,,0,,,,,
0001835830,KVYO,"Klaviyo, Inc.",2024,2024-12-31,,,,,,0,,,,,
0001835830,KVYO,"Klaviyo, Inc.",2025,2025-12-31,,2,,,,2031000,,,,,
0001625641,LAW,"CS Disco, Inc.",2022,2022-12-31,,1,,,,,5900000,,,,
0001625641,LAW,"CS Disco, Inc.",2023,2023-12-31,,,,,,,5900000,,,,
0001673481,LTRYW,Sports Entertainment Gaming Global Corporation Warrants,2022,,,2,,,,,,,,,
0001673481,LTRYW,Sports Entertainment Gaming Global Corporation Warrants,2023,,,4,,,,,,,,,
0001673481,LTRYW,Sports Entertainment Gaming Global Corporation Warrants,2024,2024-09-01,,4,,,,,,234000,,,
0001673481,LTRYW,Sports Entertainment Gaming Global Corporation Warrants,2025,,,11,,,,,,,,,
0001673481,LTRYW,Sports Entertainment Gaming Global Corporation Warrants,2026,,,7,,,,,,,,,
0001910139,MBLY,Mobileye Global Inc. Class A Common Stock,2025,,,2,,,,,,,,,
0001910139,MBLY,Mobileye Global Inc. Class A Common Stock,2026,,,2,,,,,,,,,
0001224133,MCHX,"Marchex, Inc. Class B",2022,,,4,,,,,,,,,
0001224133,MCHX,"Marchex, Inc. Class B",2023,,,4,,,,,,,,,
0001224133,MCHX,"Marchex, Inc. Class B",2024,,,4,,,,,,,,,
0001224133,MCHX,"Marchex, Inc. Class B",2025,,,6,,,,,,,,,
0001224133,MCHX,"Marchex, Inc. Class B",2026,,1,6,2026-07-01,,,,,,,,
0001441816,MDB,"MongoDB, Inc. Class A",2022,2022-01-31,,,,,,,1945000,,,,
0001441816,MDB,"MongoDB, Inc. Class A",2023,2023-01-31,,,,,,,4000,,,,
0001441816,MDB,"MongoDB, Inc. Class A",2024,2024-01-31,,,,,,,11900000,,,,
0001441816,MDB,"MongoDB, Inc. Class A",2025,2025-01-31,,,,,,,0,,,,
0001441816,MDB,"MongoDB, Inc. Class A",2026,2026-01-31,,,,,,,121718000,,,,
0001805651,MKTW,"MarketWise, Inc. Class A Common Stock",2022,2022-12-31,,1,,,,,8019000,,,,
0001805651,MKTW,"MarketWise, Inc. Class A Common Stock",2023,2023-12-31,,3,,,,,85000,,,,
0001805651,MKTW,"MarketWise, Inc. Class A Common Stock",2025,,,1,,,,,,,,,
0001805651,MKTW,"MarketWise, Inc. Class A Common Stock",2026,,,1,,,,,,,,,
0001522540,MQ,"Marqeta, Inc. Class A Common Stock",2023,2023-12-31,,3,,,,,123000000,,,,
0001522540,MQ,"Marqeta, Inc. Class A Common Stock",2025,2025-12-31,,,,,,,29914000,,4000000,,
0001437925,MRDN,Meridian Holdings Inc. Common Stock,2022,,1,3,2022-12-05,,,,,,,,
0001437925,MRDN,Meridian Holdings Inc. Common Stock,2023,,,3,,,,,,,,,
0001437925,MRDN,Meridian Holdings Inc. Common Stock,2024,2024-12-31,2,10,2024-04-09; 2024-08-27,,,,6351409,6351409,,,
0001437925,MRDN,Meridian Holdings Inc. Common Stock,2025,,,7,,,,,,,,,
0001437925,MRDN,Meridian Holdings Inc. Common Stock,2026,,,1,,,,,,,,,
0000789019,MSFT,Microsoft Corp,2022,2022-06-30,,,,,,,18126000000,,,,
0000789019,MSFT,Microsoft Corp,2023,2023-06-30,1,,2023-10-13,,,,234000000,,,,
0000789019,MSFT,Microsoft Corp,2024,2024-06-30,,,,,,,51235000000,,,,
0000789019,MSFT,Microsoft Corp,2025,2025-06-30,,,,,,,0,,,,
0000789019,MSFT,Microsoft Corp,2026,2026-06-30,,,,,,,108000000,,,,
0001821175,MSGM,Motorsport Games Inc. Class A Common Stock,2022,,,7,,,,,,,,,
0001821175,MSGM,Motorsport Games Inc. Class A Common Stock,2023,,1,10,2023-10-05,,,,,,,,
0001821175,MSGM,Motorsport Games Inc. Class A Common Stock,2024,,,4,,,,,,,,,
0001821175,MSGM,Motorsport Games Inc. Class A Common Stock,2025,,,2,,,,,,,,,
0001821175,MSGM,Motorsport Games Inc. Class A Common Stock,2026,,1,4,2026-04-23,,,,,,,,
0001823878,MYPS,"PLAYSTUDIOS, Inc. Class A Common Stock",2022,2022-12-31,1,3,2022-10-13,,,,42074000,,,,
0001823878,MYPS,"PLAYSTUDIOS, Inc. Class A Common Stock",2023,2023-12-31,,1,,,,,0,,,,
0001823878,MYPS,"PLAYSTUDIOS, Inc. Class A Common Stock",2024,2024-12-31,1,2,2024-07-08,,,,5089000,,,,
0001823878,MYPS,"PLAYSTUDIOS, Inc. Class A Common Stock",2025,2025-12-31,,,,,,,0,,,,
0001211805,MYSZ,"My Size, Inc",2022,2022-12-31,2,2,2022-02-08; 2022-10-12,757000,457000,300000,1304000,,,,
0001211805,MYSZ,"My Size, Inc",2023,,,2,,,,,,,,,
0001211805,MYSZ,"My Size, Inc",2024,,,1,,,,,,,,,
0001211805,MYSZ,"My Size, Inc",2025,2025-12-31,2,3,2025-05-12; 2025-09-12,,,45000,640000,,,,
0001211805,MYSZ,"My Size, Inc",2026,,,2,,,,,,,,,
0001834488,NABL,"N-able, Inc.",2022,2022-12-31,,,,,,,8726000,,,,
0001834488,NABL,"N-able, Inc.",2023,,,1,,,,,,,,,
0001834488,NABL,"N-able, Inc.",2024,2024-12-31,,1,,,,,160362000,,,,
0001834488,NABL,"N-able, Inc.",2025,,,1,,,,,,,,,
0001834488,NABL,"N-able, Inc.",2026,,,1,,,,,,,,,
0001639723,NAVN,"Navan, Inc. Class A Common Stock",2025,2025-01-31,,1,,,,,4006000,,,,
0001902733,NCNO,"nCino, Inc. Common Stock",2022,2022-01-31,,1,,,,,785156000,,,,
0001902733,NCNO,"nCino, Inc. Common Stock",2023,,,1,,,,,,,,,
0001902733,NCNO,"nCino, Inc. Common Stock",2024,,,3,,,,,,,,,
0001902733,NCNO,"nCino, Inc. Common Stock",2025,2025-01-31,1,1,2025-05-20,,,,186375000,,,,
0001902733,NCNO,"nCino, Inc. Common Stock",2026,2026-01-31,,1,,,,,53830000,,,,
0001477333,NET,"Cloudflare, Inc. Class A common stock, par value $0.001 per share",2024,,,1,,,,,,,,,
0001477333,NET,"Cloudflare, Inc. Class A common stock, par value $0.001 per share",2025,,,1,,,,,,,,,
0001477333,NET,"Cloudflare, Inc. Class A common stock, par value $0.001 per share",2026,,,1,,,,,,,,,
0001373715,NOW,"SERVICENOW, INC.",2022,2022-12-31,,,,,,,68000000,,,,yes
0001373715,NOW,"SERVICENOW, INC.",2023,2023-12-31,,,,,,,413000000,,0,,yes
0001373715,NOW,"SERVICENOW, INC.",2024,2024-12-31,,,,,,,75000000,,0,,yes
0001373715,NOW,"SERVICENOW, INC.",2025,2025-12-31,,,,,,,2225000000,,96000000,,yes
0001373715,NOW,"SERVICENOW, INC.",2026,,,3,,,,,,,,,yes
0001618732,NTNX,"Nutanix, Inc. Class A Common Stock",2023,2023-07-31,,,,,,,,,,322000,
0001618732,NTNX,"Nutanix, Inc. Class A Common Stock",2024,2024-07-31,,1,,,,,297000,,,,
0001618732,NTNX,"Nutanix, Inc. Class A Common Stock",2025,,,1,,,,,,,,,
0002063196,NTSK,"Netskope, Inc. Class A Common Stock",2025,2025-01-31,,1,,,,,3907000,,,,
0002083632,OCTV,Octave Intelligence plc Class B Ordinary Shares,2026,,,1,,,,,,,,,
0001660134,OKTA,"Okta, Inc. Class A Common Stock",2022,2022-01-31,,,,,5409000000,,,,,,
0001660134,OKTA,"Okta, Inc. Class A Common Stock",2023,2023-01-31,,,,,0,,,,,,
0001660134,OKTA,"Okta, Inc. Class A Common Stock",2024,2024-01-31,,,,,0,,,,,,
0001341439,ORCL,Oracle Corp,2022,2022-05-31,1,,2022-06-08,,0,,,,4713000000,,
0001341439,ORCL,Oracle Corp,2023,2023-05-31,,,,,55000000,,18618000000,,190000000,,
0001341439,ORCL,Oracle Corp,2024,2024-05-31,,,,,,,,,314000000,,
0001341439,ORCL,Oracle Corp,2025,2025-05-31,,,,,,,,,75000000,,
0001341439,ORCL,Oracle Corp,2026,,,2,,,,,,,,,
0000813828,PARA,"Banzai International, Inc. Class A Common Stock",2022,2022-12-31,,,,,,,,,0,,
0000813828,PARA,"Banzai International, Inc. Class A Common Stock",2023,,,1,,,,,,,,,
0000813828,PARA,"Banzai International, Inc. Class A Common Stock",2024,,,2,,,,,,,,,
0000813828,PARA,"Banzai International, Inc. Class A Common Stock",2025,,1,2,2025-08-07,,,,,,,,
0001734722,PATH,"UiPath, Inc.",2022,2022-01-31,,,,,,,27686000,,,,
0001734722,PATH,"UiPath, Inc.",2023,2023-01-31,,,,,,,34351000,,,,
0001734722,PATH,"UiPath, Inc.",2026,2026-01-31,,,,,,,29330000,,,,
0001590955,PAYC,"PAYCOM SOFTWARE, INC.",2022,,,1,,,,,,,,,
0001590955,PAYC,"PAYCOM SOFTWARE, INC.",2023,,,1,,,,,,,,,
0001590955,PAYC,"PAYCOM SOFTWARE, INC.",2026,,,2,,,,,,,,,
0001611052,PCOR,"Procore Technologies, Inc.",2023,2023-12-31,,,,,,,0,,,,
0001611052,PCOR,"Procore Technologies, Inc.",2024,2024-12-31,,,,,,,11333000,,,,
0001611052,PCOR,"Procore Technologies, Inc.",2025,2025-12-31,,,,,,,23706000,,,,
0001611052,PCOR,"Procore Technologies, Inc.",2026,,,2,,,,,,,,,
0001591698,PCTY,Paylocity Holding Corporation Common Stock,2022,2022-06-30,,1,,,,,68299000,,,,
0001591698,PCTY,Paylocity Holding Corporation Common Stock,2023,2023-06-30,,,,,,,0,,,,
0001591698,PCTY,Paylocity Holding Corporation Common Stock,2024,2024-06-30,,1,,,,,6883000,,,,
0001591698,PCTY,Paylocity Holding Corporation Common Stock,2025,2025-06-30,,,,,,,234237000,,,,
0001591698,PCTY,Paylocity Holding Corporation Common Stock,2026,2026-06-30,,1,,,,,35806000,,,,
0001568100,PD,"PagerDuty, Inc.",2022,2022-01-31,,,,,,,0,,,,
0001568100,PD,"PagerDuty, Inc.",2023,2023-01-31,,1,,,,,46736000,,,,
0001568100,PD,"PagerDuty, Inc.",2024,2024-01-31,,,,,,,18539000,,,,
0001568100,PD,"PagerDuty, Inc.",2025,2025-01-31,,1,,,,,0,,,,
0001120914,PDFS,PDF Solutions Inc,2023,2023-12-31,,,,,,1823000,895000,,,,
0001120914,PDFS,PDF Solutions Inc,2024,2024-12-31,,,,,,,0,,,,
0001120914,PDFS,PDF Solutions Inc,2025,2025-12-31,1,2,2025-03-07,,,,81686000,,,,
0001120914,PDFS,PDF Solutions Inc,2026,,,1,,,,,,,,,
0001826681,PDYN,Palladyne AI Corp. Common Stock,2022,2022-12-31,,1,,,,,70236000,,,,
0001826681,PDYN,Palladyne AI Corp. Common Stock,2024,,,1,,,,,,,,,
0001826681,PDYN,Palladyne AI Corp. Common Stock,2025,2025-12-31,,,,,,,14731000,,,,
0001321655,PLTR,Palantir Technologies Inc. Class A Common Stock,2022,2022-12-31,,2,,,,,36069000,,,,
0001784535,PRCH,"Porch Group, Inc. Common Stock",2022,2022-12-31,,,,,,,38064000,,2100000,0,
0001784535,PRCH,"Porch Group, Inc. Common Stock",2023,2023-12-31,,2,,,,,2421000,,100000,0,
0001784535,PRCH,"Porch Group, Inc. Common Stock",2024,2024-12-31,,1,,105000000,,,,,,10870000,
0001784535,PRCH,"Porch Group, Inc. Common Stock",2025,2025-12-31,1,3,2025-01-07,,,,,,,1217000,
0001784535,PRCH,"Porch Group, Inc. Common Stock",2026,,,1,,,,,,,,,
0000876167,PRGS,Progress Software Corp (DE),2022,2022-11-30,,1,,,,,0,,4603000,,
0000876167,PRGS,Progress Software Corp (DE),2023,2023-11-30,,1,,,,,161070000,,4704000,,
0000876167,PRGS,Progress Software Corp (DE),2024,2024-11-30,1,3,2024-10-31,,,,459459000,,17109000,,
0000876167,PRGS,Progress Software Corp (DE),2025,2025-11-30,,1,,,,,15397000,,5317000,,
0000876167,PRGS,Progress Software Corp (DE),2026,,1,1,2026-09-22,,,,,,,,
0000857005,PTC,"PTC, INC",2022,2022-09-30,1,2,2022-05-03,,,,,,13200000,,
0000857005,PTC,"PTC, INC",2023,2023-09-30,1,1,2023-01-03,,,,,,18700000,,
0000857005,PTC,"PTC, INC",2024,2024-09-30,,1,,,,,,,3100000,,
0000857005,PTC,"PTC, INC",2025,2025-09-30,,1,,,,,,,9100000,,
0001040161,PXLW,Pixelworks Inc,2022,,,3,,,,,,,,,
0001040161,PXLW,Pixelworks Inc,2024,,,1,,,,,,,,,
0001040161,PXLW,Pixelworks Inc,2025,,,3,,,,,,,,,
0001040161,PXLW,Pixelworks Inc,2026,,1,,2026-01-06,,,,,,,,
0001107843,QLYS,"Qualys, Inc. Common Stock",2022,2022-12-31,,,,,,8620000,,,,,
0001107843,QLYS,"Qualys, Inc. Common Stock",2023,2023-12-31,,,,,,0,,,,,
0001107843,QLYS,"Qualys, Inc. Common Stock",2024,2024-12-31,,,,,,0,,,,,
0001410384,QTWO,Q2 Holdings Inc,2022,2022-12-31,,,,,,,,,1176000,,
0001410384,QTWO,Q2 Holdings Inc,2023,2023-12-31,,,,,,,,,24000,,
0001410384,QTWO,Q2 Holdings Inc,2024,2024-12-31,,1,,,,,,,0,,
0001410384,QTWO,Q2 Holdings Inc,2025,2025-12-31,,,,,,,,,166000,,
0001758009,QUBT,Quantum Computing Inc. Common,2022,2022-12-31,1,5,2022-06-21,,,,59125773,,,,
0001758009,QUBT,Quantum Computing Inc. Common,2023,2023-12-31,,1,,83083868,,81939939,9581220,,,,
0001758009,QUBT,Quantum Computing Inc. Common,2024,,,4,,,,,,,,,
0001758009,QUBT,Quantum Computing Inc. Common,2025,,,5,,,,,,,,,
0001758009,QUBT,Quantum Computing Inc. Common,2026,,3,1,2026-02-03; 2026-06-23; 2026-04-17,,,,,,,,
0000797542,QXL,Quantum X Labs Inc. Common Stock,2022,2022-12-31,1,,2022-09-20,10185000,,10989000,,,166000,,
0000797542,QXL,Quantum X Labs Inc. Common Stock,2023,2023-12-31,,,,,,,,,70451000,,
0000797542,QXL,Quantum X Labs Inc. Common Stock,2024,2024-12-31,,5,,,,,,,1730000,,
0000797542,QXL,Quantum X Labs Inc. Common Stock,2025,2025-12-31,,5,,6249000,,,,,297000,,
0000797542,QXL,Quantum X Labs Inc. Common Stock,2026,,,1,,,,,,,,,
0001315098,RBLX,Roblox Corporation,2022,2022-12-31,,,,,,,16264000,,,,
0001315098,RBLX,Roblox Corporation,2023,2023-12-31,,,,,,,7536000,,,,
0001943896,RBRK,"Rubrik, Inc.",2025,,,1,,,,,,,,,
0000748268,RCAT,"Red Cat Holdings, Inc. Common Stock",2022,,,2,,,,,,,,,
0000748268,RCAT,"Red Cat Holdings, Inc. Common Stock",2023,,,7,,,,,,,,,
0000748268,RCAT,"Red Cat Holdings, Inc. Common Stock",2024,2024-02-16,3,3,2024-02-22; 2024-09-09; 2024-03-01,,,,,,,0,
0000748268,RCAT,"Red Cat Holdings, Inc. Common Stock",2025,2025-12-31,,6,,,,,,,,0,
0000748268,RCAT,"Red Cat Holdings, Inc. Common Stock",2026,,1,2,2026-05-20,,,,,,,,
0001720116,RDVT,"Red Violet, Inc. Common Stock",2026,,,1,,,,,,,,,
0002077709,ROC,Rank One Computing Corporation Common stock,2026,,1,4,2026-09-02,,,,,,,,
0001560327,RPD,"Rapid7, Inc. Common Stock",2023,,,2,,,,,,,,,
0001560327,RPD,"Rapid7, Inc. Common Stock",2025,,,2,,,,,,,,,
0001560327,RPD,"Rapid7, Inc. Common Stock",2026,,,1,,,,,,,,,
0001583708,S,"SentinelOne, Inc.",2022,,1,2,2022-05-04,,,,,,,,
0001627857,SAIL,"SailPoint, Inc. Common Stock",2022,,1,2,2022-08-16,,,,,,,,yes
0001594805,SHOP,Shopify Inc. Class A subordinate voting shares,2023,2023-12-31,,,,,,,29000000,,,,
0001594805,SHOP,Shopify Inc. Class A subordinate voting shares,2024,2024-12-31,,,,,,,25000000,,,,
0001594805,SHOP,Shopify Inc. Class A subordinate voting shares,2025,2025-12-31,,,,,,,39000000,,,,
0001774675,SKIL,Skillsoft Corp.,2022,2022-01-31,2,2,2022-04-05; 2022-08-15,,,,851145000,,19587000,,yes
0001774675,SKIL,Skillsoft Corp.,2023,2023-01-31,,,,,,,309967000,,30663000,,yes
0001774675,SKIL,Skillsoft Corp.,2024,2024-01-31,,,,,,,,,5063000,,yes
0001774675,SKIL,Skillsoft Corp.,2025,2025-01-31,,,,,,,,,4247000,,yes
0001774675,SKIL,Skillsoft Corp.,2026,2026-01-31,1,1,2026-07-10,,,,,,1379000,,yes
0000948708,SMSI,Smith Micro Software Inc,2022,,,2,,,,,,,,,
0000948708,SMSI,Smith Micro Software Inc,2024,,,2,,,,,,,,,
0000948708,SMSI,Smith Micro Software Inc,2025,,,4,,,,,,,,,
0000948708,SMSI,Smith Micro Software Inc,2026,,,3,,,,,,,,,
0001886894,SNAL,"Snail, Inc. Class A Common Stock",2023,,,2,,,,,,,,,
0001886894,SNAL,"Snail, Inc. Class A Common Stock",2025,,,4,,,,,,,,,
0001886894,SNAL,"Snail, Inc. Class A Common Stock",2026,,,2,,,,,,,,,
0001640147,SNOW,Snowflake Inc.,2022,2022-01-31,,,,,0,,,,,,
0001640147,SNOW,Snowflake Inc.,2023,2023-01-31,,,,,438916000,,,,,,
0001640147,SNOW,Snowflake Inc.,2024,2024-01-31,,1,,,174284000,,,,,,
0001640147,SNOW,Snowflake Inc.,2025,2025-01-31,,,,,87706000,,,,,,
0001640147,SNOW,Snowflake Inc.,2026,2026-01-31,,1,,,13074000,,,,,,
0000883241,SNPS,Synopsys Inc,2022,2022-10-31,,1,,,,,318775000,,9400000,,yes
0000883241,SNPS,Synopsys Inc,2023,2023-10-31,,,,,,,229351000,,13800000,,yes
0000883241,SNPS,Synopsys Inc,2024,2024-10-31,,2,,,,,96142000,,161800000,,yes
0000883241,SNPS,Synopsys Inc,2025,2025-10-31,1,3,2025-07-17,,,,23442889000,,267100000,,yes
0000883241,SNPS,Synopsys Inc,2026,,,1,,,,,,,,,yes
0001840856,SOUN,"SoundHound AI, Inc. Class A Common Stock",2022,,1,4,2022-05-02,,,,,,,,
0001840856,SOUN,"SoundHound AI, Inc. Class A Common Stock",2023,,,3,,,,,,,,,
0001840856,SOUN,"SoundHound AI, Inc. Class A Common Stock",2024,,3,3,2024-01-03; 2024-08-08; 2024-10-22,,,,,,,,
0001840856,SOUN,"SoundHound AI, Inc. Class A Common Stock",2025,2025-12-31,2,1,2025-09-09; 2025-11-17,,,,21067000,,,,
0001840856,SOUN,"SoundHound AI, Inc. Class A Common Stock",2026,,1,3,2026-09-04,,,,,,,,
0001092699,SPSC,"SPS Commerce, Inc.",2022,2022-12-31,,,,,,,56566000,,,,
0001092699,SPSC,"SPS Commerce, Inc.",2023,2023-12-31,,,,,,,45393000,,,,
0001092699,SPSC,"SPS Commerce, Inc.",2024,2024-12-31,,1,,,,,154632000,,,,
0001092699,SPSC,"SPS Commerce, Inc.",2025,2025-12-31,,1,,,,,136272000,,,,
0001092699,SPSC,"SPS Commerce, Inc.",2026,,,1,,,,,,,,,
0001517375,SPT,"Sprout Social, Inc Class A Common Stock",2023,,,1,,,,,,,,,
0001517375,SPT,"Sprout Social, Inc Class A Common Stock",2025,,,2,,,,,,,,,
0001402436,SSNC,SS&C Technologies Inc,2022,2022-12-31,1,1,2022-03-22,,,,1032300000,,,,
0001402436,SSNC,SS&C Technologies Inc,2023,2023-12-31,,1,,,,,20400000,,,,
0001402436,SSNC,SS&C Technologies Inc,2024,2024-12-31,1,2,2024-10-01,,,,325700000,,,,
0001402436,SSNC,SS&C Technologies Inc,2025,2025-12-31,1,1,2025-10-14,,,,589200000,,,,
0001351636,SSTI,"SoundThinking, Inc. Common Stock",2022,2022-12-31,,1,,,,,20155000,,,,
0001351636,SSTI,"SoundThinking, Inc. Common Stock",2024,,,1,,,,,,,,,
0001351636,SSTI,"SoundThinking, Inc. Common Stock",2025,,,1,,,,,,,,,
0001351636,SSTI,"SoundThinking, Inc. Common Stock",2026,,,1,,,,,,,,,
0001943289,SVCO,"Silvaco Group, Inc. Common Stock",2024,2024-12-31,,,,,,0,,,,,
0001943289,SVCO,"Silvaco Group, Inc. Common Stock",2025,2025-12-31,2,2,2025-03-04; 2025-08-04,,,32879000,,,,,
0001943289,SVCO,"Silvaco Group, Inc. Common Stock",2026,,,2,,,,,,,,,
0002092574,SWMR,"Swarmer, Inc Common Stock",2026,,,3,,,,,,,,,yes
0000816761,TDC,TERADATA CORPORATION,2022,,,2,,,,,,,,,
0000816761,TDC,TERADATA CORPORATION,2023,2023-12-31,,,,,,,7000000,,,,
0000816761,TDC,TERADATA CORPORATION,2026,,,3,,,,,,,,,
0001650372,TEAM,Atlassian Corporation Class A Common Stock,2022,2022-06-30,1,1,2022-10-03,,,,9361000,,,,
0001650372,TEAM,Atlassian Corporation Class A Common Stock,2023,2023-06-30,,,,,,,3300000,,,,
0001650372,TEAM,Atlassian Corporation Class A Common Stock,2024,2024-06-30,,3,,,,,561372000,,,,
0001650372,TEAM,Atlassian Corporation Class A Common Stock,2025,2025-06-30,,,,,,,14022000,,,,
0001650372,TEAM,Atlassian Corporation Class A Common Stock,2026,2026-06-30,,,,,,,999340000,,,,
0001660280,TENB,"Tenable Holdings, Inc.",2022,2022-12-31,,,,,,,54906000,,2600000,,
0001660280,TENB,"Tenable Holdings, Inc.",2023,2023-12-31,1,1,2023-10-02,,,,202019000,,9472000,,
0001660280,TENB,"Tenable Holdings, Inc.",2024,2024-12-31,,,,,,,22753000,,1932000,,
0001660280,TENB,"Tenable Holdings, Inc.",2025,2025-12-31,,1,,,,,156594000,,7256000,,
0001660280,TENB,"Tenable Holdings, Inc.",2026,,,1,,,,,,,,,
0001638826,TTAN,"ServiceTitan, Inc. Class A Common Stock",2025,2025-01-31,,,,,,,14964000,,,,
0001638826,TTAN,"ServiceTitan, Inc. Class A Common Stock",2026,2026-01-31,,1,,,,,14414000,,,,
0000946581,TTWO,Take-Two Interactive Software Inc,2022,2022-03-31,1,5,2022-05-26,,,161300000,,,,,yes
0000946581,TTWO,Take-Two Interactive Software Inc,2023,2023-03-31,,1,,,,3310900000,,,,0,yes
0000946581,TTWO,Take-Two Interactive Software Inc,2024,2024-03-31,,3,,,,18100000,9700000,,,0,yes
0000946581,TTWO,Take-Two Interactive Software Inc,2025,2025-03-31,,,,,,,,,,32700000,yes
0000946581,TTWO,Take-Two Interactive Software Inc,2026,2026-03-31,,1,,,,,,,,0,yes
0001447669,TWLO,Twilio Inc.,2022,2022-12-31,,1,,,,,25748000,,,,
0001447669,TWLO,Twilio Inc.,2024,,,1,,,,,,,,,
0001447669,TWLO,Twilio Inc.,2025,2025-12-31,,,,,,,48521000,,,,
0000860731,TYL,"Tyler Technologies, Inc.",2023,2023-12-31,,,,,,,,,409000,,
0000860731,TYL,"Tyler Technologies, Inc.",2024,2024-12-31,,1,,,,,,,29000,,
0000860731,TYL,"Tyler Technologies, Inc.",2025,2025-12-31,,,,,,,,,714000,,
0000860731,TYL,"Tyler Technologies, Inc.",2026,,,2,,,,,,,,,
0001810806,U,Unity Software Inc.,2022,2022-12-31,1,3,2022-11-07,,,,1579936000,,,,
0001810806,U,Unity Software Inc.,2023,2023-12-31,,,,,,,0,,,,
0001810806,U,Unity Software Inc.,2024,2024-12-31,,,,,,,0,,,,
0001810806,U,Unity Software Inc.,2025,,,1,,,,,,,,,
0001505155,UPLD,"Upland Software, Inc.",2022,2022-12-31,,2,,,,,48768000,,21556000,,
0001505155,UPLD,"Upland Software, Inc.",2023,2023-12-31,,2,,,,,127400000,,3060000,,
0001505155,UPLD,"Upland Software, Inc.",2024,2024-12-31,,1,,,,,49300000,,19000,,
0001505155,UPLD,"Upland Software, Inc.",2025,,,1,,,,,,,,,
0001393052,VEEV,Veeva Systems Inc.,2022,2022-01-31,,,,,,,3848000,,,,
0001806837,VERX,"Vertex, Inc. Class A Common Stock",2022,,,1,,,,,,,,,
0001806837,VERX,"Vertex, Inc. Class A Common Stock",2023,,,1,,,,,,,,,
0001806837,VERX,"Vertex, Inc. Class A Common Stock",2024,2024-12-31,,3,,,,,119668000,,,,
0001806837,VERX,"Vertex, Inc. Class A Common Stock",2025,,,1,,,,,,,,,
0001603015,VIA,"Via Transportation, Inc.",2024,2024-12-31,,,,,,,0,,,,
0001603015,VIA,"Via Transportation, Inc.",2025,2025-12-31,,,,,,,26382000,,,,
0001361113,VRNS,"Varonis Systems, Inc.",2024,,,1,,,,,,,,,
0001361113,VRNS,"Varonis Systems, Inc.",2025,2025-12-31,,,,,,,112141000,,,,
0002038439,VWAV,"VisionWave Holdings, Inc. Common Stock",2025,2025-09-30,2,10,2025-07-15; 2025-12-17,,,,,,1800000,,
0002038439,VWAV,"VisionWave Holdings, Inc. Common Stock",2026,,2,25,2026-01-07; 2026-04-13,,,,,,,,
0001609151,WEAV,"Weave Communications, Inc.",2023,2023-12-31,,,,,0,,,,,,yes
0001609151,WEAV,"Weave Communications, Inc.",2024,2024-12-31,,,,,0,,,,,,yes
0001609151,WEAV,"Weave Communications, Inc.",2025,2025-12-31,,,,,10041000,,29465000,,,,yes
0001609151,WEAV,"Weave Communications, Inc.",2026,,,2,,,,,,,,,yes
0001360565,WFCF,"Where Food Comes From, Inc. Common Stock",2025,,,1,,,,,,,,,
0001445305,WK,Workiva Inc.,2022,2022-12-31,1,1,2022-04-01,,,,78225000,,,,
0001445305,WK,Workiva Inc.,2023,,,1,,,,,,,,,
0001445305,WK,Workiva Inc.,2024,2024-12-31,,1,,,,,89146000,,,,
0001788999,XPER,Xperi Inc,2022,,1,1,2022-10-06,,,,,,,,
0001788999,XPER,Xperi Inc,2023,2023-12-31,,,,,,,,,,0,
0001788999,XPER,Xperi Inc,2024,2024-12-31,1,1,2024-10-03,,,,,,,67773000,
0001788999,XPER,Xperi Inc,2025,2025-12-31,,1,,,,,,,,0,
0001512673,XYZ,"Block, Inc.",2022,2022-12-31,1,1,2022-01-31,,,,11761866000,,,,
0001512673,XYZ,"Block, Inc.",2023,2023-12-31,,1,,,,,7921000,,,,
0001512673,XYZ,"Block, Inc.",2024,,,2,,,,,,,,,
0001512673,XYZ,"Block, Inc.",2025,,,1,,,,,,,,,
0001512673,XYZ,"Block, Inc.",2026,,,1,,,,,,,,,
0001873951,XZO,"Exzeo Group, Inc.",2025,,,1,,,,,,,,,
0001856314,YOU,"Clear Secure, Inc.",2023,2023-12-31,,1,,,,,,,,0,
0001856314,YOU,"Clear Secure, Inc.",2024,2024-12-31,,,,,,,,,,0,
0001856314,YOU,"Clear Secure, Inc.",2025,2025-12-31,,,,,,,,,,2700000,
0001856314,YOU,"Clear Secure, Inc.",2026,,,1,,,,,,,,,
0001667313,ZDGE,"Zedge, Inc.",2022,2022-07-31,1,2,2022-04-13,262000,,,8907000,,,,
0001667313,ZDGE,"Zedge, Inc.",2026,,,2,,,,,,,,,
0001851003,ZETA,Zeta Global Holdings Corp.,2022,2022-12-31,,,,,,,,,344000,,
0001851003,ZETA,Zeta Global Holdings Corp.,2023,2023-12-31,,,,,,,,,203000,,
0001851003,ZETA,Zeta Global Holdings Corp.,2024,2024-12-31,,1,,,,,,,8229000,,
0001851003,ZETA,Zeta Global Holdings Corp.,2025,2025-12-31,1,,2025-11-24,,,,,,20281000,,
0001851003,ZETA,Zeta Global Holdings Corp.,2026,,,1,,,,,,,,,
