cik,ticker,name,window_start,form3_4_insider_filings,sc13d_13g_ownership_filings,late_filing_notices,sec_comment_letters,registration_statements,latest_filing_in_cache,latest_10k_text_available,item_1c_cyber_section,going_concern_doubt,material_weakness,customer_over_10pct
0000935036,ACIW,"ACI Worldwide, Inc.",2022-01-01,193,18,0,3,1,2026-09-25,yes,1,0,1,0
0000796343,ADBE,Adobe Inc.,2022-01-01,419,8,0,5,5,2026-09-22,yes,2,0,1,0
0000769397,ADSK,Autodesk Inc,2022-01-01,236,6,1,0,2,2026-09-10,yes,2,0,3,1
0001362190,AEYE,"AudioEye, Inc. Common Stock",2022-01-01,191,14,0,2,4,2026-10-02,yes,2,1,1,0
0001577526,AI,"C3.ai, Inc.",2022-01-01,249,13,0,0,6,2026-10-02,yes,2,0,2,0
0000803578,AIFF,"Firefly Neuroscience, Inc. Common Stock",2022-01-01,88,11,6,17,16,2026-09-29,yes,2,20,15,0
0001842566,AISP,"Airship AI Holdings, Inc. Class A Common Stock",2022-01-01,100,21,1,27,16,2026-10-01,yes,2,7,4,3
0001529274,ALKT,"Alkami Technology, Inc. Common Stock",2022-01-01,326,12,0,0,2,2026-09-09,yes,2,0,1,2
0001459200,ALRM,"Alarm.com Holdings, Inc.",2022-01-01,143,19,0,0,3,2026-09-04,yes,2,0,6,0
0001866692,AMPL,"Amplitude, Inc. Class A Common Stock",2022-01-01,205,42,0,0,5,2026-10-02,yes,2,0,6,1
0001807166,AMST,Amesite Inc.,2022-01-01,131,0,4,9,11,2026-10-02,yes,2,16,3,0
0001433195,APPF,"AppFolio, Inc. Class A",2022-01-01,283,30,0,0,5,2026-08-24,yes,2,0,1,0
0001441683,APPN,Appian Corporation Class A Common Stock,2022-01-01,297,34,0,0,1,2026-10-02,yes,2,0,7,3
0001477720,ASAN,"Asana, Inc. Class A Common Stock",2022-01-01,336,23,0,0,5,2026-10-02,yes,1,0,2,0
0002026353,ATHR,"Aether Holdings, Inc. Common Stock",2022-01-01,16,0,1,10,9,2026-08-13,yes,2,4,2,0
0001534154,AUID,authID Inc. Common Stock,2022-01-01,112,7,0,6,8,2026-09-15,yes,2,17,1,0
0001777921,AVPT,"AvePoint, Inc. Class A Common Stock",2022-01-01,288,6,0,5,3,2026-10-02,yes,2,0,7,3
0001015739,AWRE,Aware Inc,2022-01-01,151,6,0,0,1,2026-09-24,yes,1,0,0,0
0001514416,BAND,Bandwidth Inc. Class A Common Stock,2022-01-01,364,20,0,11,5,2026-09-17,yes,2,0,1,0
0001070235,BB,BlackBerry Limited,2022-01-01,302,15,0,5,2,2026-10-02,yes,1,0,1,0
0001836981,BBAI,"BigBear.ai Holdings, Inc.",2022-01-01,271,18,1,20,13,2026-09-30,yes,2,1,14,0
0001786352,BILL,"BILL Holdings, Inc.",2022-01-01,334,26,1,6,5,2026-10-02,yes,2,0,5,0
0001019034,BKYI,"BIO-key International, Inc. Common Stock",2022-01-01,139,6,12,13,10,2026-10-02,yes,2,14,2,0
0001666134,BL,"BlackLine, Inc. Common Stock",2022-01-01,319,16,0,0,5,2026-09-04,yes,2,0,4,1
0001378590,BLIN,Bridgeline Digital Inc.,2022-01-01,71,46,0,4,6,2026-09-22,yes,2,1,0,0
0001280058,BLKB,"Blackbaud, Inc.",2022-01-01,258,26,0,3,5,2026-09-04,yes,3,0,1,0
0001462056,BLZE,"Backblaze, Inc. Class A Common Stock",2022-01-01,502,25,0,2,9,2026-08-24,yes,2,0,8,0
0001372612,BOX,"BOX, INC.",2022-01-01,276,14,0,0,4,2026-09-25,yes,2,0,1,0
0001676238,BRZE,"Braze, Inc. Class A Common Stock",2022-01-01,430,45,0,3,5,2026-09-09,yes,2,0,28,0
0001031308,BSY,"Bentley Systems, Incorporated Class B Common Stock",2022-01-01,526,16,0,0,0,2026-10-01,yes,2,0,1,1
0001818201,CCC,CCC Intelligent Solutions Holdings Inc. Common Stock,2022-01-01,222,27,0,2,2,2026-08-18,yes,2,0,2,1
0001582982,CCLD,"CareCloud, Inc. Common Stock",2022-01-01,160,0,0,5,3,2026-09-29,yes,2,1,6,0
0001866633,CCSI,"Consensus Cloud Solutions, Inc. Common Stock",2022-01-01,167,30,2,10,1,2026-08-25,yes,2,0,7,0
0000813672,CDNS,Cadence Design Systems,2022-01-01,442,10,0,3,3,2026-10-01,yes,2,0,1,0
0001827090,CERT,"Certara, Inc. Common Stock",2022-01-01,165,12,0,3,0,2026-09-03,yes,2,0,1,2
0001626450,CMRC,"Commerce.com, Inc. Series 1 Common Stock",2022-01-01,261,22,0,0,3,2026-09-23,yes,2,0,24,0
0001651562,COUR,"Coursera, Inc.",2022-01-01,382,21,0,2,6,2026-10-02,yes,2,0,3,1
0001108524,CRM,"Salesforce, Inc.",2022-01-01,1352,11,0,3,13,2026-09-23,yes,2,0,1,0
0001768267,CRNC,Cerence Inc. Common Stock,2022-01-01,134,27,0,0,8,2026-08-26,yes,2,0,2,2
0001535527,CRWD,"CrowdStrike Holdings, Inc. Class A Common Stock",2022-01-01,514,14,0,0,5,2026-10-02,yes,2,0,1,2
0001769628,CRWV,"CoreWeave, Inc. Class A Common Stock",2022-01-01,501,2,0,13,6,2026-10-02,yes,2,0,29,0
0001169561,CVLT,"Commault Systems, Inc.",2022-01-01,236,16,0,6,4,2026-09-29,yes,2,0,2,5
0001820875,CXAI,CXApp Inc. Class A Common Stock,2022-01-01,42,21,5,26,12,2026-09-03,yes,2,1,14,1
0001569345,CXM,"Sprinklr, Inc.",2022-01-01,348,32,0,3,2,2026-10-01,yes,2,0,1,1
0002032341,CYAB,"Cyabra, Inc. Common Stock",2022-01-01,32,0,0,3,6,2026-09-22,yes,2,20,0,0
0001467623,DBX,"Dropbox, Inc. Class A",2022-01-01,363,16,0,3,5,2026-10-02,yes,2,0,3,3
0000910638,DDD,3D Systems Corporation,2022-01-01,256,14,6,2,4,2026-09-18,yes,2,0,30,0
0001561550,DDOG,"Datadog, Inc. Class A Common Stock",2022-01-01,636,24,0,7,2,2026-10-02,yes,2,0,6,0
0001861795,DH,Definitive Healthcare Corp. Class A Common Stock,2022-01-01,185,13,1,3,6,2026-10-01,yes,2,0,1,0
0001261333,DOCU,"DocuSign, Inc. Common Stock",2022-01-01,449,10,0,0,6,2026-10-02,yes,2,0,2,6
0001773383,DT,"Dynatrace, Inc.",2022-01-01,310,17,0,0,5,2026-09-25,yes,2,0,5,5
0001562088,DUOL,"Duolingo, Inc. Class A Common Stock",2022-01-01,416,37,0,0,5,2026-09-28,yes,2,1,3,1
0001396536,DUOT,"Duos Technologies Group, Inc. Common Stock",2022-01-01,134,12,2,14,18,2026-09-23,yes,2,15,0,0
0001066194,EGAN,eGain Corporation,2022-01-01,32,13,0,0,1,2026-10-01,yes,1,0,0,2
0001707753,ESTC,Elastic N.V.,2022-01-01,194,23,0,3,6,2026-10-02,yes,2,0,1,2
0001853145,EVCM,EverCommerce Inc. Common Stock,2022-01-01,452,7,0,6,3,2026-10-01,yes,2,0,20,0
0001476840,EXFY,"Expensify, Inc. Class A Common Stock",2022-01-01,350,23,1,0,1,2026-09-18,yes,2,0,3,1
0001960355,EXYN,"Exyn Technologies, Inc. Common Stock",2022-01-01,14,0,2,2,10,2026-08-25,no,,,,
0001993400,FATN,"FatPipe, Inc. Common Stock",2022-01-01,14,0,0,15,9,2026-09-15,yes,2,1,0,0
0001579878,FIG,"Figma, Inc.",2022-01-01,191,0,0,7,6,2026-09-14,yes,2,0,0,1
0001602409,FNGR,"FingerMotion, Inc. Common Stock",2022-01-01,35,4,0,6,12,2026-09-29,yes,2,6,9,0
0001800667,FROG,JFrog Ltd. Ordinary Shares,2022-01-01,417,19,0,0,5,2026-10-02,yes,1,0,4,3
0001544522,FRSH,Freshworks Inc. Class A Common Stock,2022-01-01,643,36,0,5,7,2026-10-02,yes,2,0,2,0
0001517413,FSLY,"Fastly, Inc. Class A Common Stock",2022-01-01,396,24,0,0,6,2026-09-30,yes,2,0,17,3
0001743725,GDYN,"Grid Dynamics Holdings, Inc. Class A Common Stock",2022-01-01,277,10,0,0,1,2026-10-02,yes,2,0,3,2
0001831096,GEG,"Great Elm Group, Inc. Common Stock",2022-01-01,204,30,0,5,7,2026-09-23,yes,2,0,0,0
0000849399,GEN,Gen Digital Inc. Common Stock,2022-01-01,151,10,0,5,3,2026-09-28,yes,2,0,7,1
0001653482,GTLB,GitLab Inc. Class A Common Stock,2022-01-01,343,58,1,4,5,2026-10-01,yes,2,0,2,1
0001794515,GTM,ZoomInfo Technologies Inc Common Stock,2022-01-01,359,33,0,5,5,2026-10-02,yes,2,0,5,0
0001528396,GWRE,"GUIDEWIRE SOFTWARE, INC.",2022-01-01,321,19,0,3,3,2026-09-30,yes,2,0,5,1
0001895618,GXAI,Gaxos.ai Inc. Common Stock,2022-01-01,22,1,0,20,13,2026-10-01,yes,2,0,3,0
0001404655,HUBS,"HUBSPOT, INC.",2022-01-01,363,15,0,3,3,2026-09-17,yes,2,0,2,2
0001718939,IDAI,T Stamp Inc. Class A Common Stock,2022-01-01,156,6,6,38,23,2026-10-02,yes,2,20,8,0
0001040896,IDN,"Intellicheck, Inc. Common Stock",2022-01-01,210,12,1,2,3,2026-08-26,yes,2,0,1,1
0001728688,IIIV,"i3 Verticals, Inc. Class A Common Stock",2022-01-01,115,16,0,3,4,2026-09-30,yes,2,0,3,0
0001081745,INLX,"Intellinetics, Inc.",2022-01-01,63,0,0,5,5,2026-09-30,yes,2,0,3,0
0001615063,INSE,"Inspired Entertainment, Inc.",2022-01-01,113,21,5,0,1,2026-09-23,yes,2,1,37,1
0001565687,INTA,"Intapp, Inc. Common Stock",2022-01-01,547,19,0,5,5,2026-10-02,yes,2,0,3,1
0000896878,INTU,Intuit Inc,2022-01-01,591,10,0,3,3,2026-09-09,yes,2,0,1,0
0001397183,IVDA,"Iveda Solutions, Inc. Common Stock",2022-01-01,50,1,2,14,9,2026-09-09,yes,2,4,7,2
0001432133,KLTR,"Kaltura, Inc. Common Stock",2022-01-01,232,18,0,0,5,2026-09-22,yes,2,0,8,0
0001835830,KVYO,"Klaviyo, Inc.",2022-01-01,242,22,0,7,7,2026-09-25,yes,2,0,2,0
0001625641,LAW,"CS Disco, Inc.",2022-01-01,195,12,0,0,6,2026-08-19,yes,2,0,3,2
0001673481,LTRYW,Sports Entertainment Gaming Global Corporation Warrants,2022-01-01,35,4,16,12,16,2026-08-27,yes,2,23,25,0
0001056696,MANH,Manhattan Associates Inc,2022-01-01,194,18,0,5,1,2026-08-14,yes,2,0,2,2
0001910139,MBLY,Mobileye Global Inc. Class A Common Stock,2022-01-01,92,30,0,11,5,2026-09-14,yes,2,0,3,0
0001224133,MCHX,"Marchex, Inc. Class B",2022-01-01,89,12,0,3,5,2026-08-13,yes,3,3,0,1
0001441816,MDB,"MongoDB, Inc. Class A",2022-01-01,354,20,0,0,5,2026-09-29,yes,2,0,3,5
0001805651,MKTW,"MarketWise, Inc. Class A Common Stock",2022-01-01,149,46,0,6,1,2026-09-24,yes,2,0,5,1
0001522540,MQ,"Marqeta, Inc. Class A Common Stock",2022-01-01,241,31,0,3,5,2026-09-18,yes,2,0,4,0
0001437925,MRDN,Meridian Holdings Inc. Common Stock,2022-01-01,148,14,0,10,7,2026-10-02,yes,2,0,0,0
0000789019,MSFT,Microsoft Corp,2022-01-01,585,6,0,6,2,2026-09-17,yes,3,0,1,1
0001821175,MSGM,Motorsport Games Inc. Class A Common Stock,2022-01-01,48,6,2,8,5,2026-09-03,yes,2,0,25,1
0001823878,MYPS,"PLAYSTUDIOS, Inc. Class A Common Stock",2022-01-01,111,7,1,2,5,2026-10-01,yes,2,0,2,0
0001211805,MYSZ,"My Size, Inc",2022-01-01,47,7,2,8,9,2026-09-28,yes,2,12,3,0
0001834488,NABL,"N-able, Inc.",2022-01-01,220,5,1,6,4,2026-08-28,yes,2,0,6,1
0001639723,NAVN,"Navan, Inc. Class A Common Stock",2022-01-01,97,0,0,2,5,2026-09-23,yes,2,0,8,0
0001902733,NCNO,"nCino, Inc. Common Stock",2022-01-01,371,28,0,0,5,2026-09-17,yes,3,0,6,2
0001477333,NET,"Cloudflare, Inc. Class A common stock, par value $0.001 per share",2022-01-01,553,28,0,0,6,2026-09-23,yes,2,0,3,1
0001373715,NOW,"SERVICENOW, INC.",2022-01-01,807,9,0,9,13,2026-09-01,yes,2,0,1,3
0001618732,NTNX,"Nutanix, Inc. Class A Common Stock",2022-01-01,185,16,1,5,4,2026-09-25,yes,2,0,1,1
0002063196,NTSK,"Netskope, Inc. Class A Common Stock",2022-01-01,78,0,0,0,5,2026-10-02,yes,2,0,2,1
0001039280,NTWK,"NetSol Technologies, Inc.",2022-01-01,84,8,1,0,1,2026-10-02,yes,2,0,0,0
0002083632,OCTV,Octave Intelligence plc Class B Ordinary Shares,2022-01-01,0,0,0,0,1,2026-08-12,no,,,,
0001660134,OKTA,"Okta, Inc. Class A Common Stock",2022-01-01,327,20,0,5,5,2026-10-01,yes,3,0,2,0
0001341439,ORCL,Oracle Corp,2022-01-01,250,6,0,14,2,2026-10-01,yes,2,0,1,1
0000813828,PARA,"Banzai International, Inc. Class A Common Stock",2022-01-01,290,22,0,10,2,2026-07-31,yes,2,0,1,0
0001734722,PATH,"UiPath, Inc.",2022-01-01,357,24,0,0,5,2026-10-02,yes,2,0,1,1
0001590955,PAYC,"PAYCOM SOFTWARE, INC.",2022-01-01,304,17,0,0,1,2026-09-03,yes,3,0,3,0
0001611052,PCOR,"Procore Technologies, Inc.",2022-01-01,443,18,0,13,5,2026-09-14,yes,2,0,6,0
0001591698,PCTY,Paylocity Holding Corporation Common Stock,2022-01-01,500,18,0,0,5,2026-10-02,yes,3,0,4,1
0001568100,PD,"PagerDuty, Inc.",2022-01-01,241,20,0,6,6,2026-10-02,yes,2,0,8,2
0001120914,PDFS,PDF Solutions Inc,2022-01-01,113,16,0,0,2,2026-09-01,yes,2,0,1,2
0001826681,PDYN,Palladyne AI Corp. Common Stock,2022-01-01,240,18,0,10,8,2026-09-28,yes,2,1,2,0
0001321655,PLTR,Palantir Technologies Inc. Class A Common Stock,2022-01-01,381,26,0,4,5,2026-10-01,yes,2,1,1,0
0001784535,PRCH,"Porch Group, Inc. Common Stock",2022-01-01,210,37,1,9,9,2026-09-16,yes,2,0,7,4
0000876167,PRGS,Progress Software Corp (DE),2022-01-01,299,9,0,7,3,2026-09-30,yes,2,0,1,1
0000857005,PTC,"PTC, INC",2022-01-01,342,17,0,3,2,2026-09-17,yes,2,0,1,0
0001040161,PXLW,Pixelworks Inc,2022-01-01,80,5,0,10,10,2026-08-20,yes,2,0,2,0
0001107843,QLYS,"Qualys, Inc. Common Stock",2022-01-01,344,15,0,3,3,2026-09-22,yes,2,0,1,1
0001410384,QTWO,Q2 Holdings Inc,2022-01-01,241,17,0,3,3,2026-09-11,yes,2,0,1,0
0001758009,QUBT,Quantum Computing Inc. Common,2022-01-01,77,2,2,21,12,2026-10-02,yes,2,1,30,0
0000797542,QXL,Quantum X Labs Inc. Common Stock,2022-01-01,30,7,4,9,7,2026-09-22,yes,2,18,1,0
0001315098,RBLX,Roblox Corporation,2022-01-01,535,16,0,14,6,2026-10-02,yes,3,0,1,0
0001943896,RBRK,"Rubrik, Inc.",2022-01-01,238,4,0,10,6,2026-10-02,yes,2,0,6,0
0000748268,RCAT,"Red Cat Holdings, Inc. Common Stock",2022-01-01,134,10,3,11,9,2026-09-17,yes,2,1,17,0
0001720116,RDVT,"Red Violet, Inc. Common Stock",2022-01-01,99,17,0,1,3,2026-08-27,yes,2,0,1,1
0002077709,ROC,Rank One Computing Corporation Common stock,2022-01-01,21,0,0,11,6,2026-10-02,yes,2,6,3,0
0001560327,RPD,"Rapid7, Inc. Common Stock",2022-01-01,184,21,0,3,5,2026-09-04,yes,2,0,6,2
0001583708,S,"SentinelOne, Inc.",2022-01-01,391,26,0,0,7,2026-09-15,yes,2,0,1,0
0001627857,SAIL,"SailPoint, Inc. Common Stock",2022-01-01,43,7,0,0,0,2023-02-14,yes,0,0,1,3
0001594805,SHOP,Shopify Inc. Class A subordinate voting shares,2022-01-01,14,19,0,4,2,2026-09-25,yes,2,0,1,2
0001774675,SKIL,Skillsoft Corp.,2022-01-01,231,13,0,7,11,2026-09-25,yes,2,0,4,1
0000948708,SMSI,Smith Micro Software Inc,2022-01-01,189,8,0,17,16,2026-09-18,yes,2,22,0,0
0001886894,SNAL,"Snail, Inc. Class A Common Stock",2022-01-01,26,4,1,19,12,2026-09-01,yes,2,0,14,1
0001640147,SNOW,Snowflake Inc.,2022-01-01,602,24,0,0,5,2026-10-02,yes,2,0,6,2
0000883241,SNPS,Synopsys Inc,2022-01-01,268,8,0,2,5,2026-09-16,yes,2,0,1,0
0001840856,SOUN,"SoundHound AI, Inc. Class A Common Stock",2022-01-01,250,14,4,27,17,2026-09-21,yes,2,3,38,1
0001092699,SPSC,"SPS Commerce, Inc.",2022-01-01,163,10,0,5,0,2026-08-14,yes,2,0,2,0
0001517375,SPT,"Sprout Social, Inc Class A Common Stock",2022-01-01,279,23,0,0,6,2026-10-02,yes,2,0,2,0
0001402436,SSNC,SS&C Technologies Inc,2022-01-01,114,19,0,0,4,2026-08-18,yes,2,0,4,2
0001351636,SSTI,"SoundThinking, Inc. Common Stock",2022-01-01,225,25,1,0,3,2026-10-02,yes,2,0,22,2
0001943289,SVCO,"Silvaco Group, Inc. Common Stock",2022-01-01,123,2,0,12,9,2026-09-01,yes,1,0,8,0
0002092574,SWMR,"Swarmer, Inc Common Stock",2022-01-01,33,0,0,2,4,2026-10-02,no,,,,
0000816761,TDC,TERADATA CORPORATION,2022-01-01,242,21,0,3,7,2026-09-17,yes,1,1,2,0
0001650372,TEAM,Atlassian Corporation Class A Common Stock,2022-01-01,2020,32,0,0,6,2026-09-22,yes,2,0,3,0
0001660280,TENB,"Tenable Holdings, Inc.",2022-01-01,274,14,0,7,5,2026-09-15,yes,2,0,6,2
0001638826,TTAN,"ServiceTitan, Inc. Class A Common Stock",2022-01-01,154,0,0,9,7,2026-09-23,yes,2,0,8,0
0000946581,TTWO,Take-Two Interactive Software Inc,2022-01-01,264,12,0,3,4,2026-10-02,yes,2,0,1,10
0001447669,TWLO,Twilio Inc.,2022-01-01,372,19,0,15,4,2026-10-02,yes,3,0,3,0
0000860731,TYL,"Tyler Technologies, Inc.",2022-01-01,252,7,0,9,1,2026-10-02,yes,2,0,1,0
0001810806,U,Unity Software Inc.,2022-01-01,369,18,0,5,6,2026-09-01,yes,2,0,2,0
0001505155,UPLD,"Upland Software, Inc.",2022-01-01,183,14,0,5,6,2026-09-21,yes,3,0,8,1
0001393052,VEEV,Veeva Systems Inc.,2022-01-01,469,22,0,6,5,2026-10-02,yes,1,0,4,2
0001806837,VERX,"Vertex, Inc. Class A Common Stock",2022-01-01,272,33,0,2,2,2026-10-01,yes,2,0,3,3
0001603015,VIA,"Via Transportation, Inc.",2022-01-01,33,0,0,6,4,2026-08-20,yes,2,4,4,1
0001973062,VIDA,VIDA Global Inc.,2022-01-01,15,0,0,0,4,2026-09-30,no,,,,
0001361113,VRNS,"Varonis Systems, Inc.",2022-01-01,176,13,0,0,9,2026-07-29,yes,2,0,3,0
0002038439,VWAV,"VisionWave Holdings, Inc. Common Stock",2022-01-01,23,0,4,15,9,2026-10-01,yes,2,12,6,0
0001609151,WEAV,"Weave Communications, Inc.",2022-01-01,293,18,0,0,3,2026-09-25,yes,2,0,6,1
0001360565,WFCF,"Where Food Comes From, Inc. Common Stock",2022-01-01,50,3,0,0,5,2026-09-30,yes,2,0,1,0
0001445305,WK,Workiva Inc.,2022-01-01,191,18,0,0,3,2026-09-16,yes,2,0,2,2
0001788999,XPER,Xperi Inc,2022-01-01,88,22,0,19,4,2026-08-14,yes,2,0,4,0
0001512673,XYZ,"Block, Inc.",2022-01-01,495,14,0,3,4,2026-10-02,yes,2,0,1,0
0001873951,XZO,"Exzeo Group, Inc.",2022-01-01,70,0,0,2,3,2026-08-14,yes,3,0,4,2
0001856314,YOU,"Clear Secure, Inc.",2022-01-01,271,37,1,3,1,2026-09-30,yes,2,0,2,0
0001667313,ZDGE,"Zedge, Inc.",2022-01-01,69,3,1,0,3,2026-10-02,yes,2,0,0,1
0001851003,ZETA,Zeta Global Holdings Corp.,2022-01-01,183,21,0,3,2,2026-10-02,yes,2,1,3,1
