ticker,date,open,high,low,close,volume,vwap,transactions,source_ticker,history_source,cik,mapping_status,source_api,symbol_evidence_url,source_cik_metadata,cik_assignment_basis,price_identity_status,close_to_prior_close_change,elapsed_calendar_days,adjacent_observed_session,adjacent_observed_session_return,return_interval_status,price_integrity_status
AIFF,2023-08-02,20.865,27.0,15.003,17.4,3960746.233333,,,WAVD,verified_former_symbol,0000803578,SEC_observed_symbol_entity_class_and_corporate_action_review_required,https://api.massive.com/v2/aggs/ticker/WAVD/range/1/day/2022-01-01/2024-08-12?adjusted=true&sort=asc&limit=50000,https://www.sec.gov/Archives/edgar/data/803578/000143774922008763/iaic20211231_10k.htm,803578.0,fixed_target_universe_with_separate_dated_price_identity_review,provider_issuer_and_share_identity_match,1.109090909090909,1.0,True,1.109090909090909,adjacent_observed_universe_sessions_not_certified_exchange_calendar,large_return_requires_event_or_corporate_action_review_not_automatically_bad_data
AIFF,2023-11-16,8.13,8.9397,7.02,8.37,8157426.666667,,,WAVD,verified_former_symbol,0000803578,SEC_observed_symbol_entity_class_and_corporate_action_review_required,https://api.massive.com/v2/aggs/ticker/WAVD/range/1/day/2022-01-01/2024-08-12?adjusted=true&sort=asc&limit=50000,https://www.sec.gov/Archives/edgar/data/803578/000143774922008763/iaic20211231_10k.htm,803578.0,fixed_target_universe_with_separate_dated_price_identity_review,provider_issuer_and_share_identity_match,0.7658227848101264,1.0,True,0.7658227848101264,adjacent_observed_universe_sessions_not_certified_exchange_calendar,large_return_requires_event_or_corporate_action_review_not_automatically_bad_data
AIFF,2025-01-14,4.49,5.8,2.85,3.15,131280318.0,4.1293,704755.0,AIFF,current_symbol,0000803578,,,,,fixed_target_universe_with_separate_dated_price_identity_review,provider_issuer_and_share_identity_match,0.6578947368421053,1.0,True,0.6578947368421053,adjacent_observed_universe_sessions_not_certified_exchange_calendar,large_return_requires_event_or_corporate_action_review_not_automatically_bad_data
AIFF,2025-02-11,4.2999,11.51,3.95,8.4,195409794.0,7.1002,1095078.0,AIFF,current_symbol,0000803578,,,,,fixed_target_universe_with_separate_dated_price_identity_review,provider_issuer_and_share_identity_match,1.709677419354839,1.0,True,1.709677419354839,adjacent_observed_universe_sessions_not_certified_exchange_calendar,large_return_requires_event_or_corporate_action_review_not_automatically_bad_data
AIFF,2025-02-12,10.73,14.4499,10.57,12.97,94554576.0,12.2435,756667.0,AIFF,current_symbol,0000803578,,,,,fixed_target_universe_with_separate_dated_price_identity_review,provider_issuer_and_share_identity_match,0.5440476190476191,1.0,True,0.5440476190476191,adjacent_observed_universe_sessions_not_certified_exchange_calendar,large_return_requires_event_or_corporate_action_review_not_automatically_bad_data
AIFF,2026-03-04,1.215,1.8899,0.98,1.55,318993066.273345,1.353,687852.0,AIFF,current_symbol,0000803578,,,,,fixed_target_universe_with_separate_dated_price_identity_review,provider_issuer_and_share_identity_match,1.262773722627737,1.0,True,1.262773722627737,adjacent_observed_universe_sessions_not_certified_exchange_calendar,large_return_requires_event_or_corporate_action_review_not_automatically_bad_data
AIFF,2026-03-13,1.9,2.83,1.85,2.75,80566193.621798,2.5087,282842.0,AIFF,current_symbol,0000803578,,,,,fixed_target_universe_with_separate_dated_price_identity_review,provider_issuer_and_share_identity_match,0.5804597701149425,1.0,True,0.5804597701149425,adjacent_observed_universe_sessions_not_certified_exchange_calendar,large_return_requires_event_or_corporate_action_review_not_automatically_bad_data
AIFF,2026-03-26,2.06,3.1499,2.01,3.02,109821863.513987,2.4322,368252.0,AIFF,current_symbol,0000803578,,,,,fixed_target_universe_with_separate_dated_price_identity_review,provider_issuer_and_share_identity_match,0.7976190476190477,1.0,True,0.7976190476190477,adjacent_observed_universe_sessions_not_certified_exchange_calendar,large_return_requires_event_or_corporate_action_review_not_automatically_bad_data
AIFF,2026-09-25,1.71,2.13,1.48,2.01,143747229.311677,1.6811,466536.0,AIFF,current_symbol,0000803578,,,,,fixed_target_universe_with_separate_dated_price_identity_review,provider_issuer_and_share_identity_match,0.6890756302521008,1.0,True,0.6890756302521008,adjacent_observed_universe_sessions_not_certified_exchange_calendar,large_return_requires_event_or_corporate_action_review_not_automatically_bad_data
AISP,2024-03-05,3.3,5.97,2.63,4.95,217603607.0,3.7801,873880.0,AISP,current_symbol,0001842566,,,,,fixed_target_universe_with_separate_dated_price_identity_review,same_share_class_issuer_fields_incomplete_requires_SEC_review,2.0000000000000004,1.0,True,2.0000000000000004,adjacent_observed_universe_sessions_not_certified_exchange_calendar,large_return_requires_event_or_corporate_action_review_not_automatically_bad_data
AMPL,2022-02-17,26.0,26.18,16.66,17.1,20105317.0,19.71,154415.0,AMPL,current_symbol,0001866692,,,,,fixed_target_universe_with_separate_dated_price_identity_review,provider_issuer_and_share_identity_match,-0.5890410958904109,1.0,True,-0.5890410958904109,adjacent_observed_universe_sessions_not_certified_exchange_calendar,large_return_requires_event_or_corporate_action_review_not_automatically_bad_data
AMST,2022-08-30,5.5296,5.6376,4.5804,4.8456,279780.833333,5.1373,8752.0,AMST,current_symbol,0001807166,,,,,fixed_target_universe_with_separate_dated_price_identity_review,provider_issuer_and_share_identity_match,-0.5144883972586269,1.0,True,-0.5144883972586269,adjacent_observed_universe_sessions_not_certified_exchange_calendar,large_return_requires_event_or_corporate_action_review_not_automatically_bad_data
AMST,2023-02-14,8.7696,9.3528,5.5212,6.1176,13043056.5,7.1476,215063.0,AMST,current_symbol,0001807166,,,,,fixed_target_universe_with_separate_dated_price_identity_review,provider_issuer_and_share_identity_match,0.8161738510865695,1.0,True,0.8161738510865695,adjacent_observed_universe_sessions_not_certified_exchange_calendar,large_return_requires_event_or_corporate_action_review_not_automatically_bad_data
AMST,2023-04-03,2.72,5.03,2.7,4.69,5263993.0,4.2838,22531.0,AMST,current_symbol,0001807166,,,,,fixed_target_universe_with_separate_dated_price_identity_review,provider_issuer_and_share_identity_match,0.7969348659003834,3.0,True,0.7969348659003834,adjacent_observed_universe_sessions_not_certified_exchange_calendar,large_return_requires_event_or_corporate_action_review_not_automatically_bad_data
AMST,2024-04-24,3.8,4.34,2.96,3.35,70566626.0,3.5522,438550.0,AMST,current_symbol,0001807166,,,,,fixed_target_universe_with_separate_dated_price_identity_review,provider_issuer_and_share_identity_match,0.675,1.0,True,0.675,adjacent_observed_universe_sessions_not_certified_exchange_calendar,large_return_requires_event_or_corporate_action_review_not_automatically_bad_data
AMST,2026-05-19,2.42,2.67,1.65,1.73,149220860.696557,2.28,773305.0,AMST,current_symbol,0001807166,,,,,fixed_target_universe_with_separate_dated_price_identity_review,provider_issuer_and_share_identity_match,1.2007378196158247,1.0,True,1.2007378196158247,adjacent_observed_universe_sessions_not_certified_exchange_calendar,large_return_requires_event_or_corporate_action_review_not_automatically_bad_data
AUID,2022-03-21,24.72,40.428,24.72,37.36,397203.625,36.0861,13657.0,AUID,current_symbol,0001534154,,,,,fixed_target_universe_with_separate_dated_price_identity_review,provider_issuer_and_share_identity_match,0.5412541254125414,3.0,True,0.5412541254125414,adjacent_observed_universe_sessions_not_certified_exchange_calendar,large_return_requires_event_or_corporate_action_review_not_automatically_bad_data
AUID,2026-01-15,1.93,2.45,1.65,1.71,295101431.0,1.9609,859718.0,AUID,current_symbol,0001534154,,,,,fixed_target_universe_with_separate_dated_price_identity_review,provider_issuer_and_share_identity_match,0.7229219143576826,1.0,True,0.7229219143576826,adjacent_observed_universe_sessions_not_certified_exchange_calendar,large_return_requires_event_or_corporate_action_review_not_automatically_bad_data
BAND,2024-02-28,17.71,18.89,16.47,18.44,2994468.0,17.6553,30544.0,BAND,current_symbol,0001514416,,,,,fixed_target_universe_with_separate_dated_price_identity_review,provider_issuer_and_share_identity_match,0.5176954732510288,1.0,True,0.5176954732510288,adjacent_observed_universe_sessions_not_certified_exchange_calendar,large_return_requires_event_or_corporate_action_review_not_automatically_bad_data
BAND,2026-04-30,30.955,36.88,30.875,36.81,4156761.587799,34.7807,56931.0,BAND,current_symbol,0001514416,,,,,fixed_target_universe_with_separate_dated_price_identity_review,provider_issuer_and_share_identity_match,0.5210743801652893,1.0,True,0.5210743801652893,adjacent_observed_universe_sessions_not_certified_exchange_calendar,large_return_requires_event_or_corporate_action_review_not_automatically_bad_data
BBAI,2023-01-12,3.63,3.85,2.65,3.05,112679456.0,3.0201,446771.0,BBAI,current_symbol,0001836981,,,,,fixed_target_universe_with_separate_dated_price_identity_review,provider_issuer_and_share_identity_match,2.6047748493085923,1.0,True,2.6047748493085923,adjacent_observed_universe_sessions_not_certified_exchange_calendar,large_return_requires_event_or_corporate_action_review_not_automatically_bad_data
BBAI,2023-01-30,3.02,4.14,2.5501,3.98,60434107.0,3.4456,249749.0,BBAI,current_symbol,0001836981,,,,,fixed_target_universe_with_separate_dated_price_identity_review,provider_issuer_and_share_identity_match,0.6446280991735538,3.0,True,0.6446280991735538,adjacent_observed_universe_sessions_not_certified_exchange_calendar,large_return_requires_event_or_corporate_action_review_not_automatically_bad_data
BKYI,2024-09-10,18.9,31.5,17.5,20.0,14655939.6,22.0702,518690.0,BKYI,current_symbol,0001019034,,,,,fixed_target_universe_with_separate_dated_price_identity_review,provider_issuer_and_share_identity_match,0.9704433497536946,1.0,True,0.9704433497536946,adjacent_observed_universe_sessions_not_certified_exchange_calendar,large_return_requires_event_or_corporate_action_review_not_automatically_bad_data
BKYI,2024-10-29,15.7,19.5,10.7,12.2,12055551.5,14.1024,391419.0,BKYI,current_symbol,0001019034,,,,,fixed_target_universe_with_separate_dated_price_identity_review,provider_issuer_and_share_identity_match,0.7681159420289854,1.0,True,0.7681159420289854,adjacent_observed_universe_sessions_not_certified_exchange_calendar,large_return_requires_event_or_corporate_action_review_not_automatically_bad_data
BKYI,2024-12-30,16.3,26.8,14.5,23.8,539778.6,20.1255,19340.0,BKYI,current_symbol,0001019034,,,,,fixed_target_universe_with_separate_dated_price_identity_review,provider_issuer_and_share_identity_match,0.6879432624113475,3.0,True,0.6879432624113475,adjacent_observed_universe_sessions_not_certified_exchange_calendar,large_return_requires_event_or_corporate_action_review_not_automatically_bad_data
BKYI,2025-01-15,15.1,36.8,14.7,22.8,19920342.0,25.5066,703819.0,BKYI,current_symbol,0001019034,,,,,fixed_target_universe_with_separate_dated_price_identity_review,provider_issuer_and_share_identity_match,0.664233576642336,1.0,True,0.664233576642336,adjacent_observed_universe_sessions_not_certified_exchange_calendar,large_return_requires_event_or_corporate_action_review_not_automatically_bad_data
BKYI,2025-11-07,9.407,13.8,8.429,9.62,47925230.2,10.685,888363.0,BKYI,current_symbol,0001019034,,,,,fixed_target_universe_with_separate_dated_price_identity_review,provider_issuer_and_share_identity_match,0.5156766976524341,1.0,True,0.5156766976524341,adjacent_observed_universe_sessions_not_certified_exchange_calendar,large_return_requires_event_or_corporate_action_review_not_automatically_bad_data
BKYI,2026-09-29,3.37,4.66,2.7,3.12,169589532.954249,3.2231,1083113.0,BKYI,current_symbol,0001019034,,,,,fixed_target_universe_with_separate_dated_price_identity_review,provider_issuer_and_share_identity_match,0.8571428571428572,1.0,True,0.8571428571428572,adjacent_observed_universe_sessions_not_certified_exchange_calendar,large_return_requires_event_or_corporate_action_review_not_automatically_bad_data
BLZE,2026-05-05,7.43,8.42,7.12,7.59,37172898.008703,7.5635,297211.0,BLZE,current_symbol,0001462056,,,,,fixed_target_universe_with_separate_dated_price_identity_review,provider_issuer_and_share_identity_match,0.6357758620689655,1.0,True,0.6357758620689655,adjacent_observed_universe_sessions_not_certified_exchange_calendar,large_return_requires_event_or_corporate_action_review_not_automatically_bad_data
CCLD,2024-05-13,1.555,2.6,1.535,2.32,92091725.0,2.1846,376505.0,CCLD,current_symbol,0001582982,,,,,fixed_target_universe_with_separate_dated_price_identity_review,provider_issuer_and_share_identity_match,0.8412698412698412,3.0,True,0.8412698412698412,adjacent_observed_universe_sessions_not_certified_exchange_calendar,large_return_requires_event_or_corporate_action_review_not_automatically_bad_data
CRNC,2024-11-21,3.4,6.41,3.3914,5.83,77555939.0,5.3425,308209.0,CRNC,current_symbol,0001768267,,,,,fixed_target_universe_with_separate_dated_price_identity_review,provider_issuer_and_share_identity_match,1.0673758865248226,1.0,True,1.0673758865248226,adjacent_observed_universe_sessions_not_certified_exchange_calendar,large_return_requires_event_or_corporate_action_review_not_automatically_bad_data
CRNC,2025-01-03,10.79,19.89,10.3901,19.33,161799588.0,15.7557,951310.0,CRNC,current_symbol,0001768267,,,,,fixed_target_universe_with_separate_dated_price_identity_review,provider_issuer_and_share_identity_match,1.4375788146279946,1.0,True,1.4375788146279946,adjacent_observed_universe_sessions_not_certified_exchange_calendar,large_return_requires_event_or_corporate_action_review_not_automatically_bad_data
CXAI,2023-04-13,137.5,486.5,135.0,356.5,3275548.64,246.9745,669544.0,CXAI,current_symbol,0001820875,,,,,fixed_target_universe_with_separate_dated_price_identity_review,provider_issuer_and_share_identity_match,3.45625,1.0,True,3.45625,adjacent_observed_universe_sessions_not_certified_exchange_calendar,large_return_requires_event_or_corporate_action_review_not_automatically_bad_data
CXAI,2023-04-14,937.5,1050.0,575.0,692.5,760504.38,799.4931,416027.0,CXAI,current_symbol,0001820875,,,,,fixed_target_universe_with_separate_dated_price_identity_review,provider_issuer_and_share_identity_match,0.9424964936886395,1.0,True,0.9424964936886395,adjacent_observed_universe_sessions_not_certified_exchange_calendar,large_return_requires_event_or_corporate_action_review_not_automatically_bad_data
CXAI,2023-04-25,432.0,682.995,402.5,625.0,1076300.82,537.2226,328948.0,CXAI,current_symbol,0001820875,,,,,fixed_target_universe_with_separate_dated_price_identity_review,provider_issuer_and_share_identity_match,0.9872813990461049,1.0,True,0.9872813990461049,adjacent_observed_universe_sessions_not_certified_exchange_calendar,large_return_requires_event_or_corporate_action_review_not_automatically_bad_data
CXAI,2023-05-30,375.5,598.5,359.0,560.0,103779.22,512.1308,35475.0,CXAI,current_symbol,0001820875,,,,,fixed_target_universe_with_separate_dated_price_identity_review,provider_issuer_and_share_identity_match,0.5363511659807956,4.0,True,0.5363511659807956,adjacent_observed_universe_sessions_not_certified_exchange_calendar,large_return_requires_event_or_corporate_action_review_not_automatically_bad_data
CXAI,2023-09-05,155.5,284.5,155.0,240.5,230272.96,238.1136,49805.0,CXAI,current_symbol,0001820875,,,,,fixed_target_universe_with_separate_dated_price_identity_review,provider_issuer_and_share_identity_match,0.5269841269841269,4.0,True,0.5269841269841269,adjacent_observed_universe_sessions_not_certified_exchange_calendar,large_return_requires_event_or_corporate_action_review_not_automatically_bad_data
CXAI,2024-02-27,83.5,172.5,76.5,141.0,2003582.04,135.1521,369124.0,CXAI,current_symbol,0001820875,,,,,fixed_target_universe_with_separate_dated_price_identity_review,provider_issuer_and_share_identity_match,0.8193548387096774,1.0,True,0.8193548387096774,adjacent_observed_universe_sessions_not_certified_exchange_calendar,large_return_requires_event_or_corporate_action_review_not_automatically_bad_data
CXAI,2024-03-13,113.0,166.5,108.5,162.0,500784.32,136.0362,93238.0,CXAI,current_symbol,0001820875,,,,,fixed_target_universe_with_separate_dated_price_identity_review,provider_issuer_and_share_identity_match,0.5960591133004927,1.0,True,0.5960591133004927,adjacent_observed_universe_sessions_not_certified_exchange_calendar,large_return_requires_event_or_corporate_action_review_not_automatically_bad_data
CXAI,2024-04-01,189.0,353.5,176.5,307.5,4795241.62,273.4707,1025701.0,CXAI,current_symbol,0001820875,,,,,fixed_target_universe_with_separate_dated_price_identity_review,provider_issuer_and_share_identity_match,1.510204081632653,4.0,True,1.510204081632653,adjacent_observed_universe_sessions_not_certified_exchange_calendar,large_return_requires_event_or_corporate_action_review_not_automatically_bad_data
CXAI,2024-08-13,121.5,188.0,120.0,135.5,3767217.66,148.2167,614071.0,CXAI,current_symbol,0001820875,,,,,fixed_target_universe_with_separate_dated_price_identity_review,provider_issuer_and_share_identity_match,0.8435374149659864,1.0,True,0.8435374149659864,adjacent_observed_universe_sessions_not_certified_exchange_calendar,large_return_requires_event_or_corporate_action_review_not_automatically_bad_data
CXAI,2025-04-04,54.0,74.5,47.53,71.0,1845183.1,59.6529,225582.0,CXAI,current_symbol,0001820875,,,,,fixed_target_universe_with_separate_dated_price_identity_review,provider_issuer_and_share_identity_match,0.7600396628656418,1.0,True,0.7600396628656418,adjacent_observed_universe_sessions_not_certified_exchange_calendar,large_return_requires_event_or_corporate_action_review_not_automatically_bad_data
CXAI,2026-06-04,15.505,16.735,12.72,12.765,10763609.576974,14.3326,420631.0,CXAI,current_symbol,0001820875,,,,,fixed_target_universe_with_separate_dated_price_identity_review,provider_issuer_and_share_identity_match,0.6036432160804022,1.0,True,0.6036432160804022,adjacent_observed_universe_sessions_not_certified_exchange_calendar,large_return_requires_event_or_corporate_action_review_not_automatically_bad_data
FATN,2026-05-28,5.7,8.6065,5.6,7.66,4465284.475673,7.5613,41563.0,FATN,current_symbol,0001993400,,,,,fixed_target_universe_with_separate_dated_price_identity_review,provider_issuer_and_share_identity_match,0.5892116182572613,1.0,True,0.5892116182572613,adjacent_observed_universe_sessions_not_certified_exchange_calendar,large_return_requires_event_or_corporate_action_review_not_automatically_bad_data
FNGR,2022-09-28,1.05,1.93,1.05,1.7,4666748.0,1.5633,10967.0,FNGR,current_symbol,0001602409,,,,,fixed_target_universe_with_separate_dated_price_identity_review,provider_issuer_and_share_identity_match,0.6049848942598188,1.0,True,0.6049848942598188,adjacent_observed_universe_sessions_not_certified_exchange_calendar,large_return_requires_event_or_corporate_action_review_not_automatically_bad_data
FNGR,2022-09-30,1.82,3.77,1.82,3.37,31728849.0,3.1183,85864.0,FNGR,current_symbol,0001602409,,,,,fixed_target_universe_with_separate_dated_price_identity_review,provider_issuer_and_share_identity_match,0.8216216216216217,1.0,True,0.8216216216216217,adjacent_observed_universe_sessions_not_certified_exchange_calendar,large_return_requires_event_or_corporate_action_review_not_automatically_bad_data
FNGR,2022-10-03,4.21,6.5,4.18,6.5,73569038.0,5.4824,296969.0,FNGR,current_symbol,0001602409,,,,,fixed_target_universe_with_separate_dated_price_identity_review,provider_issuer_and_share_identity_match,0.9287833827893175,3.0,True,0.9287833827893175,adjacent_observed_universe_sessions_not_certified_exchange_calendar,large_return_requires_event_or_corporate_action_review_not_automatically_bad_data
FNGR,2026-08-28,0.3022,0.71,0.3,0.398,1246831212.790223,0.4491,1456898.0,FNGR,current_symbol,0001602409,,,,,fixed_target_universe_with_separate_dated_price_identity_review,provider_issuer_and_share_identity_match,1.2952710495963093,1.0,True,1.2952710495963093,adjacent_observed_universe_sessions_not_certified_exchange_calendar,large_return_requires_event_or_corporate_action_review_not_automatically_bad_data
FSLY,2026-02-12,13.49,17.8599,13.38,16.04,116491671.0,15.85,637540.0,FSLY,current_symbol,0001517413,,,,,fixed_target_universe_with_separate_dated_price_identity_review,provider_issuer_and_share_identity_match,0.722878625134264,1.0,True,0.722878625134264,adjacent_observed_universe_sessions_not_certified_exchange_calendar,large_return_requires_event_or_corporate_action_review_not_automatically_bad_data
GXAI,2024-02-16,14.4,19.2,7.68,8.4816,9005735.5,12.0878,270929.0,GXAI,current_symbol,0001895618,,,,,fixed_target_universe_with_separate_dated_price_identity_review,same_share_class_issuer_fields_incomplete_requires_SEC_review,1.7717647058823531,1.0,True,1.7717647058823531,adjacent_observed_universe_sessions_not_certified_exchange_calendar,large_return_requires_event_or_corporate_action_review_not_automatically_bad_data
GXAI,2024-03-13,10.59,16.27,6.5,8.04,43556207.0,11.601,457001.0,GXAI,current_symbol,0001895618,,,,,fixed_target_universe_with_separate_dated_price_identity_review,same_share_class_issuer_fields_incomplete_requires_SEC_review,0.5112781954887216,1.0,True,0.5112781954887216,adjacent_observed_universe_sessions_not_certified_exchange_calendar,large_return_requires_event_or_corporate_action_review_not_automatically_bad_data
GXAI,2024-12-06,1.99,3.6399,1.86,2.6,146214070.0,2.6897,578860.0,GXAI,current_symbol,0001895618,,,,,fixed_target_universe_with_separate_dated_price_identity_review,same_share_class_issuer_fields_incomplete_requires_SEC_review,0.830985915492958,1.0,True,0.830985915492958,adjacent_observed_universe_sessions_not_certified_exchange_calendar,large_return_requires_event_or_corporate_action_review_not_automatically_bad_data
GXAI,2024-12-09,3.64,5.55,3.49,4.08,107839940.0,4.5111,480560.0,GXAI,current_symbol,0001895618,,,,,fixed_target_universe_with_separate_dated_price_identity_review,same_share_class_issuer_fields_incomplete_requires_SEC_review,0.5692307692307692,3.0,True,0.5692307692307692,adjacent_observed_universe_sessions_not_certified_exchange_calendar,large_return_requires_event_or_corporate_action_review_not_automatically_bad_data
GXAI,2025-08-19,1.71,2.43,1.51,2.06,250952092.0,1.905,831412.0,GXAI,current_symbol,0001895618,,,,,fixed_target_universe_with_separate_dated_price_identity_review,same_share_class_issuer_fields_incomplete_requires_SEC_review,0.8727272727272726,1.0,True,0.8727272727272726,adjacent_observed_universe_sessions_not_certified_exchange_calendar,large_return_requires_event_or_corporate_action_review_not_automatically_bad_data
GXAI,2025-08-21,1.85,2.96,1.83,2.76,32830523.0,2.3734,97939.0,GXAI,current_symbol,0001895618,,,,,fixed_target_universe_with_separate_dated_price_identity_review,same_share_class_issuer_fields_incomplete_requires_SEC_review,0.5164835164835164,1.0,True,0.5164835164835164,adjacent_observed_universe_sessions_not_certified_exchange_calendar,large_return_requires_event_or_corporate_action_review_not_automatically_bad_data
IDAI,2022-04-28,471.75,603.7425,331.5,352.5,738897.96,476.65,271457.0,IDAI,current_symbol,0001718939,,,,,fixed_target_universe_with_separate_dated_price_identity_review,same_share_class_issuer_fields_incomplete_requires_SEC_review,1.2380952380952381,1.0,True,1.2380952380952381,adjacent_observed_universe_sessions_not_certified_exchange_calendar,large_return_requires_event_or_corporate_action_review_not_automatically_bad_data
IDAI,2023-04-12,28.65,61.5,26.6955,57.3,215133.0,55.777,16887.0,IDAI,current_symbol,0001718939,,,,,fixed_target_universe_with_separate_dated_price_identity_review,same_share_class_issuer_fields_incomplete_requires_SEC_review,1.0,1.0,True,1.0,adjacent_observed_universe_sessions_not_certified_exchange_calendar,large_return_requires_event_or_corporate_action_review_not_automatically_bad_data
IDAI,2023-08-01,13.995,25.2,12.9,21.75,1491251.533333,20.699,52785.0,IDAI,current_symbol,0001718939,,,,,fixed_target_universe_with_separate_dated_price_identity_review,same_share_class_issuer_fields_incomplete_requires_SEC_review,0.7469879518072291,1.0,True,0.7469879518072291,adjacent_observed_universe_sessions_not_certified_exchange_calendar,large_return_requires_event_or_corporate_action_review_not_automatically_bad_data
IDAI,2023-08-02,25.8,43.5,25.575,32.85,7934400.533333,35.9372,326581.0,IDAI,current_symbol,0001718939,,,,,fixed_target_universe_with_separate_dated_price_identity_review,same_share_class_issuer_fields_incomplete_requires_SEC_review,0.510344827586207,1.0,True,0.510344827586207,adjacent_observed_universe_sessions_not_certified_exchange_calendar,large_return_requires_event_or_corporate_action_review_not_automatically_bad_data
IDAI,2023-08-09,24.45,42.75,24.0015,36.75,956443.933333,36.0188,41227.0,IDAI,current_symbol,0001718939,,,,,fixed_target_universe_with_separate_dated_price_identity_review,same_share_class_issuer_fields_incomplete_requires_SEC_review,0.5506329113924051,1.0,True,0.5506329113924051,adjacent_observed_universe_sessions_not_certified_exchange_calendar,large_return_requires_event_or_corporate_action_review_not_automatically_bad_data
IDAI,2024-11-26,5.4135,7.2885,4.665,5.475,37345283.866667,5.6755,426573.0,IDAI,current_symbol,0001718939,,,,,fixed_target_universe_with_separate_dated_price_identity_review,same_share_class_issuer_fields_incomplete_requires_SEC_review,1.0277777777777777,1.0,True,1.0277777777777777,adjacent_observed_universe_sessions_not_certified_exchange_calendar,large_return_requires_event_or_corporate_action_review_not_automatically_bad_data
IDAI,2024-11-27,10.461,12.8745,7.8495,12.6,24960035.733333,9.9652,371691.0,IDAI,current_symbol,0001718939,,,,,fixed_target_universe_with_separate_dated_price_identity_review,same_share_class_issuer_fields_incomplete_requires_SEC_review,1.3013698630136985,1.0,True,1.3013698630136985,adjacent_observed_universe_sessions_not_certified_exchange_calendar,large_return_requires_event_or_corporate_action_review_not_automatically_bad_data
IDAI,2024-12-30,10.797,18.75,9.4725,18.0,1791670.4,14.4253,44383.0,IDAI,current_symbol,0001718939,,,,,fixed_target_universe_with_separate_dated_price_identity_review,same_share_class_issuer_fields_incomplete_requires_SEC_review,0.6901408450704225,3.0,True,0.6901408450704225,adjacent_observed_universe_sessions_not_certified_exchange_calendar,large_return_requires_event_or_corporate_action_review_not_automatically_bad_data
IDN,2024-03-22,2.05,3.18,2.02,3.06,13987936.0,2.8294,57702.0,IDN,current_symbol,0001040896,,,,,fixed_target_universe_with_separate_dated_price_identity_review,provider_issuer_and_share_identity_match,0.7485714285714287,1.0,True,0.7485714285714287,adjacent_observed_universe_sessions_not_certified_exchange_calendar,large_return_requires_event_or_corporate_action_review_not_automatically_bad_data
IVDA,2026-06-16,0.45,0.7012,0.41,0.515,367656679.45101,0.5485,637315.0,IVDA,current_symbol,0001397183,,,,,fixed_target_universe_with_separate_dated_price_identity_review,issuer_identity_fields_missing_requires_review,0.6287160025300444,1.0,True,0.6287160025300444,adjacent_observed_universe_sessions_not_certified_exchange_calendar,large_return_requires_event_or_corporate_action_review_not_automatically_bad_data
LAW,2022-08-12,16.5,16.64,12.78,13.43,13919734.0,13.7465,116449.0,LAW,current_symbol,0001625641,,,,,fixed_target_universe_with_separate_dated_price_identity_review,provider_issuer_and_share_identity_match,-0.5362569060773481,1.0,True,-0.5362569060773481,adjacent_observed_universe_sessions_not_certified_exchange_calendar,large_return_requires_event_or_corporate_action_review_not_automatically_bad_data
LTRYW,2022-07-29,0.0666,0.099,0.0151,0.024,3967390.0,0.027,3984.0,LTRYW,current_symbol,0001673481,,,,,fixed_target_universe_with_separate_dated_price_identity_review,issuer_matches_share_class_or_corporate_action_requires_review,-0.7391304347826086,1.0,True,-0.7391304347826086,adjacent_observed_universe_sessions_not_certified_exchange_calendar,large_return_requires_event_or_corporate_action_review_not_automatically_bad_data
LTRYW,2022-08-03,0.04,0.1,0.0343,0.0545,2856362.0,0.0606,3324.0,LTRYW,current_symbol,0001673481,,,,,fixed_target_universe_with_separate_dated_price_identity_review,issuer_matches_share_class_or_corporate_action_requires_review,0.6124260355029587,1.0,True,0.6124260355029587,adjacent_observed_universe_sessions_not_certified_exchange_calendar,large_return_requires_event_or_corporate_action_review_not_automatically_bad_data
LTRYW,2023-08-17,0.0131,0.025,0.0131,0.02,614690.0,0.0203,213.0,LTRYW,current_symbol,0001673481,,,,,fixed_target_universe_with_separate_dated_price_identity_review,issuer_matches_share_class_or_corporate_action_requires_review,0.5384615384615385,1.0,True,0.5384615384615385,adjacent_observed_universe_sessions_not_certified_exchange_calendar,large_return_requires_event_or_corporate_action_review_not_automatically_bad_data
LTRYW,2023-12-18,0.0021,0.0105,0.0021,0.0105,110525.0,0.0061,84.0,LTRYW,current_symbol,0001673481,,,,,fixed_target_universe_with_separate_dated_price_identity_review,issuer_matches_share_class_or_corporate_action_requires_review,0.9811320754716981,3.0,True,0.9811320754716981,adjacent_observed_universe_sessions_not_certified_exchange_calendar,large_return_requires_event_or_corporate_action_review_not_automatically_bad_data
LTRYW,2023-12-21,0.0051,0.04,0.0051,0.019,5254019.0,0.0262,3465.0,LTRYW,current_symbol,0001673481,,,,,fixed_target_universe_with_separate_dated_price_identity_review,issuer_matches_share_class_or_corporate_action_requires_review,1.1111111111111112,1.0,True,1.1111111111111112,adjacent_observed_universe_sessions_not_certified_exchange_calendar,large_return_requires_event_or_corporate_action_review_not_automatically_bad_data
LTRYW,2024-08-08,0.0128,0.0222,0.0124,0.0199,526420.0,0.0253,1511.0,LTRYW,current_symbol,0001673481,,,,,fixed_target_universe_with_separate_dated_price_identity_review,issuer_matches_share_class_or_corporate_action_requires_review,0.6722689075630253,1.0,True,0.6722689075630253,adjacent_observed_universe_sessions_not_certified_exchange_calendar,large_return_requires_event_or_corporate_action_review_not_automatically_bad_data
LTRYW,2024-12-27,0.0083,0.0149,0.0083,0.0114,492486.0,0.01,256.0,LTRYW,current_symbol,0001673481,,,,,fixed_target_universe_with_separate_dated_price_identity_review,issuer_matches_share_class_or_corporate_action_requires_review,0.6056338028169013,1.0,True,0.6056338028169013,adjacent_observed_universe_sessions_not_certified_exchange_calendar,large_return_requires_event_or_corporate_action_review_not_automatically_bad_data
LTRYW,2025-05-21,0.012,0.0568,0.0106,0.0501,2308484.0,0.0354,1693.0,LTRYW,current_symbol,0001673481,,,,,fixed_target_universe_with_separate_dated_price_identity_review,issuer_matches_share_class_or_corporate_action_requires_review,1.5431472081218276,1.0,True,1.5431472081218276,adjacent_observed_universe_sessions_not_certified_exchange_calendar,large_return_requires_event_or_corporate_action_review_not_automatically_bad_data
MSGM,2022-11-22,4.58,8.67,4.29,6.8,1189993.0,6.5779,7600.0,MSGM,current_symbol,0001821175,,,,,fixed_target_universe_with_separate_dated_price_identity_review,provider_issuer_and_share_identity_match,0.5111111111111111,1.0,True,0.5111111111111111,adjacent_observed_universe_sessions_not_certified_exchange_calendar,large_return_requires_event_or_corporate_action_review_not_automatically_bad_data
MSGM,2023-01-03,4.4,14.43,4.26,6.95,2455195.0,10.0305,19308.0,MSGM,current_symbol,0001821175,,,,,fixed_target_universe_with_separate_dated_price_identity_review,provider_issuer_and_share_identity_match,0.6746987951807228,4.0,True,0.6746987951807228,adjacent_observed_universe_sessions_not_certified_exchange_calendar,large_return_requires_event_or_corporate_action_review_not_automatically_bad_data
MSGM,2023-01-31,7.42,27.6,6.85,21.4,50154391.0,14.8644,415566.0,MSGM,current_symbol,0001821175,,,,,fixed_target_universe_with_separate_dated_price_identity_review,provider_issuer_and_share_identity_match,7.136882129277566,1.0,True,7.136882129277566,adjacent_observed_universe_sessions_not_certified_exchange_calendar,large_return_requires_event_or_corporate_action_review_not_automatically_bad_data
MSGM,2023-02-01,24.97,49.5,23.1,37.0,14509990.0,39.9635,281055.0,MSGM,current_symbol,0001821175,,,,,fixed_target_universe_with_separate_dated_price_identity_review,provider_issuer_and_share_identity_match,0.7289719626168225,1.0,True,0.7289719626168225,adjacent_observed_universe_sessions_not_certified_exchange_calendar,large_return_requires_event_or_corporate_action_review_not_automatically_bad_data
MSGM,2023-08-01,3.75,8.71,3.7,6.6,16409381.0,7.0573,104801.0,MSGM,current_symbol,0001821175,,,,,fixed_target_universe_with_separate_dated_price_identity_review,provider_issuer_and_share_identity_match,0.9231889970277987,1.0,True,0.9231889970277987,adjacent_observed_universe_sessions_not_certified_exchange_calendar,large_return_requires_event_or_corporate_action_review_not_automatically_bad_data
MSGM,2025-04-17,1.18,3.1,1.18,2.75,37004421.0,2.2781,124295.0,MSGM,current_symbol,0001821175,,,,,fixed_target_universe_with_separate_dated_price_identity_review,provider_issuer_and_share_identity_match,1.4553571428571428,1.0,True,1.4553571428571428,adjacent_observed_universe_sessions_not_certified_exchange_calendar,large_return_requires_event_or_corporate_action_review_not_automatically_bad_data
MSGM,2025-11-07,4.555,4.8699,3.1601,3.74,105845268.0,4.3898,996176.0,MSGM,current_symbol,0001821175,,,,,fixed_target_universe_with_separate_dated_price_identity_review,provider_issuer_and_share_identity_match,0.7077625570776258,1.0,True,0.7077625570776258,adjacent_observed_universe_sessions_not_certified_exchange_calendar,large_return_requires_event_or_corporate_action_review_not_automatically_bad_data
MYSZ,2024-12-20,44.4,63.52,31.3608,34.0,15129852.375,44.4364,844610.0,MYSZ,current_symbol,0001211805,,,,,fixed_target_universe_with_separate_dated_price_identity_review,provider_issuer_and_share_identity_match,2.148148148148148,1.0,True,2.148148148148148,adjacent_observed_universe_sessions_not_certified_exchange_calendar,large_return_requires_event_or_corporate_action_review_not_automatically_bad_data
MYSZ,2024-12-27,71.68,75.2,46.0,52.08,4146603.75,63.7696,286304.0,MYSZ,current_symbol,0001211805,,,,,fixed_target_universe_with_separate_dated_price_identity_review,provider_issuer_and_share_identity_match,0.5426540284360191,1.0,True,0.5426540284360191,adjacent_observed_universe_sessions_not_certified_exchange_calendar,large_return_requires_event_or_corporate_action_review_not_automatically_bad_data
PDYN,2024-02-26,0.68,1.19,0.67,1.055,11126838.0,,,STRC,verified_former_symbol,0001826681,SEC_observed_symbol_entity_class_and_corporate_action_review_required,https://api.massive.com/v2/aggs/ticker/STRC/range/1/day/2022-01-01/2024-04-07?adjusted=true&sort=asc&limit=50000,https://www.sec.gov/Archives/edgar/data/1826681/000095017022004931/strc-20211231.htm,1826681.0,fixed_target_universe_with_separate_dated_price_identity_review,provider_issuer_and_share_identity_match,0.7863189976295291,3.0,True,0.7863189976295291,adjacent_observed_universe_sessions_not_certified_exchange_calendar,large_return_requires_event_or_corporate_action_review_not_automatically_bad_data
PDYN,2024-02-27,1.05,1.82,0.91,1.71,13458986.0,,,STRC,verified_former_symbol,0001826681,SEC_observed_symbol_entity_class_and_corporate_action_review_required,https://api.massive.com/v2/aggs/ticker/STRC/range/1/day/2022-01-01/2024-04-07?adjusted=true&sort=asc&limit=50000,https://www.sec.gov/Archives/edgar/data/1826681/000095017022004931/strc-20211231.htm,1826681.0,fixed_target_universe_with_separate_dated_price_identity_review,provider_issuer_and_share_identity_match,0.6208530805687205,1.0,True,0.6208530805687205,adjacent_observed_universe_sessions_not_certified_exchange_calendar,large_return_requires_event_or_corporate_action_review_not_automatically_bad_data
PDYN,2024-11-22,2.22,5.05,2.15,4.6,83072267.0,3.7083,296085.0,PDYN,current_symbol,0001826681,,,,,fixed_target_universe_with_separate_dated_price_identity_review,provider_issuer_and_share_identity_match,1.2999999999999998,1.0,True,1.2999999999999998,adjacent_observed_universe_sessions_not_certified_exchange_calendar,large_return_requires_event_or_corporate_action_review_not_automatically_bad_data
PDYN,2024-11-26,4.24,7.366,4.1,7.21,39615622.0,6.1853,186498.0,PDYN,current_symbol,0001826681,,,,,fixed_target_universe_with_separate_dated_price_identity_review,provider_issuer_and_share_identity_match,0.6349206349206349,1.0,True,0.6349206349206349,adjacent_observed_universe_sessions_not_certified_exchange_calendar,large_return_requires_event_or_corporate_action_review_not_automatically_bad_data
PDYN,2024-12-27,8.54,14.05,8.25,11.77,73113484.0,11.1008,373983.0,PDYN,current_symbol,0001826681,,,,,fixed_target_universe_with_separate_dated_price_identity_review,provider_issuer_and_share_identity_match,0.6145404663923182,1.0,True,0.6145404663923182,adjacent_observed_universe_sessions_not_certified_exchange_calendar,large_return_requires_event_or_corporate_action_review_not_automatically_bad_data
PRCH,2024-10-28,1.56,2.456,1.45,2.18,23407211.0,2.0067,86123.0,PRCH,current_symbol,0001784535,,,,,fixed_target_universe_with_separate_dated_price_identity_review,provider_issuer_and_share_identity_match,0.703125,3.0,True,0.703125,adjacent_observed_universe_sessions_not_certified_exchange_calendar,large_return_requires_event_or_corporate_action_review_not_automatically_bad_data
PRCH,2024-11-08,2.88,3.819,2.85,3.62,16770971.0,3.4741,73687.0,PRCH,current_symbol,0001784535,,,,,fixed_target_universe_with_separate_dated_price_identity_review,provider_issuer_and_share_identity_match,0.553648068669528,1.0,True,0.553648068669528,adjacent_observed_universe_sessions_not_certified_exchange_calendar,large_return_requires_event_or_corporate_action_review_not_automatically_bad_data
PRCH,2025-02-26,4.85,6.92,4.82,6.6,32034081.0,6.0592,154755.0,PRCH,current_symbol,0001784535,,,,,fixed_target_universe_with_separate_dated_price_identity_review,provider_issuer_and_share_identity_match,0.7414248021108178,1.0,True,0.7414248021108178,adjacent_observed_universe_sessions_not_certified_exchange_calendar,large_return_requires_event_or_corporate_action_review_not_automatically_bad_data
PRCH,2025-05-07,8.01,10.87,7.5,10.65,24033105.0,9.8737,148370.0,PRCH,current_symbol,0001784535,,,,,fixed_target_universe_with_separate_dated_price_identity_review,provider_issuer_and_share_identity_match,0.6798107255520505,1.0,True,0.6798107255520505,adjacent_observed_universe_sessions_not_certified_exchange_calendar,large_return_requires_event_or_corporate_action_review_not_automatically_bad_data
QUBT,2024-11-13,1.44,3.42,1.41,2.66,102171880.0,2.6141,262595.0,QUBT,current_symbol,0001758009,,,,,fixed_target_universe_with_separate_dated_price_identity_review,provider_issuer_and_share_identity_match,0.9275362318840583,1.0,True,0.9275362318840583,adjacent_observed_universe_sessions_not_certified_exchange_calendar,large_return_requires_event_or_corporate_action_review_not_automatically_bad_data
QUBT,2024-11-14,3.67,4.69,3.23,4.4,232619415.0,3.8547,737324.0,QUBT,current_symbol,0001758009,,,,,fixed_target_universe_with_separate_dated_price_identity_review,provider_issuer_and_share_identity_match,0.6541353383458648,1.0,True,0.6541353383458648,adjacent_observed_universe_sessions_not_certified_exchange_calendar,large_return_requires_event_or_corporate_action_review_not_automatically_bad_data
QUBT,2024-12-16,7.1,12.28,6.83,11.08,114580045.0,9.9629,512980.0,QUBT,current_symbol,0001758009,,,,,fixed_target_universe_with_separate_dated_price_identity_review,provider_issuer_and_share_identity_match,0.6524981357196122,3.0,True,0.6524981357196122,adjacent_observed_universe_sessions_not_certified_exchange_calendar,large_return_requires_event_or_corporate_action_review_not_automatically_bad_data
QUBT,2024-12-17,14.19,18.0599,12.6,16.79,193979867.0,15.3539,1121750.0,QUBT,current_symbol,0001758009,,,,,fixed_target_universe_with_separate_dated_price_identity_review,provider_issuer_and_share_identity_match,0.5153429602888087,1.0,True,0.5153429602888087,adjacent_observed_universe_sessions_not_certified_exchange_calendar,large_return_requires_event_or_corporate_action_review_not_automatically_bad_data
QUBT,2024-12-18,19.22,27.15,17.6,25.68,231028428.0,22.0803,1493916.0,QUBT,current_symbol,0001758009,,,,,fixed_target_universe_with_separate_dated_price_identity_review,provider_issuer_and_share_identity_match,0.5294818344252532,1.0,True,0.5294818344252532,adjacent_observed_universe_sessions_not_certified_exchange_calendar,large_return_requires_event_or_corporate_action_review_not_automatically_bad_data
QUBT,2025-01-15,8.78,11.6,8.51,11.55,113754440.0,10.3846,542373.0,QUBT,current_symbol,0001758009,,,,,fixed_target_universe_with_separate_dated_price_identity_review,provider_issuer_and_share_identity_match,0.5545087483176314,1.0,True,0.5545087483176314,adjacent_observed_universe_sessions_not_certified_exchange_calendar,large_return_requires_event_or_corporate_action_review_not_automatically_bad_data
QXL,2022-05-02,19.264,24.2368,19.264,24.2368,24.024554,,,VBIX,verified_former_symbol,0000797542,SEC_observed_symbol_entity_class_and_corporate_action_review_required,https://api.massive.com/v2/aggs/ticker/VBIX/range/1/day/2022-01-01/2026-04-29?adjusted=true&sort=asc&limit=50000,https://www.sec.gov/Archives/edgar/data/797542/000149315222007150/form10-k.htm,797542.0,fixed_target_universe_with_separate_dated_price_identity_review,same_share_class_issuer_fields_incomplete_requires_SEC_review,0.5457142857142856,3.0,True,0.5457142857142856,adjacent_observed_universe_sessions_not_certified_exchange_calendar,large_return_requires_event_or_corporate_action_review_not_automatically_bad_data
QXL,2022-07-28,11.648,11.648,11.648,11.648,3.125,,,VBIX,verified_former_symbol,0000797542,SEC_observed_symbol_entity_class_and_corporate_action_review_required,https://api.massive.com/v2/aggs/ticker/VBIX/range/1/day/2022-01-01/2026-04-29?adjusted=true&sort=asc&limit=50000,https://www.sec.gov/Archives/edgar/data/797542/000149315222007150/form10-k.htm,797542.0,fixed_target_universe_with_separate_dated_price_identity_review,same_share_class_issuer_fields_incomplete_requires_SEC_review,0.5294117647058825,2.0,False,,first_observation_or_nonadjacent_sessions_no_one_session_return,large_return_requires_event_or_corporate_action_review_not_automatically_bad_data
QXL,2022-11-23,16.0,16.0,16.0,16.0,6.25,,,VBIX,verified_former_symbol,0000797542,SEC_observed_symbol_entity_class_and_corporate_action_review_required,https://api.massive.com/v2/aggs/ticker/VBIX/range/1/day/2022-01-01/2026-04-29?adjusted=true&sort=asc&limit=50000,https://www.sec.gov/Archives/edgar/data/797542/000149315222007150/form10-k.htm,797542.0,fixed_target_universe_with_separate_dated_price_identity_review,same_share_class_issuer_fields_incomplete_requires_SEC_review,0.7373175816539264,16.0,False,,first_observation_or_nonadjacent_sessions_no_one_session_return,large_return_requires_event_or_corporate_action_review_not_automatically_bad_data
QXL,2023-01-30,4.8,16.0,4.8,16.0,472.3125,,,VBIX,verified_former_symbol,0000797542,SEC_observed_symbol_entity_class_and_corporate_action_review_required,https://api.massive.com/v2/aggs/ticker/VBIX/range/1/day/2022-01-01/2026-04-29?adjusted=true&sort=asc&limit=50000,https://www.sec.gov/Archives/edgar/data/797542/000149315222007150/form10-k.htm,797542.0,fixed_target_universe_with_separate_dated_price_identity_review,same_share_class_issuer_fields_incomplete_requires_SEC_review,0.7543859649122808,38.0,False,,first_observation_or_nonadjacent_sessions_no_one_session_return,large_return_requires_event_or_corporate_action_review_not_automatically_bad_data
QXL,2023-03-17,8.16,8.16,8.16,8.16,11.125,,,VBIX,verified_former_symbol,0000797542,SEC_observed_symbol_entity_class_and_corporate_action_review_required,https://api.massive.com/v2/aggs/ticker/VBIX/range/1/day/2022-01-01/2026-04-29?adjusted=true&sort=asc&limit=50000,https://www.sec.gov/Archives/edgar/data/797542/000149315222007150/form10-k.htm,797542.0,fixed_target_universe_with_separate_dated_price_identity_review,same_share_class_issuer_fields_incomplete_requires_SEC_review,-0.5233644859813085,18.0,False,,first_observation_or_nonadjacent_sessions_no_one_session_return,large_return_requires_event_or_corporate_action_review_not_automatically_bad_data
QXL,2023-03-24,13.6,13.6,13.6,13.6,10.9375,,,VBIX,verified_former_symbol,0000797542,SEC_observed_symbol_entity_class_and_corporate_action_review_required,https://api.massive.com/v2/aggs/ticker/VBIX/range/1/day/2022-01-01/2026-04-29?adjusted=true&sort=asc&limit=50000,https://www.sec.gov/Archives/edgar/data/797542/000149315222007150/form10-k.htm,797542.0,fixed_target_universe_with_separate_dated_price_identity_review,same_share_class_issuer_fields_incomplete_requires_SEC_review,0.6666666666666665,7.0,False,,first_observation_or_nonadjacent_sessions_no_one_session_return,large_return_requires_event_or_corporate_action_review_not_automatically_bad_data
QXL,2023-04-14,3.2,3.2,3.2,3.2,44.625,,,VBIX,verified_former_symbol,0000797542,SEC_observed_symbol_entity_class_and_corporate_action_review_required,https://api.massive.com/v2/aggs/ticker/VBIX/range/1/day/2022-01-01/2026-04-29?adjusted=true&sort=asc&limit=50000,https://www.sec.gov/Archives/edgar/data/797542/000149315222007150/form10-k.htm,797542.0,fixed_target_universe_with_separate_dated_price_identity_review,same_share_class_issuer_fields_incomplete_requires_SEC_review,-0.7647058823529411,4.0,False,,first_observation_or_nonadjacent_sessions_no_one_session_return,large_return_requires_event_or_corporate_action_review_not_automatically_bad_data
QXL,2023-04-17,10.4,10.4,10.4,10.4,14.625,,,VBIX,verified_former_symbol,0000797542,SEC_observed_symbol_entity_class_and_corporate_action_review_required,https://api.massive.com/v2/aggs/ticker/VBIX/range/1/day/2022-01-01/2026-04-29?adjusted=true&sort=asc&limit=50000,https://www.sec.gov/Archives/edgar/data/797542/000149315222007150/form10-k.htm,797542.0,fixed_target_universe_with_separate_dated_price_identity_review,same_share_class_issuer_fields_incomplete_requires_SEC_review,2.25,3.0,True,2.25,adjacent_observed_universe_sessions_not_certified_exchange_calendar,large_return_requires_event_or_corporate_action_review_not_automatically_bad_data
QXL,2023-05-19,4.96,4.96,4.96,4.96,49.75,,,VBIX,verified_former_symbol,0000797542,SEC_observed_symbol_entity_class_and_corporate_action_review_required,https://api.massive.com/v2/aggs/ticker/VBIX/range/1/day/2022-01-01/2026-04-29?adjusted=true&sort=asc&limit=50000,https://www.sec.gov/Archives/edgar/data/797542/000149315222007150/form10-k.htm,797542.0,fixed_target_universe_with_separate_dated_price_identity_review,same_share_class_issuer_fields_incomplete_requires_SEC_review,-0.6555555555555556,24.0,False,,first_observation_or_nonadjacent_sessions_no_one_session_return,large_return_requires_event_or_corporate_action_review_not_automatically_bad_data
QXL,2023-06-21,15.68,15.68,15.68,15.68,6.25,,,VBIX,verified_former_symbol,0000797542,SEC_observed_symbol_entity_class_and_corporate_action_review_required,https://api.massive.com/v2/aggs/ticker/VBIX/range/1/day/2022-01-01/2026-04-29?adjusted=true&sort=asc&limit=50000,https://www.sec.gov/Archives/edgar/data/797542/000149315222007150/form10-k.htm,797542.0,fixed_target_universe_with_separate_dated_price_identity_review,same_share_class_issuer_fields_incomplete_requires_SEC_review,2.161290322580645,19.0,False,,first_observation_or_nonadjacent_sessions_no_one_session_return,large_return_requires_event_or_corporate_action_review_not_automatically_bad_data
QXL,2023-09-08,19.04,19.2,19.04,19.2,25.0,,,VBIX,verified_former_symbol,0000797542,SEC_observed_symbol_entity_class_and_corporate_action_review_required,https://api.massive.com/v2/aggs/ticker/VBIX/range/1/day/2022-01-01/2026-04-29?adjusted=true&sort=asc&limit=50000,https://www.sec.gov/Archives/edgar/data/797542/000149315222007150/form10-k.htm,797542.0,fixed_target_universe_with_separate_dated_price_identity_review,same_share_class_issuer_fields_incomplete_requires_SEC_review,1.0,10.0,False,,first_observation_or_nonadjacent_sessions_no_one_session_return,large_return_requires_event_or_corporate_action_review_not_automatically_bad_data
QXL,2023-12-27,5.152,5.152,1.808,1.808,156.3125,,,VBIX,verified_former_symbol,0000797542,SEC_observed_symbol_entity_class_and_corporate_action_review_required,https://api.massive.com/v2/aggs/ticker/VBIX/range/1/day/2022-01-01/2026-04-29?adjusted=true&sort=asc&limit=50000,https://www.sec.gov/Archives/edgar/data/797542/000149315222007150/form10-k.htm,797542.0,fixed_target_universe_with_separate_dated_price_identity_review,same_share_class_issuer_fields_incomplete_requires_SEC_review,-0.6258278145695364,1.0,True,-0.6258278145695364,adjacent_observed_universe_sessions_not_certified_exchange_calendar,large_return_requires_event_or_corporate_action_review_not_automatically_bad_data
QXL,2024-03-01,11.968,11.968,11.968,11.968,16.125,,,VBIX,verified_former_symbol,0000797542,SEC_observed_symbol_entity_class_and_corporate_action_review_required,https://api.massive.com/v2/aggs/ticker/VBIX/range/1/day/2022-01-01/2026-04-29?adjusted=true&sort=asc&limit=50000,https://www.sec.gov/Archives/edgar/data/797542/000149315222007150/form10-k.htm,797542.0,fixed_target_universe_with_separate_dated_price_identity_review,same_share_class_issuer_fields_incomplete_requires_SEC_review,4.709923664122138,3.0,False,,first_observation_or_nonadjacent_sessions_no_one_session_return,large_return_requires_event_or_corporate_action_review_not_automatically_bad_data
QXL,2024-04-29,0.7376,0.7376,0.7376,0.7376,58.8125,,,VBIX,verified_former_symbol,0000797542,SEC_observed_symbol_entity_class_and_corporate_action_review_required,https://api.massive.com/v2/aggs/ticker/VBIX/range/1/day/2022-01-01/2026-04-29?adjusted=true&sort=asc&limit=50000,https://www.sec.gov/Archives/edgar/data/797542/000149315222007150/form10-k.htm,797542.0,fixed_target_universe_with_separate_dated_price_identity_review,same_share_class_issuer_fields_incomplete_requires_SEC_review,-0.8915294117647059,7.0,False,,first_observation_or_nonadjacent_sessions_no_one_session_return,large_return_requires_event_or_corporate_action_review_not_automatically_bad_data
QXL,2024-07-18,1.2,1.908,1.2,1.908,305.75,,,VBIX,verified_former_symbol,0000797542,SEC_observed_symbol_entity_class_and_corporate_action_review_required,https://api.massive.com/v2/aggs/ticker/VBIX/range/1/day/2022-01-01/2026-04-29?adjusted=true&sort=asc&limit=50000,https://www.sec.gov/Archives/edgar/data/797542/000149315222007150/form10-k.htm,797542.0,fixed_target_universe_with_separate_dated_price_identity_review,same_share_class_issuer_fields_incomplete_requires_SEC_review,2.18,2.0,False,,first_observation_or_nonadjacent_sessions_no_one_session_return,large_return_requires_event_or_corporate_action_review_not_automatically_bad_data
QXL,2024-08-12,2.64,4.2,2.64,4.2,725.0,,,VBIX,verified_former_symbol,0000797542,SEC_observed_symbol_entity_class_and_corporate_action_review_required,https://api.massive.com/v2/aggs/ticker/VBIX/range/1/day/2022-01-01/2026-04-29?adjusted=true&sort=asc&limit=50000,https://www.sec.gov/Archives/edgar/data/797542/000149315222007150/form10-k.htm,797542.0,fixed_target_universe_with_separate_dated_price_identity_review,same_share_class_issuer_fields_incomplete_requires_SEC_review,0.614887726853276,3.0,True,0.614887726853276,adjacent_observed_universe_sessions_not_certified_exchange_calendar,large_return_requires_event_or_corporate_action_review_not_automatically_bad_data
QXL,2024-10-31,4.76,12.0,4.76,7.2,1002.0,,,VBIX,verified_former_symbol,0000797542,SEC_observed_symbol_entity_class_and_corporate_action_review_required,https://api.massive.com/v2/aggs/ticker/VBIX/range/1/day/2022-01-01/2026-04-29?adjusted=true&sort=asc&limit=50000,https://www.sec.gov/Archives/edgar/data/797542/000149315222007150/form10-k.htm,797542.0,fixed_target_universe_with_separate_dated_price_identity_review,same_share_class_issuer_fields_incomplete_requires_SEC_review,0.5929203539823011,1.0,True,0.5929203539823011,adjacent_observed_universe_sessions_not_certified_exchange_calendar,large_return_requires_event_or_corporate_action_review_not_automatically_bad_data
QXL,2025-03-12,4.08,4.5,4.08,4.5,525.25,,,VBIX,verified_former_symbol,0000797542,SEC_observed_symbol_entity_class_and_corporate_action_review_required,https://api.massive.com/v2/aggs/ticker/VBIX/range/1/day/2022-01-01/2026-04-29?adjusted=true&sort=asc&limit=50000,https://www.sec.gov/Archives/edgar/data/797542/000149315222007150/form10-k.htm,797542.0,fixed_target_universe_with_separate_dated_price_identity_review,same_share_class_issuer_fields_incomplete_requires_SEC_review,0.6394637132031478,2.0,False,,first_observation_or_nonadjacent_sessions_no_one_session_return,large_return_requires_event_or_corporate_action_review_not_automatically_bad_data
QXL,2025-04-11,5.5,9.6,5.5,8.7,7520.0,,,VBIX,verified_former_symbol,0000797542,SEC_observed_symbol_entity_class_and_corporate_action_review_required,https://api.massive.com/v2/aggs/ticker/VBIX/range/1/day/2022-01-01/2026-04-29?adjusted=true&sort=asc&limit=50000,https://www.sec.gov/Archives/edgar/data/797542/000149315222007150/form10-k.htm,797542.0,fixed_target_universe_with_separate_dated_price_identity_review,same_share_class_issuer_fields_incomplete_requires_SEC_review,0.754032258064516,29.0,False,,first_observation_or_nonadjacent_sessions_no_one_session_return,large_return_requires_event_or_corporate_action_review_not_automatically_bad_data
QXL,2025-04-23,4.2,5.0,4.2,5.0,2205.0,,,VBIX,verified_former_symbol,0000797542,SEC_observed_symbol_entity_class_and_corporate_action_review_required,https://api.massive.com/v2/aggs/ticker/VBIX/range/1/day/2022-01-01/2026-04-29?adjusted=true&sort=asc&limit=50000,https://www.sec.gov/Archives/edgar/data/797542/000149315222007150/form10-k.htm,797542.0,fixed_target_universe_with_separate_dated_price_identity_review,same_share_class_issuer_fields_incomplete_requires_SEC_review,0.6339869281045751,1.0,True,0.6339869281045751,adjacent_observed_universe_sessions_not_certified_exchange_calendar,large_return_requires_event_or_corporate_action_review_not_automatically_bad_data
SKIL,2024-04-24,5.85,8.9,5.78,8.6,480540.0,7.8609,5325.0,SKIL,current_symbol,0001774675,,,,,fixed_target_universe_with_separate_dated_price_identity_review,provider_issuer_and_share_identity_match,0.5061295971978983,1.0,True,0.5061295971978983,adjacent_observed_universe_sessions_not_certified_exchange_calendar,large_return_requires_event_or_corporate_action_review_not_automatically_bad_data
SMSI,2024-09-17,4.25,6.0,3.585,5.7,37563075.0,4.6169,317226.0,SMSI,current_symbol,0000948708,,,,,fixed_target_universe_with_separate_dated_price_identity_review,provider_issuer_and_share_identity_match,1.1797323135755255,1.0,True,1.1797323135755255,adjacent_observed_universe_sessions_not_certified_exchange_calendar,large_return_requires_event_or_corporate_action_review_not_automatically_bad_data
SNAL,2024-10-07,5.45,8.4,5.45,8.35,1110751.0,8.497,25006.0,SNAL,current_symbol,0001886894,,,,,fixed_target_universe_with_separate_dated_price_identity_review,provider_issuer_and_share_identity_match,0.6372549019607843,3.0,True,0.6372549019607843,adjacent_observed_universe_sessions_not_certified_exchange_calendar,large_return_requires_event_or_corporate_action_review_not_automatically_bad_data
SNAL,2024-12-02,4.7495,7.7,4.559,7.15,721826.2,6.5937,11643.0,SNAL,current_symbol,0001886894,,,,,fixed_target_universe_with_separate_dated_price_identity_review,provider_issuer_and_share_identity_match,0.5543478260869568,3.0,True,0.5543478260869568,adjacent_observed_universe_sessions_not_certified_exchange_calendar,large_return_requires_event_or_corporate_action_review_not_automatically_bad_data
SNAL,2026-04-14,3.8515,10.8,3.754,8.5,173039777.807133,6.1651,1733301.0,SNAL,current_symbol,0001886894,,,,,fixed_target_universe_with_separate_dated_price_identity_review,provider_issuer_and_share_identity_match,3.5092838196286475,1.0,True,3.5092838196286475,adjacent_observed_universe_sessions_not_certified_exchange_calendar,large_return_requires_event_or_corporate_action_review_not_automatically_bad_data
SNAL,2026-05-14,6.975,8.35,5.25,5.4,55486407.232932,6.5631,677570.0,SNAL,current_symbol,0001886894,,,,,fixed_target_universe_with_separate_dated_price_identity_review,provider_issuer_and_share_identity_match,1.1509659430392354,1.0,True,1.1509659430392354,adjacent_observed_universe_sessions_not_certified_exchange_calendar,large_return_requires_event_or_corporate_action_review_not_automatically_bad_data
SOUN,2022-05-02,12.2,12.38,8.04,10.95,17842673.0,10.2673,107488.0,SOUN,current_symbol,0001840856,,,,,fixed_target_universe_with_separate_dated_price_identity_review,provider_issuer_and_share_identity_match,0.6846153846153844,3.0,True,0.6846153846153844,adjacent_observed_universe_sessions_not_certified_exchange_calendar,large_return_requires_event_or_corporate_action_review_not_automatically_bad_data
SOUN,2022-12-30,1.01,1.9255,1.01,1.77,6816917.0,1.6791,24861.0,SOUN,current_symbol,0001840856,,,,,fixed_target_universe_with_separate_dated_price_identity_review,provider_issuer_and_share_identity_match,0.7184466019417475,1.0,True,0.7184466019417475,adjacent_observed_universe_sessions_not_certified_exchange_calendar,large_return_requires_event_or_corporate_action_review_not_automatically_bad_data
SOUN,2024-02-15,4.01,4.06,3.11,3.76,298289429.0,3.6401,729609.0,SOUN,current_symbol,0001840856,,,,,fixed_target_universe_with_separate_dated_price_identity_review,provider_issuer_and_share_identity_match,0.6674057649667406,1.0,True,0.6674057649667406,adjacent_observed_universe_sessions_not_certified_exchange_calendar,large_return_requires_event_or_corporate_action_review_not_automatically_bad_data
SSTI,2026-09-29,8.3,8.43,8.18,8.21,5134568.916634,8.2481,48282.0,SSTI,current_symbol,0001351636,,,,,fixed_target_universe_with_separate_dated_price_identity_review,provider_issuer_and_share_identity_match,0.50091407678245,1.0,True,0.50091407678245,adjacent_observed_universe_sessions_not_certified_exchange_calendar,large_return_requires_event_or_corporate_action_review_not_automatically_bad_data
SVCO,2026-03-13,4.3,5.33,3.81,5.03,12047326.017461,4.7728,76231.0,SVCO,current_symbol,0001943289,,,,,fixed_target_universe_with_separate_dated_price_identity_review,provider_issuer_and_share_identity_match,0.5242424242424244,1.0,True,0.5242424242424244,adjacent_observed_universe_sessions_not_certified_exchange_calendar,large_return_requires_event_or_corporate_action_review_not_automatically_bad_data
SWMR,2026-03-18,40.0,65.04,38.55,55.0,22064399.644017,51.637,528551.0,SWMR,current_symbol,0002092574,,,,,fixed_target_universe_with_separate_dated_price_identity_review,same_share_class_issuer_fields_incomplete_requires_SEC_review,0.7741935483870968,1.0,True,0.7741935483870968,adjacent_observed_universe_sessions_not_certified_exchange_calendar,large_return_requires_event_or_corporate_action_review_not_automatically_bad_data
VIDA,2023-04-13,0.0008,0.0008,0.0001,0.0008,915.0,0.0005,2.0,VIDA,current_symbol,0001973062,,,,,fixed_target_universe_with_separate_dated_price_identity_review,issuer_identity_fields_missing_requires_review,7.0,437.0,False,,first_observation_or_nonadjacent_sessions_no_one_session_return,large_return_requires_event_or_corporate_action_review_not_automatically_bad_data
VIDA,2026-05-15,4.0,4.0,2.5,2.52,1651168.876801,3.4811,6458.0,VIDA,current_symbol,0001973062,,,,,fixed_target_universe_with_separate_dated_price_identity_review,issuer_identity_fields_missing_requires_review,3149.0,1128.0,False,,first_observation_or_nonadjacent_sessions_no_one_session_return,large_return_requires_event_or_corporate_action_review_not_automatically_bad_data
VIDA,2026-05-20,2.75,4.3299,2.52,4.15,47588732.550288,3.4681,320571.0,VIDA,current_symbol,0001973062,,,,,fixed_target_universe_with_separate_dated_price_identity_review,issuer_identity_fields_missing_requires_review,0.812227074235808,1.0,True,0.812227074235808,adjacent_observed_universe_sessions_not_certified_exchange_calendar,large_return_requires_event_or_corporate_action_review_not_automatically_bad_data
VIDA,2026-06-02,3.56,5.54,3.5401,5.54,2044299.945032,5.0349,13994.0,VIDA,current_symbol,0001973062,,,,,fixed_target_universe_with_separate_dated_price_identity_review,issuer_identity_fields_missing_requires_review,0.5346260387811634,1.0,True,0.5346260387811634,adjacent_observed_universe_sessions_not_certified_exchange_calendar,large_return_requires_event_or_corporate_action_review_not_automatically_bad_data
VWAV,2025-07-28,82.0,251.8,65.6,220.0,12737487.8,155.0394,1466539.0,VWAV,current_symbol,0002038439,,,,,fixed_target_universe_with_separate_dated_price_identity_review,provider_issuer_and_share_identity_match,3.6808510638297873,3.0,True,3.6808510638297873,adjacent_observed_universe_sessions_not_certified_exchange_calendar,large_return_requires_event_or_corporate_action_review_not_automatically_bad_data
