directory,filename,hash_matches_published_manifest
company_coverage,company_coverage_168.csv,True
company_coverage,company_metric_coverage.csv,True
company_coverage,daily_bars_reviewed.csv,True
company_coverage,company_epss_monthly_with_coverage_status.csv,True
infrastructure_evidence,company_infrastructure_coverage_168.csv,True
infrastructure_evidence,infrastructure_observations_with_scope_review.csv,True
infrastructure_evidence,reviewed_cloud_contract_observations.csv,True
infrastructure_evidence,reported_cloud_agreement_spending_first_filed.csv,True
infrastructure_evidence,reviewed_employee_AI_evidence.csv,True
property_activity,nyc_acris_parcel_records.csv,True
property_activity,nyc_acris_parent_name_search_log.csv,True
property_activity,nyc_acris_recorded_document_candidates_since_2022.csv,True
property_activity,nyc_document_control_codes.csv,True
property_activity,parent_search_aliases.csv,True
property_activity,property_activity_coverage_168.csv,True
property_activity,reviewed_data_center_permit_events.csv,True
property_activity,reviewed_deed_supporting_parties.csv,True
property_activity,reviewed_recorded_property_transfers.csv,True
property_activity,san_jose_permit_candidates.csv,True
property_activity,san_jose_permit_candidates_since_2022.csv,True
property_activity,san_jose_unique_permit_candidates.csv,True
property_activity,sec_property_activity_candidates.csv,True
property_activity,sec_property_review_queue.csv,True
property_activity,sec_unavailable_documents.csv,True
property_activity,virginia_data_center_air_permits_all_dates.csv,True
property_activity,virginia_data_center_air_permits_since_2022.csv,True
financial_quality,coverage_before_after.csv,True
financial_quality,fundamentals_quarterly_conservative.csv,True
financial_quality,metric_review_queue.csv,True
financial_quality,metric_validation.csv,True
financial_quality,ratio_dependency_validation.csv,True
