"ticker","date","chain","bars"
"NBIX","2023-10-05","174","0"
"PRME","2024-10-24","11","0"
"NMRA","2024-04-15","60","0"
"LCTX","2020-11-16","9","0"
"DTIL","2021-09-09","29","2"
"KYMR","2025-06-02","52","1"
"VIR","2021-01-28","90","3"
"EDIT","2023-12-11","76","8"
"CRDF","2021-04-12","32","6"
"JSPR","2024-10-15","69","2"
"PASG","2023-12-20","12","0"
"IOVA","2021-04-12","89","11"
"HUMA","2021-11-15","30","3"
"MGTX","2024-10-15","10","2"
"SABS","2023-04-28","0","0"
"CRIS","2022-01-06","28","4"
"BCDA","2024-05-01","13","0"
"CRDF","2021-01-15","48","10"
"CCCC","2025-10-16","25","11"
"AIM","2025-07-28","0","0"
"CABA","2024-11-18","33","3"
"CRIS","2020-12-08","8","11"
"CGEM","2025-01-29","47","0"
"VIR","2025-05-09","21","0"
"SRRK","2023-06-30","20","0"
"KYTX","2026-04-20","23","7"
"CGON","2024-12-05","31","3"
"CGON","2025-03-24","29","2"
"CABA","2025-10-09","21","11"
"BCDA","2023-09-05","15","0"
"CGEM","2025-11-03","38","0"
"CRDF","2021-09-08","18","11"
"IOVA","2021-06-29","101","3"
"NBIX","2024-08-28","154","3"
"INAB","2023-12-11","0","0"
"FDMT","2021-10-26","23","3"
"DBVT","2022-06-07","9","2"
"CRBU","2023-07-13","15","11"
"DBVT","2023-11-09","8","0"
"PROK","2023-01-10","0","0"
"SLXN","2024-09-24","0","0"
"SLDB","2025-02-18","16","4"
"CGEM","2023-05-25","26","2"
"AIM","2022-01-24","0","0"
"DTIL","2026-07-01","29","2"
"CRBU","2023-03-29","17","2"
"SABS","2022-11-07","0","0"
"FENC","2026-02-20","20","0"
"RVMD","2026-04-13","180","5"
"CRIS","2024-05-14","0","0"
"CADL","2024-10-28","43","2"
"XFOR","2024-06-27","31","0"
"SABS","2024-04-15","0","0"
"OCGN","2021-03-03","40","11"
"ALLO","2020-12-07","38","6"
"STRO","2020-12-07","36","5"
"KRYS","2022-05-20","78","0"
"INBX","2025-12-16","161","1"
"PASG","2024-09-16","9","0"
"CGON","2026-01-09","34","4"
"INMB","2021-09-03","36","5"
"KYMR","2025-12-08","63","4"
"CRSP","2020-12-07","275","0"
"NMRA","2025-10-27","33","3"
"DTIL","2023-05-31","9","0"
"PRME","2025-05-19","28","3"
"TCRX","2024-12-10","0","0"
"AURA","2023-02-16","0","0"
"SLDB","2021-09-29","20","2"
"EDIT","2024-12-10","26","0"
"LCTX","2021-12-13","9","1"
"ALLO","2025-08-01","21","1"
"STRO","2020-12-04","36","6"
"TECX","2024-09-19","6","0"
"EDIT","2022-12-06","130","8"
"JSPR","2025-01-08","53","0"
"ARTV","2026-05-08","0","0"
"CABA","2021-08-18","21","7"
"RGNX","2022-02-09","30","6"
"DNLI","2025-03-05","36","0"
"TIL","2025-05-27","0","0"
"BEAM","2025-03-10","108","3"
"CRSP","2020-10-21","224","4"
"TARA","2024-12-05","9","10"
"ENGN","2025-11-12","0","0"
"CGEM","2021-06-04","0","0"
"BCRX","2021-03-26","103","9"
"CABA","2023-07-24","30","3"
"CRSP","2023-12-04","329","8"
"TARA","2025-11-19","12","10"
"TCRX","2026-06-22","0","0"
"INBX","2026-09-08","145","2"
"KLRS","2025-12-17","0","0"
"TSHA","2025-10-09","27","9"
"BCDA","2024-03-04","21","0"
"TIL","2021-04-13","0","0"
"KRYS","2022-03-28","93","0"
"KYMR","2021-12-16","42","1"
"AURA","2022-10-03","0","0"
"RLAY","2023-10-12","51","0"
"RVMD","2025-09-10","166","7"
"SANA","2025-06-23","28","0"
"TARA","2026-02-24","15","4"
"AVXL","2020-11-06","12","11"
"BCDA","2025-04-15","0","0"
"SLDB","2025-11-03","36","7"
"SABS","2023-02-07","0","0"
"LENZ","2024-10-28","0","0"
"OCGN","2026-03-24","48","3"
"BCDA","2026-03-03","0","0"
"CGEM","2025-12-08","57","6"
"IMCR","2024-09-16","88","0"
"CADL","2024-05-23","44","6"
"CMPX","2026-04-27","86","1"
"IOVA","2024-05-24","120","0"
"IVVD","2025-03-05","21","1"
"LCTX","2021-09-30","9","0"
"INBX","2022-05-16","43","2"
"LCTX","2021-06-01","12","4"
"CRSP","2022-06-13","199","10"
"IVVD","2024-09-03","9","2"
"INBX","2025-01-21","65","1"
"IVVD","2025-02-03","9","6"
"PROK","2024-06-10","9","0"
"ELOX","2022-09-15","9","0"
"AUTL","2023-12-11","9","2"
"CGTX","2025-02-26","0","0"
"DBVT","2026-03-02","0","0"
"JSPR","2022-04-27","13","1"
"ELOX","2023-06-15","0","0"
"VIR","2021-05-27","136","0"
"RLAY","2021-10-08","33","9"
"RVMD","2024-10-23","144","1"
"JSPR","2025-07-07","25","6"
"EIKN","2026-06-01","0","0"
"IOVA","2022-05-26","68","8"
"INMB","2024-09-17","23","0"
"IVVD","2025-06-26","13","2"
"INBX","2022-01-04","33","4"
"BCDA","2022-10-03","9","0"
"TARA","2023-04-28","9","1"
"CGEM","2024-05-23","53","1"
"JSPR","2023-09-21","3","0"
"ABOS","2023-02-01","18","2"
"CABA","2025-01-13","18","0"
"INMB","2025-09-30","30","1"
"VOR","2025-10-28","29","1"
"TARS","2022-05-02","34","0"
"TARS","2021-06-21","0","0"
"LXEO","2025-10-17","44","9"
"XFOR","2022-09-27","13","3"
"TARS","2023-12-11","36","2"
"LCTX","2022-05-12","9","0"
"FDMT","2026-09-28","80","0"
"INBX","2021-10-12","29","2"
"VIR","2024-06-05","45","6"
"ELOX","2023-09-07","0","0"
"CGON","2025-09-05","30","1"
"CRDF","2020-09-17","12","9"
"CVM","2021-07-07","56","10"
"RLAY","2024-12-11","17","2"
"CRBU","2022-12-12","24","2"
"INBX","2026-05-11","161","6"
"VOR","2024-12-09","14","0"
"INKT","2025-07-14","0","0"
"ALEC","2026-07-08","13","1"
"ATYR","2025-09-15","61","10"
"CGEM","2026-06-08","134","4"
"INBX","2026-04-21","88","2"
"STRO","2021-05-19","36","0"
"INMB","2022-10-19","22","4"
"KYTX","2025-12-15","18","10"
"XFOR","2023-05-16","15","8"
"CRDF","2023-09-26","9","0"
"INBX","2021-01-05","0","0"
"INMB","2025-12-05","20","0"
"DBVT","2025-12-16","0","0"
"LCTX","2021-05-03","15","0"
"IBRX","2021-09-13","59","0"
"SLDB","2022-09-30","12","0"
"OCGN","2026-01-15","35","7"
"RGNX","2021-11-12","35","2"
"TNYA","2025-11-07","21","1"
"PLX","2022-04-04","22","5"
"CABA","2021-11-01","30","3"
"EDIT","2024-06-14","62","5"
"CRDF","2024-12-10","33","3"
"KYMR","2025-06-02","52","1"
"REPL","2020-10-20","0","0"
"KLRS","2026-07-17","0","0"
"ABOS","2023-07-17","14","11"
"DTIL","2025-11-10","9","0"
"JSPR","2026-01-08","27","3"
"DNLI","2023-06-20","36","1"
"VOR","2022-12-07","12","10"
"LXEO","2025-10-07","38","8"
"EDIT","2023-06-09","102","4"
"CADL","2023-10-18","0","0"
"CRDF","2020-12-07","36","3"
"BCDA","2026-05-28","0","0"
"INMB","2021-08-26","36","0"
"AURA","2022-06-22","0","0"
"DNLI","2024-10-10","32","4"
"CADL","2022-11-18","0","0"
"DNLI","2021-07-26","50","1"
"RLAY","2026-04-27","67","4"
"KYTX","2025-12-15","18","10"
"INMB","2025-06-30","20","4"
"INMB","2026-06-02","15","0"
"ARMP","2025-05-19","12","3"
"PASG","2022-05-18","14","0"
"DNLI","2020-11-10","48","1"
"KOD","2023-11-06","62","1"
"AUTL","2024-06-03","15","1"
"CRSP","2025-05-19","145","10"
"GLUE","2024-12-05","26","7"
"KOD","2022-08-08","40","1"
"TCRX","2023-12-11","0","0"
"BDTX","2023-12-13","11","0"
"BCDA","2021-06-23","10","1"
"CADL","2022-05-27","0","0"
"SLDB","2023-03-20","4","0"
"EDIT","2022-11-17","139","7"
"INMB","2021-07-27","33","11"
"SANA","2025-08-06","28","6"
"FENC","2025-12-02","21","0"
"CGEM","2026-09-14","130","0"
"INAB","2025-06-02","0","0"
"CRDF","2024-02-29","9","10"
"PCVX","2022-10-24","25","2"
"FDMT","2023-01-26","36","2"
"GLUE","2023-10-17","15","0"
"KRYS","2026-01-08","115","1"
"KYMR","2024-07-08","72","2"
"CMPX","2022-05-04","0","0"
"DNLI","2026-05-22","38","0"
"STRO","2020-09-09","0","0"
"TCRX","2026-09-02","0","0"
"SNTI","2024-12-02","0","0"
"OCGN","2022-01-10","80","9"
"FDMT","2026-07-20","93","0"
"STRO","2022-01-05","35","2"
"TNYA","2024-12-17","9","4"
"GILD","2023-08-16","260","11"
"INBX","2022-10-04","35","0"
"BCRX","2020-09-30","41","11"
"BCRX","2023-01-09","85","8"
"INBX","2020-11-12","0","0"
"CADL","2023-11-06","0","0"
"RLAY","2022-09-12","37","0"
"TECX","2025-05-19","41","3"
"KOD","2022-02-23","60","1"
"CRSP","2023-06-09","146","5"
"SRRK","2024-06-03","33","1"
"SRRK","2022-06-17","21","7"
"CRBU","2025-11-03","21","7"
"ATYR","2026-09-24","36","0"
"XFOR","2022-11-29","15","3"
"KOD","2026-03-27","103","1"
"ARMP","2025-10-22","12","3"
"INAB","2023-11-20","0","0"
"INAB","2024-06-03","0","0"
"TSHA","2022-01-27","26","0"
"CADL","2024-12-11","42","10"
"CABA","2022-09-12","9","0"
"RLAY","2026-03-16","60","5"
"CADL","2025-02-25","79","8"
"CMPX","2023-01-19","0","0"
"RLAY","2022-06-27","40","2"
"CGEM","2024-04-16","34","7"
"JSPR","2025-06-16","33","0"
"MGTX","2021-12-07","39","4"
"RGNX","2022-02-14","30","5"
"SRZN","2024-04-01","0","0"
"HUMA","2023-09-12","9","0"
"MGTX","2026-04-16","16","1"
"EDIT","2025-06-12","33","10"
"SLDB","2026-03-12","48","2"
"CGON","2025-04-28","42","0"
"ENTX","2022-10-06","17","0"
"CVM","2024-09-17","19","0"
"CGEM","2026-10-02","138","1"
"KRYS","2025-07-24","131","2"
"PCVX","2024-09-03","54","8"
"CRBU","2024-06-03","15","3"
"FDMT","2021-10-13","25","5"
"BCDA","2026-05-21","0","0"
"BCRX","2021-03-22","101","10"
"IOVA","2020-10-14","74","8"
"ELOX","2021-11-17","9","2"
"PASG","2022-02-11","21","0"
"CADL","2022-06-06","0","0"
"AIM","2024-02-09","0","0"
"CGTX","2025-05-08","0","0"
"DTIL","2026-05-27","30","0"
"MRNA","2022-12-13","412","5"
"CRBU","2026-06-11","21","2"
"CVM","2024-07-26","14","0"
"ENGN","2026-05-07","41","1"
"TECX","2026-09-29","58","0"
"CCCC","2025-05-07","28","0"
"LCTX","2025-06-23","21","1"
"VOR","2023-11-02","9","0"
"CGON","2024-05-24","32","2"
"EDIT","2025-05-13","33","4"
"IPSC","2023-12-11","9","0"
"LXEO","2026-01-12","51","7"
"ALGS","2026-04-14","0","0"
"CCCC","2026-09-25","44","3"
"PCVX","2023-04-17","32","2"
"KOD","2026-09-28","113","1"
"PASG","2025-06-23","9","0"
"OCGN","2021-04-22","45","11"
"HUMA","2026-06-10","40","4"
"FDMT","2025-02-10","22","2"
"VIR","2025-12-16","33","3"
"AIM","2021-12-09","0","0"
"CABA","2025-10-27","17","1"
"CABA","2022-05-18","10","0"
"JSPR","2025-12-02","13","3"
"IMCR","2025-03-10","48","3"
"CGEM","2026-05-18","153","8"
"FENC","2026-09-17","20","0"
"CABA","2021-12-14","29","9"
"SLXN","2025-03-05","0","0"
"RVMD","2022-01-11","26","1"
"KRYS","2021-11-29","45","4"
"TARA","2025-04-28","10","1"
"ARTV","2025-11-12","0","0"
"NMRA","2026-01-05","21","6"
"ATYR","2026-05-11","31","1"
"GLUE","2026-10-01","46","1"
"KRYS","2024-12-12","143","3"
"RLAY","2024-09-09","18","7"
"NVAX","2025-04-02","126","2"
"ALLO","2023-06-07","16","7"
"CADL","2025-03-27","69","1"
"VOR","2023-02-16","10","4"
"FDMT","2024-09-18","43","1"
"PASG","2025-01-10","9","0"
"ALLO","2026-04-13","21","11"
"TSHA","2026-06-22","50","6"
"KRYS","2024-08-28","215","0"
"OCGN","2021-12-30","63","11"
"SRRK","2024-10-07","31","1"
"MRNA","2020-11-16","308","10"
"DNLI","2025-01-07","27","4"
"OCGN","2023-01-09","60","6"
"KYTX","2026-09-24","19","0"
"JSPR","2023-02-17","9","1"
"SABS","2026-03-10","24","2"
"KYMR","2024-01-04","56","0"
"CABA","2023-05-16","30","5"
"MGX","2025-11-12","0","0"
"OTLK","2020-08-26","0","0"
"ARMP","2024-12-19","6","0"
"EDIT","2021-09-29","178","0"
"AURA","2024-10-17","14","2"
"CADL","2024-04-04","0","0"
"CABA","2026-05-04","79","10"
"DBVT","2025-01-08","0","0"
"CCCC","2025-08-07","22","11"
"AURA","2023-11-06","25","1"
"ALLO","2023-06-21","20","8"
"TCRX","2024-04-16","0","0"
"TECX","2025-01-30","0","0"
"CRSP","2020-11-04","228","5"
"CCCC","2025-09-22","23","1"
"CRSP","2025-06-26","128","3"
"FDMT","2023-02-03","36","2"
"AIM","2021-10-06","0","0"
"SABS","2023-11-29","0","0"
"GILD","2022-03-07","221","7"
"CRBU","2022-05-12","26","7"
"SNTI","2025-12-09","0","0"
"NMRA","2026-06-15","25","8"
"PASG","2021-12-17","28","1"
"CRSP","2026-01-12","256","8"
"HUMA","2024-07-31","21","11"
"LXEO","2025-04-07","14","0"
"TARA","2026-03-30","14","5"
"INAB","2024-12-10","0","0"
"BDTX","2021-05-19","31","9"
"KYMR","2021-06-28","33","0"
"TECX","2025-10-30","36","2"
"CRBU","2023-07-13","15","11"
"MGTX","2020-07-17","35","1"
"DTIL","2022-06-08","10","0"
"IVVD","2026-09-29","28","1"
"RVMD","2023-10-23","39","6"
"DBVT","2023-05-11","9","0"
"CADL","2023-09-26","0","0"
"LENZ","2024-04-03","9","0"
"SANA","2026-01-14","25","10"
"INMB","2021-10-28","37","5"
"BCDA","2024-07-08","10","0"
"OCGN","2026-09-08","33","3"
"SABS","2022-09-28","0","0"
"CABA","2025-06-11","21","2"
"CGEM","2026-08-13","128","2"
"KRYS","2022-11-17","77","0"
"RVMD","2024-07-15","147","0"
"SNTI","2025-04-28","0","0"
"CABA","2025-02-18","29","10"
"CMPX","2021-06-30","0","0"
"CCCC","2024-12-09","34","4"
"QNCX","2025-10-17","9","1"
"IKT","2025-01-29","0","0"
"IVVD","2023-12-18","14","8"
"AVXL","2020-12-15","14","10"
"BCDA","2025-09-18","0","0"
"AURA","2024-09-12","21","0"
"RVMD","2021-04-30","35","2"
"INMB","2020-07-13","0","0"
"TIL","2021-09-16","0","0"
"CABA","2026-06-03","71","10"
"IVVD","2024-10-29","9","0"
"CADL","2022-12-06","0","0"
"CRDF","2022-09-12","9","1"
"RVMD","2026-08-26","357","4"
"CABA","2021-05-03","26","4"
"KYTX","2026-04-22","25","7"
"CABA","2023-05-02","24","6"
"KYMR","2022-12-14","43","6"
"CGEM","2021-12-16","36","0"
"CRSP","2021-10-12","244","1"
"CMPX","2025-04-01","19","0"
"OCGN","2023-04-14","49","1"
"BCDA","2022-08-31","9","1"
"MRNA","2020-11-30","296","5"
"ALEC","2024-11-25","14","0"
"CADL","2025-10-14","32","3"
"NMRA","2025-01-02","40","3"
"ALGS","2022-01-06","30","0"
"INMB","2025-02-12","24","3"
"FATE","2021-12-14","48","10"
"VIR","2023-07-20","35","1"
"CGTX","2023-03-28","0","0"
"CADL","2025-05-22","63","0"
"DTIL","2023-01-09","9","0"
"EDIT","2025-05-14","33","5"
"INBX","2023-11-02","36","1"
"INTS","2025-09-10","0","0"
"CADL","2024-04-25","28","3"
"MRNA","2020-07-15","262","6"
"CRIS","2025-03-28","0","0"
"KYTX","2025-10-29","18","6"
"ATRA","2023-11-09","10","1"
"GLUE","2026-01-07","34","1"
"TSHA","2022-01-31","26","0"
"SRRK","2020-10-27","0","0"
"XFOR","2024-11-13","32","0"
"BDTX","2026-05-21","13","3"
"INBX","2025-10-23","64","2"
"KYMR","2025-12-08","63","4"
"RLAY","2023-05-25","44","7"
"OTLK","2021-08-03","0","0"
"INAB","2025-11-24","0","0"
"VIR","2021-06-28","122","0"
"AVXL","2022-12-02","146","4"
"REPL","2022-12-07","37","0"
"BCRX","2020-12-21","78","9"
"KOD","2023-07-24","34","0"
"KYMR","2021-10-27","42","1"
"DTIL","2025-08-06","0","0"
"ENGN","2024-09-26","0","0"
"ALLO","2021-12-15","36","9"
"RVMD","2024-12-02","136","7"
"FDMT","2025-11-06","58","0"
"MGTX","2020-11-16","26","5"
"KYMR","2023-11-02","78","0"
"CVM","2023-07-12","26","1"
"PLX","2021-02-16","30","11"
"PRME","2025-03-18","9","0"
"RLAY","2026-05-19","84","8"
"KRYS","2025-06-02","132","2"
"BCDA","2025-03-31","0","0"
"QNCX","2026-01-29","9","7"
"INMB","2025-08-07","30","0"
"KRYS","2021-07-01","82","0"
"RGNX","2021-10-12","36","7"
"SLDB","2021-09-23","20","4"
"TIL","2025-07-31","0","0"
"MAZE","2026-03-25","42","1"
"HUMA","2024-10-28","26","10"
"SRRK","2025-06-18","57","10"
"ELOX","2023-09-18","0","0"
"SLXN","2025-09-30","0","0"
"ALLO","2022-11-29","29","1"
"IPSC","2024-06-03","11","0"
"ALLO","2021-05-19","31","9"
"SABS","2025-01-28","0","0"
"CGTX","2023-06-28","0","0"
"CRDF","2022-04-08","12","0"
"VOR","2024-09-05","15","1"
"CADL","2026-05-15","62","8"
"KRYS","2024-12-18","143","4"
"TARS","2022-05-02","34","0"
"QNCX","2026-02-12","21","0"
"CRSP","2021-06-11","237","9"
"RLAY","2022-09-08","37","0"
"NVAX","2023-05-09","162","7"
"INAB","2022-03-28","0","0"
"CGEM","2026-06-10","134","4"
"IMVT","2023-12-20","129","4"
"CRBU","2022-08-09","21","3"
"BEAM","2024-12-09","110","8"
"DNLI","2024-02-16","36","0"
"IVVD","2024-03-25","11","4"
"OTLK","2025-01-16","35","7"
"STRO","2024-01-08","10","1"
"REPL","2024-06-06","18","5"
"XFOR","2021-06-11","18","2"
"DTIL","2021-04-15","42","10"
"TSHA","2023-07-31","9","0"
"VIR","2021-03-30","188","0"
"LXEO","2024-10-30","0","0"
"SLXN","2026-05-14","0","0"
"DNLI","2020-08-06","27","0"
"OCGN","2021-07-06","83","11"
"TIL","2022-10-31","15","0"
"RVMD","2024-10-25","144","0"
"ALGS","2022-03-22","16","0"
"TARA","2025-12-03","15","1"
"AGEN","2026-07-13","37","11"
"BDTX","2023-06-27","9","8"
"DTIL","2021-06-04","37","9"
"CRIS","2023-07-06","15","0"
"BCDA","2020-12-17","0","0"
"PLX","2021-02-23","30","9"
"DNLI","2021-02-12","69","6"
"RGNX","2021-10-01","36","6"
"CGEM","2024-06-03","53","3"
"AVXL","2020-10-15","10","11"
"DTIL","2020-12-04","27","11"
"GLUE","2025-12-16","32","8"
"INBX","2021-06-21","0","0"
"INBX","2022-11-16","40","2"
"KYTX","2026-04-22","25","7"
"XFOR","2024-04-29","33","4"
"MGTX","2020-10-06","26","0"
"LXEO","2024-07-15","0","0"
"KYTX","2025-10-29","18","6"
"CRSP","2022-05-12","152","11"
"ALEC","2025-01-10","23","3"
"OCGN","2022-01-12","80","10"
"CRIS","2021-06-11","44","5"
"DTIL","2021-12-13","24","1"
"MGTX","2026-04-16","16","1"
"IMCR","2024-05-31","86","0"
"IVVD","2024-08-27","9","1"
"RXRX","2025-12-08","135","10"
"VOR","2023-06-09","12","2"
"BDTX","2024-09-23","14","3"
"CADL","2022-11-14","0","0"
"STRO","2024-12-10","9","0"
"SRZN","2024-01-18","0","0"
"IMVT","2020-08-25","0","0"
"CCCC","2022-04-08","31","4"
"PCVX","2025-03-31","125","0"
"LCTX","2021-03-23","18","0"
"IBRX","2023-03-20","24","1"
"INAB","2024-08-12","0","0"
"CGON","2024-05-03","30","3"
"INAB","2022-12-12","0","0"
"MGTX","2020-12-17","19","2"
"BDTX","2025-12-03","13","0"
"CABA","2026-05-14","83","9"
"FATE","2024-05-09","16","0"
"CRBU","2022-06-10","27","0"
"FDMT","2025-01-10","22","0"
"PASG","2026-04-20","0","0"
"ELOX","2023-05-24","0","0"
"RVMD","2023-10-13","39","11"
"FDMT","2024-07-17","33","4"
"ALLO","2023-12-19","13","1"
"CABA","2026-01-12","62","4"
"CRDF","2020-10-20","47","11"
"INMB","2022-04-11","24","4"
"SRRK","2021-04-06","41","1"
"NVAX","2021-06-14","413","11"
"TARA","2024-04-05","9","1"
"TSHA","2024-06-18","17","8"
