event_type,period,window,events_used,mean_car_pct,t_stat,enough_events
auditor_change,early,d0_d1,25,0.951,0.38,yes
auditor_change,early,d0_d5,25,2.737,0.82,yes
auditor_change,later,d0_d1,25,-2.29,-0.59,yes
auditor_change,later,d0_d5,25,-3.302,-0.7,yes
auditor_change,all,d0_d1,50,-0.67,-0.29,yes
auditor_change,all,d0_d5,50,-0.282,-0.1,yes
earnings,early,d0_d1,1644,-0.375,-1.09,yes
earnings,early,d0_d5,1639,-0.553,-1.39,yes
earnings,later,d0_d1,1061,0.686,1.45,yes
earnings,later,d0_d5,1042,0.466,0.86,yes
earnings,all,d0_d1,2705,0.041,0.15,yes
earnings,all,d0_d5,2681,-0.157,-0.49,yes
restatement,early,d0_d1,11,-8.366,-2.11,yes
restatement,early,d0_d5,11,-15.161,-1.97,yes
restatement,later,d0_d1,3,-11.204,-1.0,no
restatement,later,d0_d5,3,-7.457,-0.87,no
restatement,all,d0_d1,14,-8.974,-2.42,yes
restatement,all,d0_d5,14,-13.51,-2.16,yes
