cik,tk,signal,entry,exit,p,hit,px_close_real,px_in,spread_in,spread_out,adj_stock,adj_xbi,cost,gross_bar,gross,net_hybrid,net,m
1649989,OTLK,20250102,20250103,20250110,0.3794122652918286,0.0,2.06,2.05,0.0097560975609756,0.0042283298097252,0.1449275362318842,-0.0245392082015486,0.007312322605661099,-0.1694667444334329,-0.1787307554767379,-0.176779067039094,-0.1871570336940356,2025-01
1649989,OTLK,20250113,20250114,20250121,0.3533593251113099,1.0,2.29,2.27,0.0176211453744493,0.0043572984749454,0.002183406113537,0.0065613879003558,0.011214275381517749,0.0043779817868188,-0.0006273763370028,-0.006836293594698949,-0.0120614361570146,2025-01
1604464,ATRA,20250117,20250121,20250127,0.140237454806225,0.0,6.57,6.38,0.0156739811912225,0.0148148148148148,0.1698412698412699,0.044316644113667,0.015476091759241046,-0.1255246257276028,-0.1228735373755424,-0.14100071748684387,-0.1409866932443103,2025-01
1357874,DTIL,20250122,20250123,20250129,0.1289699647251626,0.0,4.97,5.02,0.0478087649402389,0.0182002022244691,-0.0238568588469184,0.0188180917794651,0.0334523284871831,0.0426749506263836,0.0344325577487415,0.009222622139200498,0.0006771268613124,2025-01
1860871,TVGN,20250129,20250130,20250205,0.1683590455428225,0.0,1.45,1.415,0.0070671378091872,0.0067340067340067,0.0422535211267605,0.0163125134148958,0.007280240481907452,-0.0259410077118646,-0.0347357169146322,-0.03322124819377205,-0.0423830091131142,2025-01
1855485,CLDI,20250203,20250204,20250210,0.3158719467472043,1.0,1.05,1.0350000000000001,0.0096618357487922,0.0076628352490421,0.2452830188679244,-0.0094298245614035,0.00898837504834525,-0.254712843429328,-0.2709556256241226,-0.26370121847767325,-0.2822567601503342,2025-02
1832038,IVVD,20250205,20250206,20250212,0.3204521921433559,0.0,2.11,2.455,0.0040733197556007,0.0066445182724252,-0.3968253968253968,-0.0488423723437996,0.005663980301703955,0.3479830244815972,0.3398529952247219,0.34231904417989323,0.3362560265427086,2025-02
1855485,CLDI,20250211,20250212,20250219,0.211573430676196,0.0,1.22,1.21,0.0495867768595041,0.0082304526748971,0.0168067226890755,0.0508205099085798,0.0292593878094205,0.0340137872195043,0.0443553634743889,0.0047543994100838,0.0142385167523818,2025-02
1855485,CLDI,20250220,20250221,20250227,0.1265436861325549,0.0,1.26,1.295,0.0077220077220077,0.0149903288201161,-0.354108527131783,-0.0684491978609626,0.011508799049838902,0.2856593292708204,0.2909280260401335,0.27415053022098146,0.2834933623979283,2025-02
1711754,INMB,20250224,20250225,20250303,0.096714739961822,0.0,8.0,7.925000000000001,0.0063091482649842,0.0012928248222365,-0.0214917825537294,-0.0486774838853079,0.0040152981212126515,-0.0271857013315784,-0.0246320993926817,-0.03120099945279105,-0.0285680098202621,2025-02
1841387,CADL,20250225,20250226,20250304,0.1150104862782204,0.0,8.385,8.89,0.015748031496063,0.0012698412698412,-0.1136107986501687,-0.0315943332583764,0.008946785354075702,0.0820164653917923,0.0834524721432269,0.0730696800377166,0.0754173585444675,2025-02
2022416,SLXN,20250303,20250304,20250310,0.10918410313742,0.0,1.05,1.02,0.0196078431372549,0.0216606498194944,0.3431372549019607,0.0172210426987495,0.02105305452946065,-0.3259162122032111,-0.340679046184948,-0.34696926673267176,-0.3693933308425181,2025-03
1841387,CADL,20250306,20250307,20250313,0.1003031245462159,0.0,7.85,7.93,0.01765447667087,0.0025220680958386,0.0140485312899105,-0.009333947914266,0.010317826249571001,-0.0233824792041765,-0.007736273887189,-0.0337003054537475,-0.0181439448017517,2025-03
1711754,INMB,20250310,20250311,20250317,0.1131957252706603,0.0,7.95,7.835,0.01914486279515,0.0038986354775828,-0.0315656565656565,0.0287811698904685,0.011997735543700398,0.0603468264561251,0.0448499888617578,0.0483490909124247,0.0329487628146893,2025-03
1711754,INMB,20250318,20250319,20250325,0.1132401450628341,0.0,7.19,7.36,0.046195652173913,0.0067796610169492,0.2305555555555554,0.0126758925456449,0.0268393795042703,-0.2178796630099104,-0.190830575804786,-0.2447190425141807,-0.2237853252601571,2025-03
2022416,SLXN,20250319,20250320,20250326,0.1238343370924665,0.0,1.11,1.125,0.0088888888888887,0.0085836909871244,0.0357142857142858,-0.0181188690132718,0.00907695454671285,-0.0538331547275576,-0.0541306925616128,-0.06291010927427045,-0.0635586587576205,2025-03
1907108,LXEO,20250324,20250325,20250331,0.1174980709256651,0.0,4.09,4.17,0.0047961630695442,0.0028943560057886,-0.1718377088305489,-0.087020150849938,0.004468680858540907,0.0848175579806108,0.0860756547319812,0.0803488771220699,0.0822586344441266,2025-03
1818382,HUMA,20250326,20250327,20250402,0.2456590847016007,0.0,2.0,2.035,0.004914004914005,0.0069204152249135,-0.2772277227722772,-0.0556597140848371,0.0062533598358890455,0.2215680086874401,0.2360625335453711,0.21531464885155105,0.231514379566937,2025-03
1613780,DBVT,20250331,20250401,20250407,0.0970416520553444,0.0,6.82,6.33,0.0221169036334914,0.0203665987780041,0.1643192488262912,-0.0973287162997774,0.02170221376035005,-0.2616479651260687,-0.2583496579757288,-0.2833501788864187,-0.2838014140815024,2025-04
2022416,SLXN,20250401,20250402,20250408,0.0922899469398921,0.0,1.04,1.03,0.0194174757281553,0.0174105292248168,-0.2952941176470588,-0.1017887015828078,0.018711219656361945,0.1935054160642509,0.1990952127952847,0.17479419640788896,0.1857330803289058,2025-04
1789769,TIL,20250403,20250404,20250410,0.0530160317928443,0.0,16.63,16.205,0.1487195310089479,0.0247087892693257,-0.0559254327563248,-0.0630642417898731,0.08702234018048591,-0.0071388090335482,0.0589902506303181,-0.09416114921403411,-0.0232050013024224,2025-04
1799448,ALGS,20250404,20250407,20250411,0.1151291795159519,0.0,5.95,5.55,0.0144144144144144,0.0432692307692307,-0.2701252236135957,0.0469014084507042,0.029582914335819752,0.3170266320642999,0.305698284564923,0.2874437177284801,0.2831818784866279,2025-04
1817241,ARTV,20250407,20250408,20250414,0.0858450232610553,0.0,3.31,2.785,0.0035906642728905,0.0101010101010101,-0.3241379310344827,0.0184963406520293,0.0073846200475199,0.342634271686512,0.3056520470566127,0.3352496516389921,0.3002374520988626,2025-04
1711754,INMB,20250408,20250409,20250415,0.0531765633054694,0.0,6.84,6.71,0.0268256333830103,0.0066889632107023,0.1182634730538922,0.1247612049963264,0.017318058573314594,0.0064977319424341,0.0019700638081656,-0.010820326630880495,-0.0175122681856645,2025-04
1613780,DBVT,20250414,20250415,20250422,0.0450569447459799,0.0,7.79,7.425,0.0094276094276094,0.0183696900114808,0.1713520749665329,0.0160973694542598,0.0146272520683879,-0.155254705512273,-0.1575737769855417,-0.16988195758066088,-0.1746836024815073,2025-04
1357874,DTIL,20250415,20250416,20250423,0.0916092137418015,0.0,5.52,5.51,0.0689655172413793,0.0140597539543058,0.047970479704797,0.0395584176632932,0.04246310040711025,-0.0084120620415037,0.0055236057927117,-0.05087516244861395,-0.0398266516014664,2025-04
1907108,LXEO,20250421,20250422,20250428,0.0695439439549165,0.0,3.21,3.335,0.0089955022488756,0.0028288543140028,0.0628742514970059,0.0635211083518494,0.007014296129414299,0.0006468568548434,0.0011972494352758,-0.0063674392745709,-0.0061999136611593,2025-04
1098972,AGEN,20250422,20250423,20250429,0.0929674162542752,0.0,2.87,2.99,0.0267558528428092,0.0032840722495894,0.0166666666666666,0.0274814907767599,0.015530138873342399,0.0108148241100933,0.0048655274977116,-0.004715314763249099,-0.0111483050847458,2025-04
2022416,SLXN,20250423,20250424,20250430,0.2306415370666921,0.0,1.03,0.97055,0.0011333779815568,0.0067922198209323,-0.0046492823933697,0.0447761194029852,0.004556456090365245,0.0494254017963549,0.0480690249183938,0.044868945705989656,0.043505623716552,2025-04
1613780,DBVT,20250425,20250428,20250502,0.0528810940877883,0.0,8.53,8.405000000000001,0.0202260559190957,0.0089786756453423,0.0541813898704357,0.034375967791886,0.014980100549332902,-0.0198054220785497,-0.0321431028254554,-0.034785522627882606,-0.0481587076790563,2025-04
1860871,TVGN,20250429,20250430,20250506,0.0787576554929195,0.0,1.01,0.98805,0.0061737766307373,0.0094786729857819,0.0606060606060605,-0.0484586929716398,0.008238465853966198,-0.1090647535777004,-0.1178028162879043,-0.1173032194316666,-0.1265974605546402,2025-04
2022416,SLXN,20250501,20250502,20250508,0.1862068914753291,0.0,1.0,1.0150000000000001,0.0492610837438424,0.0126563053713359,0.0041422509597899,-0.0653892215568862,0.03118566356300105,-0.0695314725166761,-0.040354408338493,-0.10071713607967715,-0.0714665840911808,2025-05
1425205,IOVA,20250506,20250507,20250513,0.0750304650249559,0.0,3.1,3.085,0.0032414910858994,0.0056022408963585,-0.4344391785150079,-0.0006443298969072,0.005006972218041351,0.4337948486181007,0.4263802418922311,0.42878787640005933,0.4232324633295508,2025-05
1860871,TVGN,20250508,20250509,20250515,0.1419224419752241,0.0,1.09,1.09,0.018348623853211,0.0087336244541484,0.0550458715596329,-0.0072936660268715,0.0139847056707782,-0.0623395375865044,-0.0600968084028663,-0.0763242432572826,-0.0748964891384492,2025-05
1098972,AGEN,20250512,20250513,20250519,0.1187671813762242,0.0,3.5,3.62,0.0276243093922652,0.0026350461133069,0.0706214689265536,0.0055499495459132,0.01557273961986615,-0.0650715193806403,-0.0431105696765042,-0.08064425900050645,-0.0596368604152435,2025-05
1860871,TVGN,20250516,20250519,20250523,0.1374839751498502,0.0,1.13,1.105,0.0271493212669683,0.0076045627376425,0.1909090909090909,0.0112589559877176,0.017633212689090898,-0.1796501349213732,-0.1823995018155766,-0.1972833476104641,-0.2036196979455103,2025-05
921114,ARMP,20250519,20250520,20250527,0.0812850695141961,0.0,2.37,2.57,0.0155642023346303,0.050761421319797,-0.2592592592592593,-0.0046441571482365,0.03403561212607335,0.2546151021110228,0.2280701711579139,0.22057948998494942,0.2015774730945009,2025-05
1711754,INMB,20250523,20250527,20250602,0.0531561928935198,0.0,7.3,7.605,0.0249835634451019,0.0041580041580041,-0.0413333333333333,0.0160080040020009,0.015017873841538998,0.0573413373353343,0.0719375008049041,0.0423234634937953,0.0574919813204166,2025-05
1806310,TSHA,20250529,20250530,20250605,0.1626196090818334,0.0,2.75,2.705,0.0036968576709795,0.0034782608695651,0.0666666666666666,0.036795177696848,0.004176365357990297,-0.0298714889698186,-0.0211273175942331,-0.034047854327808894,-0.0255362099419632,2025-05
2022416,SLXN,20250530,20250602,20250606,0.0728647440861021,0.0,1.04,0.9198500000000001,0.0214165353046691,0.0157732068634765,0.0280434782608696,0.0506234413965087,0.0190482191730021,0.0225799631356391,0.0283997096035503,0.0035317439626369983,0.0087732103737576,2025-06
1815442,KYMR,20250602,20250603,20250609,0.2967319138026726,0.0,43.13,45.760000000000005,0.0275349650349649,0.0006363347120584,0.0491657397107896,0.0343684791947955,0.014655249657256647,-0.014797260515994,0.0044385513135513,-0.029452510173250648,-0.0108456056004111,2025-06
1098972,AGEN,20250603,20250604,20250610,0.0986623287106827,1.0,5.0,5.359999999999999,0.0111940298507461,0.0018639328984156,0.001865671641791,0.0349514563106796,0.006967117857380954,0.0330857846688885,0.0350851427991237,0.026118666811507547,0.0280751517056996,2025-06
1860871,TVGN,20250609,20250610,20250616,0.1277193352453591,0.0,1.1,1.19,0.0504201680672269,0.0079051383399209,0.0948275862068965,-0.0155281336718426,0.0296881875696037,-0.1103557198787392,-0.077045560297001,-0.14004390744834289,-0.1093734707858938,2025-06
1711754,INMB,20250611,20250612,20250618,0.0479875690905053,0.0,8.09,8.025,0.0186915887850466,0.0027624309392264,-0.0938673341677096,-0.0148969133595519,0.011370254224342999,0.0789704208081577,0.0803995762350857,0.06760016658381471,0.0699873316965436,2025-06
1759138,CABA,20250612,20250613,20250620,0.0483012293334549,0.0,1.8,1.725,0.0289855072463768,0.0056022408963585,0.0228571428571429,-0.0065123010130246,0.01777307679731475,-0.0293694438701676,-0.041655460929329,-0.047142520667482354,-0.0602932314302122,2025-06
1860871,TVGN,20250617,20250618,20250625,0.0736150796664742,0.0,1.22,1.23,0.016260162601626,0.0085106382978723,-0.040983606557377,0.0116632243955776,0.01275589449468275,0.0526468309529547,0.0600841121541668,0.03989093645827195,0.0477850562006631,2025-06
1501697,XFOR,20250624,20250625,20250701,0.046864438886796,0.0,2.3,2.325,0.0215053763440861,0.0053333333333332,-0.1948051948051947,-0.0084735648645424,0.01383422961735875,0.1863316299406523,0.1854886856042368,0.17249740032329355,0.1741341193809873,2025-06
1357874,DTIL,20250625,20250626,20250702,0.1410476231476587,0.0,4.24,4.1899999999999995,0.0429594272076373,0.0094339622641509,0.0167064439140809,0.0159357776180206,0.027233090775088,-0.0007706662960602,0.0060096966349938,-0.0280037570711482,-0.0221179154237587,2025-06
1711754,INMB,20250627,20250630,20250707,0.1333045273703964,1.0,5.33,2.045,0.0048899755501221,0.0043572984749454,0.1274509803921568,0.003843382176315,0.00522635831012005,-0.1236075982158417,-0.117924285130782,-0.12883395652596175,-0.1237285980674688,2025-06
1098972,AGEN,20250702,20250703,20250710,0.0263723200887102,0.0,5.51,5.54,0.0216606498194944,0.003384094754653,0.074410163339383,0.0396423950123514,0.012703836510469002,-0.0347677683270315,-0.0259742827620516,-0.0474716048375005,-0.0396607141782582,2025-07
1817229,VOR,20250703,20250707,20250711,0.0318625489734004,0.0,1.91,2.2350000000000003,0.0044742729306488,0.0039447731755424,0.25,0.0253932716667648,0.004809458548004699,-0.2246067283332351,-0.1110612566558656,-0.2294161868812398,-0.1164464571461099,2025-07
1788028,JSPR,20250707,20250708,20250714,0.0410698485932113,0.0,3.04,3.085,0.0032414910858994,0.0057636887608069,0.1157556270096464,0.0545997610513737,0.0046255030253555445,-0.0611558659582727,-0.068952862711466,-0.06578136898362824,-0.074148498876467,2025-07
1649989,OTLK,20250708,20250709,20250715,0.0335333606666844,0.0,1.89,1.915,0.0156657963446475,0.0044150110375276,0.1947368421052633,0.0031527323680522,0.01033233647816695,-0.191584109737211,-0.1809598330248529,-0.20191644621537794,-0.193220983896308,2025-07
1850270,PROK,20250709,20250710,20250716,0.0582016910613186,1.0,4.34,4.65,0.0043010752688173,0.0026631158455392,-0.2261410788381743,-0.0005690224194834,0.0037672166698384498,0.2255720564186909,0.1934420000759908,0.22180483974885246,0.1903389330975537,2025-07
725363,CVM,20250711,20250714,20250718,0.2136418689117134,1.0,3.53,3.615,0.0027662517289073,0.0100502512562814,0.0909090909090908,-0.0064493838535069,0.006808028865552451,-0.0973584747625977,-0.1090800279394288,-0.10416650362815015,-0.1165448582044993,2025-07
1098972,AGEN,20250715,20250716,20250722,0.0453854417510997,0.0,6.22,6.225,0.0048192771084337,0.0016380016380017,-0.0254777070063694,0.0030068231756679,0.0037484763592679,0.0284845301820373,0.0203739794647936,0.0247360538227694,0.016680093626329,2025-07
1840229,INKT,20250716,20250717,20250723,0.074877898234382,0.0,23.11,23.82,0.0159529806884971,0.0095023755938985,-0.1634695579649708,0.0034121929026387,0.0133563494825895,0.1668817508676096,0.1655320947181283,0.15352540138502008,0.1541336424019905,2025-07
1833214,SABS,20250721,20250722,20250728,0.0942063833525243,0.0,2.7,2.55,0.0156862745098039,0.0117878192534382,-0.0155642023346304,0.0103874883286645,0.01461862626704575,0.0259516906632949,0.0113485394157663,0.011333064396249152,-0.0033515317932652,2025-07
1649989,OTLK,20250722,20250723,20250729,0.0388851575674851,0.0,2.08,2.0999999999999996,0.0095238095238095,0.005089058524173,-0.0619047619047619,-0.020259088055698,0.00764255929747085,0.0416456738490638,0.0434131736526944,0.03400311455159295,0.0362076020360842,2025-07
1820190,SCLX,20250723,20250724,20250730,0.2348206885056556,0.0,11.36,11.49,0.0382941688424718,0.0015396458814472,0.105982905982906,-0.0229976209357652,0.0203063932624412,-0.1289805269186713,-0.1523860793893628,-0.1492869201811125,-0.1757321426307367,2025-07
1357459,PALI,20250725,20250728,20250801,0.0826235998615102,0.0,1.16,1.1949999999999998,0.00836820083682,0.0292682926829268,-0.1583333333333333,-0.0200707036150072,0.0190968999661807,0.138262629718326,0.1183335219777032,0.11916572975214532,0.1018458747135217,2025-07
946644,AIM,20250728,20250729,20250804,0.3701603120769747,1.0,7.1999928,3.63,0.0165289256198347,0.0201342281879193,-0.13999713999714,0.0019619157530292,0.0187372363459766,0.1419590557501693,0.1825889648579615,0.12322181940419269,0.1670088334232082,2025-07
946644,AIM,20250805,20250806,20250812,0.1450441453862135,0.0,2.9200171,2.895,0.0103626943005182,0.0186915887850468,-0.0867887803691216,0.0085866790438615,0.016108238201369703,0.0953754594129832,0.0860418833586943,0.0792672212116135,0.0709676951629739,2025-08
1855485,CLDI,20250813,20250814,20250820,0.0646360922681035,0.0,5.86,5.75,0.0139130434782608,0.0058997050147492,-0.7019064124783362,0.0082495197197423,0.0105301688757517,0.7101559321980785,0.7117043046617486,0.6996257633223268,0.7081398262588021,2025-08
946644,AIM,20250815,20250818,20250822,0.1132882491288189,0.0,2.6500474,2.6500000000000004,0.0377358490566038,0.0186915887850468,0.0305264766562236,0.0035320088300221,0.0288764797225133,-0.0269944678262015,-0.0067877303880824,-0.0558709475487148,-0.0364780673871582,2025-08
1840229,INKT,20250825,20250826,20250902,0.1443387916351673,0.0,14.57,14.620000000000001,0.027359781121751,0.0336074365391491,-0.0395010395010395,0.0428338853646212,0.03100798018926485,0.0823349248656608,0.0866019471305327,0.051326944676395946,0.056513548761049,2025-08
1649989,OTLK,20250826,20250827,20250903,0.1275508659885716,0.0,2.7,2.705,0.0036968576709795,0.0004447409384033,-0.6810035842293907,0.0429891970152578,0.0024746398851273033,0.7239927812446485,0.7102058792838692,0.7215181413595212,0.7091122324461595,2025-08
725363,CVM,20250829,20250902,20250908,0.1312573448321522,0.0,10.43,10.65,0.0281690140845071,0.0029027576197386,-0.0226628895184136,0.0343958812575309,0.01609836846503735,0.0570587707759445,0.0620560038012534,0.04096040231090715,0.0462017706853209,2025-09
1840229,INKT,20250903,20250904,20250910,0.1003131176232129,0.0,14.075,14.239999999999998,0.0870786516853932,0.0116959064327485,0.1031746031746032,0.0033123196922748,0.04970940522016545,-0.0998622834823284,-0.0762642854008331,-0.14957168870249385,-0.1323918612476179,2025-09
1840229,INKT,20250911,20250912,20250918,0.0799046309985024,0.0,14.65,14.925,0.0569514237855946,0.0218790218790219,0.0477815699658703,0.0132047788723539,0.03962781245957385,-0.0345767910935164,-0.0254455888583972,-0.07420460355309025,-0.0679004241969781,2025-09
2022416,SLXN,20250912,20250915,20250919,0.0741910696724407,1.0,4.07,4.07,0.004914004914005,0.0114285714285714,-0.1400491400491401,0.0161564625850338,0.008439357697273102,0.156205602634174,0.1539969550682322,0.14776624493690088,0.1466846716014815,2025-09
1662579,CCCC,20250915,20250916,20250922,0.0581901209349432,0.0,3.57,3.6100000000000003,0.0055401662049861,0.0038387715930901,-0.276005547850208,0.0403079225916818,0.004854213428037799,0.3163134704418898,0.3190841870053451,0.31145925701385196,0.3155260906757914,2025-09
1339970,ATYR,20250916,20250917,20250923,0.0491420328564842,0.0,1.08,1.0350000000000001,0.0096618357487922,0.0001010049997474,-0.0746728971962618,0.0288113969806504,0.005097918245159001,0.1034842941769123,0.070280575198383,0.0983863759317533,0.0653719897143423,2025-09
1789769,TIL,20250917,20250918,20250924,0.0369123437501502,0.0,21.545,22.195,0.0364947060148683,0.0068143100511073,-0.1932966023875115,0.0279565354995252,0.021923202876178504,0.2212531378870368,0.2327442158552198,0.1993299350108583,0.2149750214039099,2025-09
925741,BCDA,20250918,20250919,20250925,0.210117027165343,1.0,1.17,1.205,0.0082987551867219,0.0070671378091872,0.175,-0.0116506856376945,0.00804199459331175,-0.1866506856376946,-0.1830104180609466,-0.19469268023100636,-0.1924289405684753,2025-09
1359931,TARA,20250922,20250923,20250929,0.1131162759124996,0.0,3.67,3.7649999999999997,0.0079681274900397,0.0045351473922901,0.1666666666666667,0.0237923576063445,0.0066186917446194975,-0.1428743090603221,-0.1487254645101799,-0.1494930008049416,-0.1564444444444445,2025-09
1855644,ZURA,20250929,20250930,20251006,0.1272999217410569,0.0,2.99,3.165,0.009478672985782,0.0120627261761157,0.3010920436817472,0.0424461878897606,0.01097930315554915,-0.2586458557919866,-0.2642394251437837,-0.26962515894753575,-0.2786209016590296,2025-09
1357459,PALI,20251001,20251002,20251008,0.2928204569852783,0.0,1.31,1.475,0.0067796610169491,0.0049875311720697,0.3157894736842106,0.0373868555686738,0.006034888392895102,-0.2784026181155368,-0.3215871131071998,-0.2844375065084319,-0.3297633102827907,2025-10
1357459,PALI,20251009,20251010,20251016,0.1893158620136308,0.0,2.1,2.075,0.0048192771084338,0.0058309037900874,-0.1642512077294685,0.008457548712677,0.005513860418588999,0.1727087564421455,0.1840769775425749,0.1671948960235565,0.1794763572734966,2025-10
725363,CVM,20251014,20251015,20251021,0.1101704092141891,0.0,9.87,9.985,0.0210315473209813,0.0129449838187701,-0.0703542949429695,0.0383849872050041,0.0174283142486362,0.1087392821479736,0.1087759717227357,0.0913109678993374,0.0923965281216322,2025-10
1770121,SANA,20251015,20251016,20251022,0.1085413870727538,0.0,5.92,6.1899999999999995,0.0064620355411954,0.0018198362147406,-0.0924092409240923,-0.0216063451545264,0.004453173547139298,0.0708028957695658,0.0889214661441883,0.06634972222242651,0.0849213123243793,2025-10
1907108,LXEO,20251017,20251020,20251024,0.1497683827073727,0.0,9.58,9.66,0.0124223602484473,0.0010840108401083,-0.046487603305785,-0.0040430028484792,0.006981730158674601,0.0424446004573058,0.0400278428280053,0.035462870298631204,0.0333099089796541,2025-10
1737953,REPL,20251020,20251021,20251027,0.164986408684694,0.0,8.945,9.035,0.0055340343110128,0.0010746910263299,0.0366666666666666,0.0133030646992053,0.0037179639196266495,-0.0233636019674612,-0.0160327407744731,-0.02708156588708785,-0.0198588941488454,2025-10
1357459,PALI,20251021,20251022,20251028,0.0768583556600473,0.0,1.77,1.74,0.0114942528735632,0.005420054200542,0.0571428571428571,0.0287498851841645,0.009069223475390898,-0.0283929719586926,-0.0317511062717218,-0.037462195434083495,-0.0413825104735642,2025-10
1885522,NMRA,20251023,20251024,20251030,0.1209553989130558,0.0,2.31,2.2699999999999996,0.0088105726872246,0.0033955857385399,0.2468085106382977,0.0290574712643678,0.006815186342482347,-0.2177510393739299,-0.2651210783321837,-0.22456622571641224,-0.2737860917812254,2025-10
1501697,XFOR,20251024,20251027,20251031,0.2201046448759875,1.0,3.8,3.705,0.0242914979757084,0.0024844720496896,0.0831099195710456,0.0245432233433322,0.013806147829529202,-0.0585666962277133,-0.0613174835929368,-0.07237284405724251,-0.0764587720043335,2025-10
1357874,DTIL,20251028,20251029,20251104,0.120412337660128,0.0,8.29,8.3,0.0120481927710842,0.0014981273408239,-0.1988023952095807,-0.0346676197283774,0.007078340147558852,0.1641347754812033,0.1641829532383232,0.15705643533364447,0.1583976709196282,2025-10
1357459,PALI,20251029,20251030,20251105,0.1550449460295476,0.0,2.12,2.01,0.0199004975124377,0.0059701492537313,-0.16,-0.0124785242788679,0.0135632951285339,0.147521475721132,0.1564260576676182,0.1339581805925981,0.144910313727864,2025-10
1497253,VIVS,20251030,20251031,20251106,0.1259874705111882,0.0,2.98,2.585,0.0270793036750484,0.0135440180586906,-0.1478599221789882,-0.0229751475058107,0.020800182368274203,0.1248847746731774,0.128042012602247,0.1040845923049032,0.1099102248968751,2025-10
1759138,CABA,20251031,20251103,20251107,0.1365230863633054,0.0,3.61,3.435,0.0029112081513827,0.0039292730844792,-0.2837078651685394,-0.0182014777437377,0.003813168358084449,0.2655063874248017,0.2332146466174612,0.2616932190667173,0.2302839601680848,2025-11
1844417,ESLA,20251104,20251105,20251111,0.1922718980623328,0.0,2.29,2.305,0.0563991323210411,0.0236220472440945,0.1008771929824561,0.0596709731387674,0.0404998638549446,-0.0412062198436886,-0.0423936249278824,-0.08170608369863319,-0.0882520499144208,2025-11
1357874,DTIL,20251110,20251111,20251117,0.1295218173337886,1.0,6.07,6.109999999999999,0.0851063829787234,0.0038910505836576,-0.1433333333333334,0.0450491445212959,0.0450222505659967,0.1883824778546293,0.2064469005317503,0.1433602272886326,0.1668253489255221,2025-11
1817229,VOR,20251111,20251112,20251118,0.4298373116545917,1.0,9.84,9.985,0.0030045067601401,0.0054854635216676,-0.088,0.0129276229003607,0.00473613829765225,0.1009276229003608,0.102244823126114,0.09619148460270854,0.0978727231730428,2025-11
1844417,ESLA,20251112,20251113,20251119,0.1397575498562165,0.0,2.1,2.2,0.0454545454545454,0.0056980056980057,-0.1935483870967741,0.011216108805087,0.02624531630918175,0.2047644959018612,0.2134476389335049,0.17851917959267943,0.1919012197650806,2025-11
1980845,ENGN,20251113,20251114,20251120,0.3223570208776735,1.0,8.43,8.33,0.0192076830732293,0.0030303030303031,-0.2067307692307692,0.0238352221622593,0.0115263994422764,0.2305659913930285,0.2246216207153253,0.2190395919507521,0.215319019883402,2025-11
1832038,IVVD,20251118,20251119,20251125,0.1335372298704799,1.0,2.53,2.5199999999999996,0.0079365079365079,0.0043956043956043,-0.1062992125984252,0.0571378799756119,0.0063487189389559,0.1634370925740371,0.1576058461135141,0.1570883736350812,0.1518344272538504,2025-11
1314052,AVXL,20251120,20251121,20251128,0.1080700039864775,0.0,3.17,3.175,0.015748031496063,0.005249343832021,0.2082018927444795,0.0821069279093265,0.011729564951450102,-0.126094964835153,-0.11707724793243,-0.13782452978660312,-0.1310065379182508,2025-11
1844417,ESLA,20251121,20251124,20251201,0.094507044056449,0.0,1.52,1.53,0.0392156862745098,0.0055401662049861,0.1612903225806452,0.0225236754543127,0.02290081898627835,-0.1387666471263324,-0.1566008886656762,-0.16166746611261076,-0.18405188598737,2025-11
1662774,QNCX,20251126,20251128,20251204,0.1111008646724717,0.0,3.45,3.41,0.0117302052785923,0.0027816411682893,0.0404624277456646,0.0017881817442899,0.007623316885065,-0.0386742460013747,-0.0507107193190502,-0.0462975628864397,-0.0587728162220521,2025-11
1314052,AVXL,20251201,20251202,20251208,0.1083018127267527,0.0,3.82,3.93,0.0203562340966921,0.0023068050749711,0.1421052631578947,0.0322203672787979,0.0116757721836931,-0.1098848958790967,-0.0693535563671691,-0.1215606680627898,-0.0823256077836886,2025-12
1613780,DBVT,20251202,20251203,20251209,0.1116791751278428,0.0,12.9,13.04,0.0168711656441718,0.0196873190503763,0.299015897047691,0.0204614348265408,0.01874776672232935,-0.2785544622211502,-0.3063726462545521,-0.2973022289434796,-0.3312559049944504,2025-12
1815442,KYMR,20251208,20251209,20251215,0.1911007149700292,1.0,94.3,89.74000000000001,0.0124804992199686,0.0008174227827407,-0.0555555555555554,-0.0019499512512186,0.00705444840860725,0.0536056043043368,0.0439555851209214,0.04655115589572955,0.0371654399949984,2025-12
1854270,SNTI,20251209,20251210,20251216,0.1901715401291297,0.0,1.54,1.5550000000000002,0.0064308681672025,0.0080321285140562,-0.1987179487179488,0.0064340509774807,0.00780972975870425,0.2051519996954295,0.2036376293800281,0.19734226993672524,0.1972508718754477,2025-12
1818382,HUMA,20251216,20251217,20251223,0.1588606954880974,0.0,1.12,1.105,0.0090497737556561,0.0087336244541484,0.0272727272727271,0.0220967345936655,0.00926745541703965,-0.0051759926790615,-0.0136393177543638,-0.014443448096101149,-0.023270524498422,2025-12
1994702,KYTX,20251217,20251218,20251224,0.2799521686791754,1.0,6.91,6.945,0.0014398848092152,0.0089385474860335,0.2697740112994351,0.0428536041615059,0.006186250531990744,-0.2269204071379291,-0.2506872575477384,-0.23310665766991984,-0.2583764366757992,2025-12
1854270,SNTI,20251219,20251222,20251229,0.1038229129020578,0.0,1.2,1.1949999999999998,0.0251046025104602,0.0093896713615023,-0.1311475409836064,0.0005676289328575,0.01805922664325705,0.131715169916464,0.1102474719751185,0.11365594327320697,0.0938691103722323,2025-12
1613780,DBVT,20251222,20251223,20251230,0.1453937304101476,0.0,20.27,19.005000000000003,0.0005261773217575,0.0031217481789801,0.0089285714285716,-0.0302088315000796,0.0024445982862615033,-0.0391374029286513,-0.0403596144765963,-0.0415820012149128,-0.0428253323315465,2025-12
1649989,OTLK,20251223,20251224,20251231,0.0953680646065794,0.0,1.86,1.83,0.0109289617486338,0.0063091482649842,-0.1459459459459459,-0.0279815051020407,0.0088933134005448,0.1179644408439051,0.107804630680039,0.1090711274433603,0.1000242172391645,2025-12
1314052,AVXL,20251224,20251226,20260102,0.0821305068807708,0.0,3.72,3.71,0.0161725067385444,0.0027285129604365,-0.0027100271002709,-0.0347128445468266,0.009838887427426252,-0.0320028174465557,-0.0176522479551938,-0.04184170487398195,-0.0274526142826901,2025-12
1820190,SCLX,20260102,20260105,20260109,0.0623206536154211,0.0,13.09,13.3,0.0300751879699248,0.029988465974625,-0.029567854435178,0.02612709140361,0.0303689839490261,0.055694945838788,0.0483910425145906,0.0253259618897619,0.0182398466237602,2026-01
1357459,PALI,20260105,20260106,20260112,0.0780831336917751,0.0,2.1,2.08,0.0192307692307692,0.0053050397877984,-0.0995260663507109,0.0328360696724727,0.012654071644082,0.1323621360231837,0.1270583208270805,0.1197080643791017,0.1154464255369424,2026-01
1885522,NMRA,20260107,20260108,20260114,0.0799792812090058,0.0,2.29,2.1500000000000004,0.0093023255813953,0.0046620046620045,-0.0227272727272728,0.015616240890526,0.007632303726099897,0.0383435136177988,0.0187584471268119,0.030711209891698905,0.0111098299308013,2026-01
1613780,DBVT,20260108,20260109,20260115,0.0931451824231345,0.0,17.0,17.560000000000002,0.0056947608200454,0.0182403433476394,0.0835734870317002,-0.0067891373801917,0.012322916216500699,-0.0903626244118919,-0.0711042454757253,-0.1026855406283926,-0.0841994823007207,2026-01
1604464,ATRA,20260109,20260112,20260116,0.1538238123379537,0.0,13.67,5.745,0.0156657963446474,0.0022002200220021,-0.1921708185053381,0.0016131634134537,0.00921747321478315,0.1937839819187918,0.214016904182512,0.18456650870400865,0.2066095405206656,2026-01
1817229,VOR,20260120,20260121,20260127,0.1556604877695453,0.0,17.6,17.685000000000002,0.0096126661012156,0.0006800408024482,-0.1656302996042963,0.0264334770803387,0.005633965295269202,0.192063776684635,0.1938743611031911,0.18642981138936582,0.1890869124694588,2026-01
1759138,CABA,20260122,20260123,20260129,0.1641335846968751,0.0,2.94,2.9299999999999997,0.0068259385665529,0.0036297640653356,-0.0833333333333333,-0.0320018330405561,0.005677781179196749,0.0513315002927772,0.0312902169700425,0.04565371911358045,0.0259078451973974,2026-01
1907108,LXEO,20260123,20260126,20260130,0.0634254237443861,0.0,7.5,7.375,0.0366101694915253,0.00135043889264,0.0027063599458727,-0.0162447756486081,0.01952617832480165,-0.0189511355944809,-0.0176732387870401,-0.03847731391928255,-0.037631979293015,2026-01
1817229,VOR,20260128,20260129,20260204,0.0774063821434065,0.0,13.74,13.850000000000001,0.0072202166064981,0.0008093889113718,-0.094890510948905,-0.0050821885174303,0.0043680731016569494,0.0898083224314746,0.0992765212680978,0.08544024932981766,0.0953288387451844,2026-01
1497253,VIVS,20260130,20260202,20260206,0.0706072601619149,0.0,2.92,2.725,0.0183486238532109,0.0043763676148797,-0.1768953068592058,0.0117694478033052,0.012252908421878301,0.1886647546625111,0.1703878513354508,0.1764118462406328,0.1598814005912128,2026-02
1907108,LXEO,20260202,20260203,20260209,0.0761445288509625,0.0,7.64,7.635,0.0353634577603142,0.0013879250520471,-0.0551181102362204,-0.0092701704768639,0.018915544598878453,0.0458479397593565,0.0423259132076005,0.026932395160478045,0.0241331458040318,2026-02
1971387,LIMN,20260203,20260204,20260210,0.2180218994847211,1.0,1.07,1.125,0.0266666666666664,0.0077821011673151,0.0956521739130433,-0.0197857198717447,0.01768323034780245,-0.115437893784788,-0.1649140500450546,-0.13312112413259045,-0.1853128364158061,2026-02
1818382,HUMA,20260211,20260212,20260219,0.064026332306275,0.0,1.01,1.0150000000000001,0.0098522167487684,0.0087336244541484,0.1330049261083743,0.0126238414829018,0.0100174635369927,-0.1203810846254724,-0.1173917339520383,-0.1303985481624651,-0.128651320539721,2026-02
1759138,CABA,20260212,20260213,20260220,0.0611958742485982,0.0,2.85,2.88,0.0138888888888889,0.0034662045060659,0.0104166666666667,0.0095469255663431,0.0093654409329785,-0.0008697411003235,0.003461729166107,-0.010235182033301999,-0.0059795644477935,2026-02
946644,AIM,20260213,20260217,20260223,0.1875113129518992,0.0,1.25,1.0750000000000002,0.027906976744186,0.0186915887850467,0.0188679245283018,0.03480032599837,0.02434933279224465,0.0159324014700681,0.0384107327532323,-0.008416931322176548,0.0138415954066044,2026-02
1359931,TARA,20260224,20260225,20260303,0.1936062129285936,0.0,5.47,5.4350000000000005,0.0055197792088316,0.0016246953696181,0.1202185792349725,-0.0444874274661508,0.0040908127390456486,-0.1647060067011234,-0.1791048253074894,-0.16879681944016905,-0.1836800650590039,2026-02
1855644,ZURA,20260225,20260226,20260304,0.0940554144678251,1.0,7.0,6.835,0.0102414045354791,0.002865329512894,0.0115774240231547,-0.0084705882352941,0.00682795929817175,-0.0200480122584488,-0.0253488473379043,-0.02687597155662055,-0.032350278116128,2026-02
1706431,VIR,20260226,20260227,20260305,0.1696583329135163,1.0,9.32,9.375,0.0095999999999999,0.0011007154650522,-0.0204520990312163,-0.0172126596335367,0.006009358876390251,0.0032394393976795,0.0108083926406239,-0.002769919478710751,0.0049395308322368,2026-02
1628171,RVMD,20260227,20260302,20260306,0.0806309592089548,0.0,102.02,100.305,0.0070784108469168,0.0008121002943863,-0.0305418719211821,-0.005054962689561,0.004502413203636551,0.0254869092316211,0.0114864464105489,0.02098449602798455,0.0070408733071796,2026-03
1613780,DBVT,20260303,20260304,20260310,0.0675988547642723,0.0,21.87,21.935000000000002,0.0059266013220879,0.0051020408163264,0.0719489981785062,0.0239453595821614,0.005961429029128652,-0.0480036385963447,-0.0522165417999234,-0.053965067625473345,-0.0585940032828332,2026-03
1818382,HUMA,20260305,20260306,20260312,0.0744043550806399,0.0,1.09,1.0950000000000002,0.0091324200913242,0.0087336244541484,0.0458715596330272,0.0069803728340314,0.0098445610433677,-0.0388911867989958,-0.0370247459549137,-0.0487357478423635,-0.047320055828557,2026-03
1707502,SLDB,20260306,20260309,20260313,0.0845076964172386,0.0,6.75,7.02,0.0398860398860399,0.001368925393566,0.0594202898550724,-0.0190821256038647,0.02150036251643785,-0.0785024154589372,-0.0573046382033105,-0.10000277797537505,-0.0800792274816547,2026-03
1840229,INKT,20260310,20260311,20260317,0.1294048454400177,0.0,13.51,11.600000000000001,0.0086206896551723,0.0104931794333682,-0.176419965576592,-0.0195784321465224,0.010483905437736751,0.1568415334300695,0.1578622443914693,0.14635762799233276,0.1490497681987044,2026-03
946644,AIM,20260318,20260319,20260325,0.3607798408663766,0.0,1.02,0.9221,0.0045548205183819,0.0028109627547434,-0.0735629685971965,0.0301770720758167,0.004193934367679751,0.1037400406730133,0.1027162151559126,0.09954610630533356,0.0987872888603421,2026-03
1840229,INKT,20260319,20260320,20260326,0.1111090685177941,0.0,9.74,9.309999999999999,0.0236305048335124,0.0487804878048779,0.0136842105263159,0.0180772391125718,0.036865899964814444,0.0043930285862558,-0.0227399715052142,-0.03247287137855864,-0.0613177617851209,2026-03
1840229,INKT,20260327,20260330,20260406,0.295865192885136,0.0,11.02,11.2,0.0535714285714285,0.0228873239436619,-0.0043516100957354,0.0757537793368412,0.038726407352454695,0.0801053894325767,0.0686482915991112,0.041378982080122,0.0283085344229436,2026-03
1824893,SRZN,20260401,20260402,20260409,0.0724632283604756,0.0,28.44,28.740000000000002,0.082115518441197,0.0065669463699379,-0.0140086206896551,0.0490211682317363,0.04517137489932395,0.0630297889213914,0.0950593946772456,0.017858414022067448,0.0501293544971101,2026-04
1840229,INKT,20260407,20260408,20260414,0.0459279066163565,0.0,11.6,11.8,0.0322033898305085,0.0378197997775305,0.1547008547008548,0.0249207068418668,0.035392788554092794,-0.1297801478589879,-0.123421422425424,-0.16517293641308067,-0.1644685383057476,2026-04
1824893,SRZN,20260410,20260413,20260417,0.0642188251461008,0.0,28.2,29.02,0.067539627842867,0.0041106719367589,0.1211367673179395,0.0642363775901764,0.03631171829027035,-0.0569003897277631,-0.0263575899021741,-0.09321210801803345,-0.0672496634832782,2026-04
1662774,QNCX,20260413,20260414,20260420,0.1004025415879312,0.0,1.41,1.2850000000000001,0.0077821011673151,0.0077821011673151,0.016,0.0344594594594593,0.008591586851153896,0.0184594594594593,0.0317157193140116,0.009867872608305406,0.0230937336301728,2026-04
1628171,RVMD,20260414,20260415,20260421,0.1572439084514129,1.0,147.01,148.615,0.0030279581468897,0.0006042093249639,-0.0040799946491872,0.0001466598225414,0.0026207110266448,0.0042266544717287,-0.0031669114789928,0.0016059434450839002,-0.0057945373065732,2026-04
1662774,QNCX,20260421,20260422,20260428,0.0789907278297572,0.0,1.34,1.355,0.007380073800738,0.0080971659919028,-0.0888888888888888,-0.0491518051326663,0.008357008227167199,0.0397370837562224,0.0351505644251676,0.031380075529055196,0.0274527719669463,2026-04
1662774,QNCX,20260429,20260430,20260506,0.0977511232005167,0.0,1.23,1.23,0.016260162601626,0.0080321285140562,0.0166666666666666,0.0607905077432777,0.012994442474486296,0.0441238410766111,0.0442385464290459,0.031129398602124807,0.030995207529194,2026-04
1759138,CABA,20260504,20260505,20260511,0.1556939410800329,0.0,3.83,3.785,0.0079260237780712,0.00262123197903,0.0079155672823219,-0.0029596744358121,0.0058251856826135,-0.010875241718134,-0.0122478322887096,-0.016700427400747498,-0.0181359657841972,2026-05
1372299,OCGN,20260505,20260506,20260512,0.2378021739435036,0.0,1.49,1.5150000000000001,0.0066006600660066,0.0067796610169491,-0.0392156862745098,0.0,0.007137522850602851,0.0392156862745098,0.0298230960769422,0.03207816342390695,0.022840643172665,2026-05
1604464,ATRA,20260507,20260508,20260514,0.1165485939920503,0.0,9.93,9.655000000000001,0.0196789228379077,0.0104712041884816,-0.0062176165803109,0.0073205348472398,0.015862930665130552,0.0135381514275507,0.017405044946165,-0.0023247792375798524,0.0015578831759226,2026-05
1681087,TECX,20260515,20260518,20260522,0.0719900913645167,0.0,27.89,28.65,0.0649214659685863,0.0041152263374484,0.0489913544668587,0.005805958747135,0.03490024489797995,-0.0431853957197236,-0.0146003155246257,-0.07808564061770355,-0.0512937212617236,2026-05
1764013,IMVT,20260520,20260521,20260528,0.0801994303803554,0.0,35.56,35.315,0.0008494973807164,0.0005968367651448,-0.0595171252105558,0.0409522351500308,0.0015279942598802998,0.1004693603605867,0.0988056893295534,0.0989413661007064,0.0973143655813034,2026-05
1812364,RLAY,20260521,20260522,20260529,0.1171215277471485,0.0,13.66,13.655000000000001,0.0153789820578541,0.0007125044531528,0.0392011834319527,0.0317005056985431,0.00882264159711485,-0.0075006777334096,0.0040898717423481,-0.01632331933052445,-0.0050207540229526,2026-05
882796,BCRX,20260522,20260526,20260601,0.0596373858213558,0.0,8.29,8.14,0.0024570024570024,0.0011661807580174,0.0470372632864997,0.0086812108401903,0.0023780624949843007,-0.0383560524463093,-0.0482865215139051,-0.0407341149412936,-0.0507637424671112,2026-05
1681087,TECX,20260526,20260527,20260602,0.0619311428863316,0.0,29.99,29.52,0.0630081300813008,0.0047488584474886,-0.0847514180847514,-0.0438557102230204,0.0347700255532745,0.0408957078617309,0.0265392075417616,0.0061256823084564,-0.0067910708785558,2026-05
1650664,EDIT,20260527,20260528,20260603,0.0791101675237282,0.0,3.57,3.5,0.0057142857142855,0.0036036036036035,-0.2212885154061624,-0.0327795574759739,0.005056569594073202,0.1885089579301885,0.1747658079625294,0.1834523883361153,0.1706637213000165,2026-05
1211583,FENC,20260528,20260529,20260604,0.0526339254923131,0.0,9.89,9.825,0.0254452926208651,0.0010922992900054,-0.0784708249496981,-0.0224208675263775,0.01391663758895085,0.0560499574233206,0.0472774881428968,0.04213331983436975,0.0341063653782462,2026-05
1820190,SCLX,20260529,20260601,20260605,0.2346155540903241,0.0,8.9,8.745000000000001,0.042309891366495,0.0172413793103447,-0.2090395480225988,-0.0512461288895443,0.030094413524344346,0.1577934191330544,0.1563478228639243,0.12769900560871006,0.1318189486551723,2026-06
1213037,CRDF,20260601,20260602,20260608,0.1059473115619362,0.0,1.48,1.4849999999999999,0.0202020202020202,0.0066445182724252,0.0135135135135135,-0.0236429983275048,0.0140914901041435,-0.0371565118410184,-0.0372567271294232,-0.051248001945161895,-0.051667818882072,2026-06
882796,BCRX,20260602,20260603,20260609,0.0742843495307298,0.0,8.34,8.36,0.007177033492823,0.0011997600479903,0.0,0.0298659559457552,0.0045888995590227495,0.0298659559457552,0.0337367343986283,0.02527705638673245,0.029145320795926,2026-06
1681087,TECX,20260604,20260605,20260611,0.0656838928073638,0.0,29.13,28.880000000000003,0.0602493074792243,0.0054255679891488,0.007209062821833,-0.0002259546584318,0.03366543365065955,-0.0074350174802649,-0.0209712415445071,-0.04110045113092445,-0.0563717486634494,2026-06
925741,BCDA,20260605,20260608,20260612,0.2751104034299451,1.0,1.03,1.0350000000000001,0.0289855072463768,0.0110863477913024,-0.1456310679611651,0.0274940480761844,0.020543214838369,0.1731251160373496,0.1776134438324078,0.1525819011989806,0.1599194557456149,2026-06
2022416,SLXN,20260609,20260610,20260616,0.0631906332900344,0.0,4.17,3.935,0.0330368487928843,0.053030303030303,-0.3139240506329114,0.0375651640601042,0.04346726641532105,0.3514892146930156,0.365445459493124,0.3080219482776945,0.3356555311582319,2026-06
1818382,HUMA,20260611,20260612,20260618,0.2049073567800672,0.0,1.08,1.0950000000000002,0.0091324200913242,0.0026206595326491,-0.1596363636363637,0.0582042412392842,0.007014623291065751,0.2178406048756479,0.2182181691450612,0.21082598158458216,0.2121427139597275,2026-06
2022416,SLXN,20260617,20260618,20260625,0.0720464945627784,0.0,2.9,2.775,0.0180180180180179,0.0402193784277878,-0.0072727272727273,0.0675352112676057,0.030118478041262248,0.074807938540333,0.0764828965228501,0.04468946049907076,0.0465232477446218,2026-06
1681087,TECX,20260618,20260622,20260626,0.0475643052494574,0.0,30.02,30.155,0.0560437738351849,0.0084759064511065,0.0638510142999666,0.0825611370445202,0.032816495760572495,0.0187101227445536,0.0204970512924043,-0.014106373016018896,-0.015120580365961,2026-06
1737287,ALLO,20260623,20260624,20260630,0.0632633278174886,0.0,2.07,2.0949999999999998,0.0143198090692123,0.0048192771084338,0.0,0.0741922345913657,0.010069866585515747,0.0741922345913657,0.0780951987973177,0.06412236800584996,0.0680483359211503,2026-06
1455365,CGTX,20260624,20260625,20260701,0.1289835756834286,0.0,1.02,1.045,0.0095693779904306,0.0088105726872246,0.0560747663551399,0.0444325838948564,0.009811833139961895,-0.0116421824602834,-0.0434309158342164,-0.021454015600245298,-0.0540822178753212,2026-06
1806310,TSHA,20260625,20260626,20260702,0.1537384544229302,0.0,6.21,6.15,0.0130081300813008,0.0015302218821728,0.0687397708674304,0.0610328638497654,0.008065637654002403,-0.0077069070176649,-0.0053976082326275,-0.015772544671667305,-0.0139688759671926,2026-06
1662579,CCCC,20260626,20260629,20260706,0.0690675818225554,0.0,4.26,4.3100000000000005,0.0092807424593967,0.0024067388688326,-0.0258823529411765,0.0341479099678456,0.006470151460960247,0.0600302629090222,0.0673743057849353,0.05356011144806195,0.0610880482609574,2026-06
921114,ARMP,20260629,20260630,20260707,0.0639788000416935,0.0,6.46,6.55,0.015267175572519,0.0281690140845071,-0.1741835147744945,0.0318619734273659,0.02220461579449475,0.2060454882018605,0.2193713951567063,0.18384087240736574,0.2010927426581351,2026-06
1187953,CELZ,20260630,20260701,20260708,0.1991984588735522,1.0,1.45,1.3250000000000002,0.0377358490566038,0.02,-0.2647058823529412,0.031912872791743,0.0291273151958793,0.2966187551446843,0.2752422515576189,0.267491439948805,0.2527767650990399,2026-07
1108205,CRIS,20260706,20260707,20260713,0.158081917750601,0.0,5.94,5.855,0.0017079419299744,0.0425531914893617,-0.1949152542372881,-0.0413478153542334,0.02287012043347845,0.1535674388830546,0.1554772608370349,0.13069731844957616,0.1369575936883628,2026-07
1820190,SCLX,20260706,20260707,20260713,0.1052097404463079,0.0,8.07,8.02,0.0673316708229425,0.0213219616204692,0.1889168765743072,-0.0413478153542334,0.04506636994551625,-0.2302646919285407,-0.2113660919253802,-0.275331061874057,-0.2657553922504295,2026-07
1649989,OTLK,20260708,20260709,20260715,0.0490146856622274,0.0,1.69,1.69,0.0118343195266272,0.0063897763578274,-0.0714285714285714,-0.0404176904176905,0.010288449764748997,0.0310108810108808,0.0315508413152702,0.020722431246131802,0.0218861329275188,2026-07
1098972,AGEN,20260713,20260714,20260720,0.0703655476287809,0.0,6.12,5.619999999999999,0.0071174377224199,0.0020060180541624,-0.1879084967320262,-0.0306961212432571,0.005340583646231348,0.1572123754887691,0.0818225769328081,0.15187179184253774,0.076982968760023,2026-07
1108205,CRIS,20260714,20260715,20260721,0.050557099998415,0.0,4.65,4.855,0.0432543769309989,0.0312174817898021,-0.0124740124740123,0.0016012654535082,0.0378222305002613,0.0140752779275206,0.0140016430489256,-0.023746952572740704,-0.0242517403176141,2026-07
1649989,OTLK,20260716,20260717,20260723,0.0570424982174316,0.0,1.46,1.375,0.0072727272727271,0.0076045627376425,-0.057142857142857,0.0177843150364378,0.008115572276921801,0.0749271721792949,0.0606749845103444,0.06681159990237309,0.0528580439672072,2026-07
1590877,RGNX,20260717,20260720,20260724,0.1275495364775417,1.0,9.89,10.155,0.0088626292466765,0.0010282776349614,-0.0279720279720279,-0.0269011898603207,0.005321425816168246,0.0010708381117071,0.0093734619424179,-0.004250587704461146,0.004240364471919,2026-07
1820190,SCLX,20260720,20260721,20260727,0.1074425449516434,0.0,7.64,7.72,0.0829015544041449,0.0184266477675407,-0.0940721649484535,-0.0028473049927162,0.0514837459073343,0.0912248599557372,0.0799028901360508,0.0397411140484029,0.0307811867793402,2026-07
1649989,OTLK,20260724,20260727,20260731,0.0967659612965779,0.0,1.405,1.3650000000000002,0.0073260073260073,0.0001021711366538,-0.3122535211267605,-0.0312994201370585,0.004195314211257755,0.2809541009897019,0.2511880696528001,0.2767587867784442,0.2480339293528987,2026-07
1638097,ENTX,20260727,20260728,20260803,0.1767935193611224,1.0,3.92,3.775,0.0132450331125827,0.0033726812816189,-0.241025641025641,-0.0211960132890365,0.009483079765585399,0.2198296277366045,0.1935672766870339,0.2103465479710191,0.1858235176947081,2026-07
1737953,REPL,20260731,20260803,20260807,0.0970282249694516,0.0,11.2,11.085,0.006314839873703,0.0016583747927031,0.0968622100954981,0.0706898897809227,0.005223905310383954,-0.0261723203145753,-0.0150038108064896,-0.03139622562495925,-0.0205921028504967,2026-08
1581280,TWST,20260805,20260806,20260812,0.0770691094005869,0.0,115.01,112.495,0.0088003911284945,0.0016775172744339,0.1006504922644162,0.0353361481000324,0.005941625053904897,-0.0653143441643837,-0.0780401873802889,-0.0712559692182886,-0.0845985589622859,2026-08
1187953,CELZ,20260806,20260807,20260813,0.1223841925535609,0.0,1.15,1.495,0.0066889632107023,0.0080971659919028,-0.1564625850340135,-6.374705169875927e-05,0.00799515572969345,0.1563988379823148,0.1711472754212925,0.14840368225262135,0.1644173757139695,2026-08
1187953,CELZ,20260814,20260817,20260821,0.0603116976017977,0.0,1.22,1.1749999999999998,0.0085106382978723,0.015267175572519,0.1101694915254238,0.0567493464260662,0.01276466812220985,-0.0534201450993576,-0.0555775415978187,-0.06618481322156745,-0.0697648139686845,2026-08
1650648,FDMT,20260817,20260818,20260824,0.0583828487054997,0.0,14.545,14.219999999999999,0.0168776371308017,0.0013012361743657,0.08,0.0368195023367436,0.0095118445691175,-0.0431804976632563,-0.0450033718625031,-0.052692342232373804,-0.0553339103712504,2026-08
1653087,ALEC,20260818,20260819,20260825,0.0699026426641001,0.0,2.21,2.24,0.0089285714285714,0.0042462845010614,0.0512249443207126,0.0205190102595052,0.0069221280411842,-0.0307059340612074,-0.036118631256165,-0.0376280621023916,-0.0434100097438077,2026-08
1662579,CCCC,20260819,20260820,20260826,0.0556601216416321,0.0,4.21,4.140000000000001,0.0048309178743962,0.0023612750885477,0.0241545893719807,0.0103804152166087,0.00413841447996415,-0.013774174155372,-0.0150445610528069,-0.017912588635336152,-0.0192744017145036,2026-08
1971387,LIMN,20260821,20260824,20260828,0.1048686151627328,0.0,5.16,5.0,0.08,0.0433295324971494,-0.1590457256461231,-0.015819140553973,0.0623273360053203,0.1432265850921501,0.1117346242844964,0.08089924908682981,0.0547387211944173,2026-08
1907223,GRML,20260825,20260826,20260901,0.1316850993275303,1.0,9.71,5.42,0.007380073800738,0.0107642626480085,-0.1388888888888888,-0.0278438838648262,0.00933405486025825,0.1110450050240625,0.1167343107451816,0.10171095016380426,0.1086686794051829,2026-08
1971387,LIMN,20260831,20260901,20260908,0.0806010021659417,0.0,3.86,3.875,0.0593548387096775,0.0166204986149584,-0.0473684210526315,0.0011128284389489,0.038481090003576156,0.0484812494915805,0.0677078957615666,0.010000159488004347,0.0307422712631361,2026-09
1425205,IOVA,20260902,20260903,20260910,0.0519570247352321,0.0,8.62,8.64,0.0046296296296297,0.0012277470841006,-0.0589595375722543,-0.0508413025057499,0.0033919149742419495,0.0081182350665044,0.007252289432766,0.004726320092262451,0.0040217580976782,2026-09
1653087,ALEC,20260903,20260904,20260911,0.0607175045644361,0.0,2.51,2.53,0.0158102766798419,0.0046838407494146,-0.1507936507936507,-0.0401868010323216,0.010954000789780649,0.110606849761329,0.1129345692099159,0.09965284897154836,0.1035115034870617,2026-09
1501697,XFOR,20260908,20260909,20260915,0.0545075862255986,0.0,3.505,3.545,0.0197461212976023,0.0027586206896551,0.0342857142857142,-0.0403115264797507,0.011936596821980098,-0.074597240765465,-0.0670948761174642,-0.08653383758744511,-0.0794001403651615,2026-09
1372299,OCGN,20260909,20260910,20260916,0.047260011727784,0.0,1.065,1.065,0.0093896713615023,0.0099502487562189,-0.0882191780821918,-0.0216384288343168,0.010393874247995401,0.0665807492478749,0.0409730704945213,0.056186874999879496,0.0310809394571272,2026-09
1971387,LIMN,20260910,20260911,20260917,0.0492748460499936,0.0,3.63,3.69,0.0487804878048779,0.0348837209302325,-0.0661157024793387,-0.0001263663360081,0.042085671494540004,0.0659893361433305,0.0697128891091425,0.02390366464879049,0.0294864222531604,2026-09
1662579,CCCC,20260911,20260914,20260918,0.0407097340319424,0.0,3.51,3.465,0.0086580086580086,0.0029542097488922,-0.0202312138728323,-0.0008925156190234,0.0064117822740050005,0.0193386982538088,0.022800895954509,0.012926915979803798,0.0164985041437574,2026-09
921114,ARMP,20260914,20260915,20260921,0.0562604649517314,0.0,5.55,5.28,0.0189393939393938,0.0070175438596491,-0.1870229007633588,0.0073211102622865,0.013905718182599551,0.1943440110256453,0.1971172269733895,0.18043829284304574,0.1855813821749282,2026-09
1434316,FATE,20260917,20260918,20260924,0.0621498251237461,0.0,2.52,2.54,0.0078740157480315,0.0042826552462525,-0.1003861003861003,-0.0136527400290752,0.0063893959416808,0.086733360357025,0.0655671832305149,0.08034396441534421,0.0596462755979023,2026-09
1907223,GRML,20260921,20260922,20260928,0.1050938582467722,1.0,9.42,14.845,0.0060626473560121,0.0008442380751371,-0.1350364963503649,-0.0157124002262585,0.0042010244951777,0.1193240961241064,0.1892899600445235,0.1151230716289287,0.1857784573888405,2026-09
1824893,SRZN,20260924,20260925,20261001,0.3119363990726984,0.0,33.68,37.05,0.0232118758434547,0.0043210902443077,-0.1359447004608295,-0.0146045918367347,0.014207014864839398,0.1213401086240947,0.1736966531326414,0.1071330937592553,0.1619463276913892,2026-09
