cik,tk,signal,entry,exit,p,hit,status,s_in_bid,s_in_ask,s_out_bid,s_out_ask,x_in_bid,x_in_ask,x_out_bid,x_out_ask,spread_in,spread_out,ret_mid,ret_real,xbi_mid,xbi_real,hedged_mid,hedged_real,adj_stock,adj_xbi,cost,gross,net,px_in,m
1649989,OTLK,20250102,20250103,20250110,0.2869182333441676,0.0,0,2.04,2.06,2.36,2.37,91.71,91.76,89.43,89.44,0.0097560975609756,0.0042283298097252,-0.153658536585366,-0.1617647058823529,-0.0250722188913719,-0.0253923278116826,-0.1787307554767379,-0.1871570336940356,0.14492753623188426,-0.024539208201548646,0.007312322605661099,-0.1694667444334329,-0.176779067039094,2.05,2025-01
1770121,SANA,20250108,20250110,20250116,0.222870143277937,0.0,0,4.98,5.01,3.25,3.26,90.34,90.38,87.85,87.86,0.0060060060060058,0.0030721966205836,0.3483483483483484,0.3453815261044177,-0.027722443559097,-0.0279929187873423,0.3206259047892513,0.3173886073170754,-0.35387673956262433,-0.027980535279805374,0.004809576541540001,0.32589620428281896,0.32108662774127894,4.995,2025-01
1357874,DTIL,20250110,20250113,20250117,0.3487684995191564,0.0,0,5.54,5.67,4.91,4.96,88.5,88.53,87.95,87.96,0.023193577163247,0.0101317122593717,0.119536128456735,0.1046931407942238,-0.0063266113088177,-0.0065514514853721,0.1132095171479173,0.0981416893088516,-0.13134851138353765,-0.005988700564971805,0.01688748488786375,0.12535981081856584,0.1084723259307021,5.605,2025-01
1649989,OTLK,20250113,20250114,20250121,0.2331331519910714,1.0,0,2.25,2.29,2.29,2.3,89.53,89.56,90.47,90.48,0.0176211453744493,0.0043572984749454,-0.0110132158590307,-0.0222222222222221,0.0103858395220279,0.0101607860652075,-0.0006273763370028,-0.0120614361570146,0.0021834061135370675,0.006561387900355875,0.011214275381517749,0.0043779817868188076,-0.006836293594698941,2.27,2025-01
1841387,CADL,20250117,20250121,20250127,0.1533331643099001,0.0,0,6.8,6.87,6.47,6.49,88.94,88.97,92.59,92.6,0.0102414045354791,0.0030864197530864,0.051938551572787,0.0455882352941175,0.0409195660727335,0.0406878723165111,0.0928581176455205,0.0862761076106287,-0.04985337243401755,0.04431664411366709,0.006895605900505145,0.09417001654768464,0.0872744106471795,6.835,2025-01
1855485,CLDI,20250121,20250122,20250128,0.1596445162699066,1.0,0,0.82,0.828,0.65,0.656,90.69,90.73,93.18,93.19,0.0097087378640776,0.009188361408882,0.2075242718446601,0.1999999999999999,0.0272847536104068,0.0270031962967045,0.2348090254550669,0.2270031962967044,-0.20807228915662657,0.029385771100309377,0.009730106950182098,0.23745806025693594,0.22772795330675386,0.824,2025-01
1357874,DTIL,20250123,20250124,20250130,0.1069483474569902,0.0,0,5.0,5.15,5.03,5.24,92.85,92.89,93.51,93.52,0.0295566502463054,0.0408958130477117,-0.011822660098522,-0.048,0.0069451922041563,0.0066745613090752,-0.0048774678943657,-0.0413254386909247,0.035785288270377746,0.0074313408723749586,0.03549686254208965,-0.028353947398002788,-0.06385080994009243,5.075,2025-01
2022416,SLXN,20250128,20250129,20250204,0.1549181783231332,1.0,0,2.23,2.24,1.28,1.3,93.07,93.13,92.57,92.58,0.0044742729306488,0.0155038759689922,0.4228187919463088,0.4170403587443946,-0.0056390977443609,-0.0060130999677869,0.4171796942019478,0.4110272587766076,-0.42396313364055305,-0.0012946380407811153,0.010363076673246499,0.42266849559977193,0.41230541892652545,2.2350000000000003,2025-01
1501697,XFOR,20250129,20250130,20250205,0.1820905602172744,0.0,0,0.8021,0.8105,0.6286,0.6291,93.29,93.35,94.69,94.7,0.0104179585762122,0.0007951021706288,0.2200793749224854,0.2156838299463907,0.0147342477496785,0.014354579539368,0.234813622672164,0.2300384094857588,-0.24036448713212655,0.016312513414895813,0.005986198583731001,0.25667700054702236,0.25069080196329135,0.8063,2025-01
1855485,CLDI,20250131,20250203,20250207,0.2186744776968853,1.0,0,0.747,0.75,1.3,1.31,90.51,90.57,91.28,91.29,0.0040080160320641,0.0076628352490421,-0.7434869739478961,-0.7536813922356091,0.0082284073337752,0.0078392403665674,-0.7352585666141208,-0.7458421518690417,0.7261983800292124,0.007286376683594664,0.0062245926077609,-0.7189120033456178,-0.7251365959533786,0.7484999999999999,2025-02
1832038,IVVD,20250204,20250205,20250211,0.2888862375874082,0.0,0,1.13,1.14,1.66,1.67,93.01,93.07,89.07,89.08,0.0088105726872246,0.006006006006006,-0.4669603524229078,-0.4778761061946903,-0.042616079105761,-0.0429784033523155,-0.5095764315286688,-0.5208545095470059,0.4358974358974359,-0.04195804195804198,0.007770613593169802,-0.4778554778554779,-0.4856260914486477,1.1349999999999998,2025-02
1855485,CLDI,20250210,20250211,20250218,0.1815099264389464,0.0,0,1.26,1.27,1.27,1.29,89.47,89.5,91.29,91.3,0.0079051383399209,0.015625,-0.0118577075098813,-0.0238095238095238,0.0202268536626251,0.02,0.0083691461527437,-0.0038095238095238,0.015748031496062964,0.02124566700212438,0.01199192283258555,0.005497635506061416,-0.006494287326524134,1.2650000000000001,2025-02
1737287,ALLO,20250214,20250218,20250224,0.1409731668379273,0.0,0,2.35,2.36,2.14,2.15,91.73,91.77,90.1,90.11,0.0042462845010614,0.0046620046620045,0.0891719745222929,0.0851063829787234,-0.0179291553133515,-0.0181976680832516,0.0712428192089413,0.0669087148954718,-0.011547344110854452,-0.018837108013937343,0.004722657351433051,-0.007289763903082891,-0.012012421254515942,2.355,2025-02
1855485,CLDI,20250219,20250220,20250226,0.1759704948845708,0.0,0,1.21,1.26,0.87,0.879,92.52,92.53,88.27,88.28,0.0404858299595142,0.0102915951972555,0.291902834008097,0.2735537190082644,-0.0459335314779789,-0.0460391224467741,0.245969302530118,0.2275145965614903,-0.2735537190082644,-0.04609032146485936,0.025494303547180047,0.22746339754340505,0.201969093996225,1.2349999999999999,2025-02
1855485,CLDI,20250227,20250228,20250306,0.1452610047927255,0.0,0,0.8377,0.8672,0.8363,0.8496,86.7,86.8,87.06,87.07,0.0346061352571998,0.01577792277122,0.0111443486421489,-0.0142055628506625,0.0036311239193083,0.0029953917050691,0.0147754725614572,-0.0112101711455934,-0.00047058823529411153,0.006473988439306355,0.0258277612284491,0.006944576674600467,-0.018883184553848634,0.8524499999999999,2025-02
1841387,CADL,20250228,20250303,20250307,0.0915026663548389,0.0,0,9.01,9.15,8.26,8.27,88.62,88.72,87.27,87.29,0.0154185022026432,0.0012099213551118,0.0897577092511012,0.0821309655937847,-0.0156761024021653,-0.0163435527502254,0.0740816068489359,0.0657874128435592,-0.0822222222222222,-0.016227180527383367,0.0089816621269376,0.06599504169483883,0.05701337956790123,9.08,2025-03
2022416,SLXN,20250305,20250306,20250312,0.1135776264097879,0.0,0,1.36,1.39,1.37,1.38,86.57,86.64,87.18,87.19,0.0218181818181816,0.0072727272727271,0.0,-0.014705882352941,0.0066970729172681,0.0062326869806095,0.0066970729172681,-0.0084731953723315,-0.007194244604316502,0.00798056904927158,0.01500984048211295,0.015174813653588082,0.00016497317147513152,1.375,2025-03
1855485,CLDI,20250310,20250311,20250317,0.1565281438894924,0.0,0,0.79,0.8,0.858,0.87,85.95,86.02,88.3,88.31,0.0125786163522012,0.0138888888888889,-0.0867924528301886,-0.10126582278481,0.0269814502529512,0.0265054638456172,-0.0598110025772373,-0.0747603589391928,0.10000000000000009,0.028781169890468528,0.013709739027879048,-0.07121883010953156,-0.0849285691374106,0.795,2025-03
1735438,MGTX,20250313,20250314,20250320,0.1730456447021161,0.0,0,8.33,8.52,7.65,7.66,86.75,86.85,86.6,86.61,0.0225519287833827,0.0013063357282821,0.0913946587537092,0.0804321728691476,-0.0022465437788019,-0.0028785261945883,0.0891481149749073,0.0775536466745592,-0.10630841121495327,-0.0011535355865728292,0.0125611146716188,0.10515487562838044,0.09259376095676164,8.425,2025-03
1711754,INMB,20250314,20250317,20250321,0.0607909978883665,0.0,0,7.75,7.9,8.13,8.17,86.97,87.04,87.13,87.14,0.0191693290734824,0.0049079754601225,-0.0415335463258786,-0.0541935483870967,0.0014941670018964,0.0010340073529411,-0.0400393793239821,-0.0531595410341556,0.0265486725663715,0.0040336521839345885,0.01249881191575775,-0.022515020382436912,-0.03501383229819466,7.825,2025-03
1382101,STRO,20250317,20250318,20250324,0.0754842928949853,0.0,0,0.9001,0.91,0.77,0.774,86.9,86.97,88.83,88.84,0.0109386221755704,0.005181347150259,0.1470084525716811,0.1400955449394511,0.0218554092137803,0.0213866850638151,0.1688638617854615,0.1614822300032663,-0.14411111111111108,0.01776097169703217,0.008528708812879897,0.16187208280814325,0.15334337399526335,0.90505,2025-03
2022416,SLXN,20250319,20250320,20250326,0.0660942520643558,0.0,0,1.12,1.13,1.16,1.17,86.65,86.7,85.06,85.07,0.0088888888888887,0.0085836909871244,-0.0355555555555555,-0.0446428571428569,-0.0185751370060572,-0.0189158016147635,-0.0541306925616128,-0.0635586587576205,0.03571428571428581,-0.018118869013271865,0.00907695454671285,-0.053833154727557675,-0.06291010927427053,1.125,2025-03
1098972,AGEN,20250320,20250321,20250327,0.0580702094585954,0.0,0,1.64,1.67,1.66,1.67,86.03,86.12,85.53,85.54,0.0181268882175226,0.006006006006006,-0.0060422960725076,-0.0182926829268292,-0.006273598605867,-0.0068509057129586,-0.0123158946783747,-0.0251435886397879,0.012195121951219523,-0.007657500870170475,0.0126437542188559,-0.019852622821389998,-0.0324963770402459,1.6549999999999998,2025-03
1907108,LXEO,20250324,20250325,20250331,0.1705714686142986,0.0,0,4.16,4.18,3.45,3.46,88.6,88.71,81.08,81.09,0.0047961630695442,0.0028943560057886,0.171462829736211,0.1682692307692308,-0.0853871750042297,-0.0860105963251042,0.0860756547319812,0.0822586344441266,-0.17183770883054894,-0.08702015084993808,0.004468680858540907,0.08481755798061086,0.08034887712206995,4.17,2025-03
1818382,HUMA,20250326,20250327,20250402,0.2547889494140499,0.0,0,2.03,2.04,1.44,1.45,85.19,85.24,80.62,80.63,0.004914004914005,0.0069204152249135,0.28992628992629,0.2857142857142856,-0.0538637563809188,-0.0541999061473486,0.2360625335453711,0.231514379566937,-0.27722772277227725,-0.055659714084837164,0.0062533598358890455,0.2215680086874401,0.21531464885155105,2.035,2025-03
1613780,DBVT,20250328,20250331,20250404,0.1287470992245392,1.0,0,6.0,6.02,6.31,6.58,81.04,81.14,73.63,73.64,0.0033277870216305,0.0418929402637704,-0.0723793677204659,-0.0966666666666666,-0.0919348871624122,-0.0925560759181661,-0.1643142548828782,-0.1892227425848328,0.08333333333333326,-0.09630720157035955,0.02323155239845435,-0.1796405349036928,-0.20287208730214715,6.01,2025-03
2022416,SLXN,20250401,20250402,20250408,0.1301989265034158,0.0,0,1.02,1.04,0.7174,0.73,77.46,77.5,69.86,69.87,0.0194174757281553,0.0174105292248168,0.297378640776699,0.2843137254901961,-0.0982834279814143,-0.0985806451612902,0.1990952127952847,0.1857330803289058,-0.2952941176470588,-0.10178870158280784,0.018711219656361945,0.19350541606425098,0.17479419640788904,1.03,2025-04
1799448,ALGS,20250404,20250407,20250411,0.0836884441929561,0.0,0,5.51,5.59,4.07,4.25,70.37,70.45,74.29,74.31,0.0144144144144144,0.0432692307692307,0.2504504504504504,0.2286751361161524,0.0552478341144726,0.0545067423704754,0.305698284564923,0.2831818784866279,-0.2701252236135957,0.04690140845070423,0.029582914335819752,0.31702663206429993,0.28744371772848015,5.55,2025-04
1613780,DBVT,20250407,20250408,20250414,0.0582919007218138,0.0,0,7.18,7.39,7.56,7.8,75.25,75.32,76.53,76.54,0.0288263555250514,0.03125,-0.0542210020590253,-0.0863509749303621,0.0166035730889286,0.016064790228359,-0.0376174289700966,-0.070286184702003,0.08194444444444438,0.01849634065202932,0.0305769606230953,-0.06344810379241506,-0.09402506441551035,7.285,2025-04
1711754,INMB,20250408,20250409,20250415,0.0529026731316805,0.0,0,6.62,6.8,7.45,7.5,68.56,68.62,76.54,76.55,0.0268256333830103,0.0066889632107023,-0.1140089418777942,-0.1329305135951661,0.1159790056859599,0.1154182454095016,0.0019700638081656,-0.0175122681856645,0.11826347305389229,0.12476120499632648,0.017318058573314594,0.006497731942434193,-0.010820326630880402,6.71,2025-04
1357874,DTIL,20250415,20250416,20250423,0.0607988230804197,0.0,0,5.32,5.7,5.65,5.73,76.13,76.26,79.1,79.11,0.0689655172413793,0.0140597539543058,-0.0326678765880218,-0.0770676691729323,0.0381914823807336,0.0372410175714659,0.0055236057927117,-0.0398266516014664,0.047970479704797064,0.039558417663293266,0.04246310040711025,-0.008412062041503798,-0.05087516244861405,5.51,2025-04
1613780,DBVT,20250416,20250417,20250424,0.0488433976170223,0.0,0,7.65,7.9,8.9,8.98,74.72,74.78,80.89,80.9,0.0321543408360128,0.0089485458612975,-0.14983922829582,-0.1738562091503268,0.0822073578595319,0.0817063385932066,-0.0676318704362881,-0.0921498705571201,0.1251580278128952,0.08011750567498988,0.02105246261498045,-0.045040522137905326,-0.06609298475288578,7.775,2025-04
1098972,AGEN,20250422,20250423,20250429,0.153653629574784,0.0,0,2.95,3.03,3.04,3.05,79.93,80.0,81.82,81.83,0.0267558528428092,0.0032840722495894,-0.0183946488294313,-0.0338983050847456,0.0232601763271429,0.0227499999999998,0.0048655274977116,-0.0111483050847458,0.016666666666666607,0.027481490776759987,0.015530138873342399,0.01081482411009338,-0.0047153147632490195,2.99,2025-04
2022416,SLXN,20250423,20250424,20250430,0.2875309854007014,0.0,0,0.97,0.9711,0.9684,0.975,79.04,79.12,82.97,82.98,0.0011333779815568,0.0067922198209323,-0.0011848951625366,-0.0051546391752577,0.0492539200809305,0.0486602628918098,0.0480690249183938,0.043505623716552,-0.0046492823933697025,0.044776119402985204,0.004556456090365245,0.049425401796354906,0.04486894570598966,0.97055,2025-04
2022416,SLXN,20250501,20250502,20250508,0.2251906209354087,0.0,0,0.99,1.04,0.9814,0.9939,83.64,83.67,78.02,78.03,0.0492610837438424,0.0126563053713359,0.0269458128078818,-0.0039393939393939,-0.0673002211463749,-0.0675271901517868,-0.040354408338493,-0.0714665840911808,0.004142250959789928,-0.0653892215568862,0.03118566356300105,-0.06953147251667613,-0.10071713607967718,1.0150000000000001,2025-05
2022416,SLXN,20250509,20250512,20250516,0.1812270996999566,0.0,0,0.99,0.9901,0.9101,0.9205,78.22,78.27,79.01,79.02,0.0001010049997474,0.0113623948432207,0.0755012373112468,0.0702020202020202,0.0098408844015591,0.0094544525360931,0.085342121712806,0.0796564727381133,-0.08399999999999996,0.012427930813581067,0.006118131786950048,0.09642793081358103,0.09030979902663099,0.99005,2025-05
2022416,SLXN,20250519,20250520,20250527,0.1363059896993786,0.0,0,0.9005,0.95,1.01,1.02,79.67,79.8,79.3,79.31,0.053499054309646,0.0098522167487684,-0.0970008105917322,-0.1327040533037202,-0.0053928638615412,-0.0062656641604009,-0.1023936744532734,-0.1389697174641211,0.06810490693739424,-0.004644157148236516,0.0325484358280669,-0.07274906408563075,-0.10529749991369766,0.9252499999999999,2025-05
1860871,TVGN,20250521,20250522,20250529,0.0767879659423839,0.0,0,1.15,1.18,1.34,1.35,78.95,79.0,80.46,80.47,0.0257510729613734,0.0074349442379182,-0.1545064377682404,-0.173913043478261,0.0188667299778411,0.0184810126582277,-0.1356397077903993,-0.1554320308200332,0.14529914529914523,0.018738921245884832,0.0169787259192592,-0.1265602240532604,-0.1435389499725196,1.165,2025-05
1711754,INMB,20250528,20250529,20250604,0.0538688459697966,0.0,0,7.4,7.69,7.62,7.65,78.83,78.88,82.46,82.47,0.0384360503644797,0.0039292730844794,-0.0119284294234592,-0.0337837837837837,0.0457802295352229,0.0453853955375254,0.0338518001117637,0.0116016117537416,0.031081081081081097,0.04010088272383361,0.02157749572217705,0.009019801642752512,-0.012557694079424538,7.545,2025-05
2022416,SLXN,20250529,20250530,20250605,0.1829403086598104,0.0,0,0.95,0.9571,0.9102,0.9336,79.18,79.26,82.52,82.53,0.0074458602065963,0.025382362512203,0.0331917571181374,0.0172631578947368,0.0417192628124212,0.0411304567247032,0.0749110199305586,0.05839361461944,-0.04010416666666672,0.036795177696848036,0.017002917447117648,0.07689934436351475,0.05989642691639711,0.9535499999999999,2025-05
1815442,KYMR,20250602,20250603,20250609,0.1570325884390817,0.0,0,45.13,46.39,47.13,47.16,81.36,81.44,84.22,84.23,0.0275349650349649,0.0006363347120584,-0.0302666083916081,-0.0449811655218257,0.0347051597051595,0.0341355599214145,0.0044385513135513,-0.0108456056004111,0.049165739710789635,0.034368479194795576,0.014655249657256647,-0.01479726051599406,-0.029452510173250707,45.760000000000005,2025-06
1098972,AGEN,20250603,20250604,20250610,0.1122513301924523,1.0,0,5.33,5.39,5.36,5.37,82.29,82.35,85.28,85.29,0.0111940298507461,0.0018639328984156,-0.0009328358208956,-0.0075046904315197,0.0360179786200194,0.0355798421372193,0.0350851427991237,0.0280751517056996,0.001865671641791078,0.03495145631067964,0.006967117857380954,0.03308578466888856,0.02611866681150761,5.359999999999999,2025-06
2022416,SLXN,20250606,20250609,20250613,0.0827208924905772,0.0,0,0.922,0.93,0.8607,0.8754,85.25,85.3,83.55,83.56,0.0086393088552915,0.0169345083808535,0.0625809935205184,0.0505422993492408,-0.0201700381119905,-0.0205158264947245,0.0424109554085278,0.0300264728545163,-0.06957446808510637,-0.016933207902163794,0.013132697000806496,0.05264126018294257,0.03950856318213608,0.926,2025-06
1860871,TVGN,20250609,20250610,20250616,0.1361468207318138,0.0,0,1.16,1.22,1.26,1.27,84.48,84.56,83.33,83.34,0.0504201680672269,0.0079051383399209,-0.0630252100840337,-0.0948275862068966,-0.0140203502129673,-0.0145458845789971,-0.077045560297001,-0.1093734707858938,0.09482758620689657,-0.015528133671842692,0.0296881875696037,-0.11035571987873927,-0.14004390744834297,1.19,2025-06
1567264,INTS,20250613,20250616,20250623,0.1545508313255834,0.0,0,0.305,0.3116,0.2914,0.298,83.34,83.45,82.26,82.27,0.0214077197534868,0.0223956565999321,0.0441128770677912,0.0229508196721311,-0.0135499730199653,-0.0142600359496704,0.0305629040478259,0.0086907837224607,-0.012918184829413759,-0.01720224584876351,0.02261175110641455,-0.00428406101934975,-0.0268958121257643,0.3083,2025-06
1860871,TVGN,20250618,20250620,20250626,0.0692305943411412,0.0,0,1.21,1.24,1.18,1.19,83.1,83.19,83.64,83.65,0.0244897959183673,0.0084388185654008,0.0326530612244898,0.0165289256198347,0.006013590715016,0.005409304002885,0.0386666519395058,0.0219382296227198,-0.032786885245901676,0.00685838045963183,0.01706859395401505,0.039645265705533506,0.022576671751518455,1.225,2025-06
1817229,VOR,20250624,20250625,20250701,0.0812769669831237,1.0,0,0.2901,0.295,1.42,1.43,83.72,83.78,83.07,83.08,0.0167492736284394,0.0070175438596491,-3.8709622286788585,-3.929334712168217,-0.0080597014925374,-0.0084745762711865,-3.879021930171396,-3.937809288439404,3.8392554991539765,-0.008473564864542427,0.012298283522693349,-3.8477290640185187,-3.860027347541212,0.29255,2025-06
1357874,DTIL,20250625,20250626,20250702,0.1158052024821246,0.0,0,4.1,4.28,4.22,4.26,83.24,83.4,84.81,84.82,0.0429594272076373,0.0094339622641509,-0.0119331742243438,-0.0390243902439024,0.0179428708593376,0.0169064748201437,0.0060096966349938,-0.0221179154237587,0.016706443914080937,0.015935777618020674,0.027233090775088,-0.0007706662960602628,-0.02800375707114826,4.1899999999999995,2025-06
1711754,INMB,20250627,20250630,20250707,0.1382358261597032,1.0,0,2.04,2.05,2.29,2.3,83.19,83.28,83.59,83.6,0.0048899755501221,0.0043572984749454,-0.1222493887530562,-0.1274509803921567,0.0043251036222742,0.0037223823246879,-0.117924285130782,-0.1237285980674688,0.12745098039215685,0.00384338217631508,0.00522635831012005,-0.12360759821584177,-0.12883395652596183,2.045,2025-06
1649989,OTLK,20250702,20250703,20250710,0.0650418014649923,0.0,0,1.72,1.74,2.01,2.02,84.89,84.91,88.36,88.37,0.0115606936416185,0.0049627791563276,-0.1647398843930634,-0.1744186046511628,0.0408127208480566,0.0406312566246613,-0.1239271635450067,-0.1337873480265014,0.16091954022988508,0.03964239501235145,0.008443200622368351,-0.12127714521753363,-0.129720345839902,1.73,2025-07
1817229,VOR,20250703,20250707,20250711,0.0756400458954385,0.0,0,2.23,2.24,2.53,2.54,84.99,85.08,87.0,87.01,0.0044742729306488,0.0039447731755424,-0.1342281879194629,-0.1390134529147982,0.0231669312635973,0.0225669957686882,-0.1110612566558656,-0.1164464571461099,0.25,0.02539327166676486,0.004809458548004699,-0.22460672833323514,-0.22941618688123983,2.2350000000000003,2025-07
1855485,CLDI,20250708,20250709,20250715,0.1570214742715042,1.0,0,0.88,0.8842,0.5745,0.5749,85.72,85.76,85.89,85.9,0.0047613649246117,0.0006960153123367,0.3484865661489627,0.3467045454545455,0.0018077909960345,0.0015158582089551,0.3502943571449973,0.3482204036635006,-0.36039360393603936,0.0031527323680522468,0.0030206229055536,0.3635463363040916,0.360525713398538,0.8821,2025-07
725363,CVM,20250711,20250714,20250718,0.1826478249839937,1.0,0,3.61,3.62,3.96,4.0,86.88,86.94,86.2,86.21,0.0027662517289073,0.0100502512562814,-0.1009681881051175,-0.1080332409972299,-0.0081118398343112,-0.0085116172072693,-0.1090800279394288,-0.1165448582044993,0.09090909090909083,-0.006449383853506907,0.006808028865552451,-0.09735847476259774,-0.10416650362815019,3.615,2025-07
1850270,PROK,20250715,20250716,20250722,0.0712096725328021,0.0,0,3.34,3.36,3.05,3.06,86.57,86.65,86.7,86.71,0.0059701492537313,0.0032733224222586,0.0880597014925373,0.0838323353293412,0.0010968710310588,0.0005770340450086,0.0891565725235961,0.0844093693743499,-0.07854984894259831,0.0030068231756679165,0.0051415728240451495,0.08155667211826623,0.07641509929422108,3.3499999999999996,2025-07
1649989,OTLK,20250716,20250717,20250723,0.0687483934279035,0.0,0,2.36,2.4,2.07,2.08,87.78,87.88,88.26,88.27,0.0168067226890756,0.0048192771084338,0.1281512605042015,0.11864406779661,0.004952749629967,0.0043240782885753,0.1331040101341686,0.1229681460851854,-0.13692946058091293,0.003412192902638722,0.0114416712401464,0.14034165348355165,0.12889998224340526,2.38,2025-07
1833214,SABS,20250721,20250722,20250728,0.1443576512666743,0.0,0,2.53,2.57,2.53,2.56,85.68,85.82,86.55,86.56,0.0156862745098039,0.0117878192534382,0.0019607843137254,-0.0118577075098815,0.0093877551020409,0.0085061757166162,0.0113485394157663,-0.0033515317932652,-0.015564202334630406,0.01038748832866454,0.01461862626704575,0.025951690663294946,0.011333064396249197,2.55,2025-07
1820190,SCLX,20250723,20250724,20250730,0.1268260733840438,0.0,0,11.27,11.71,12.98,13.0,88.12,88.18,86.22,86.23,0.0382941688424718,0.0015396458814472,-0.1305483028720626,-0.1535048802129548,-0.0218377765173002,-0.0222272624177819,-0.1523860793893628,-0.1757321426307367,0.10598290598290605,-0.022997620935765295,0.0203063932624412,-0.12898052691867135,-0.14928692018111256,11.49,2025-07
1357459,PALI,20250725,20250728,20250801,0.1310858640647432,0.0,0,1.19,1.2,1.01,1.04,87.96,88.0,85.87,85.88,0.00836820083682,0.0292682926829268,0.1422594142259413,0.1260504201680671,-0.0239258922482381,-0.0242045454545454,0.1183335219777032,0.1018458747135217,-0.15833333333333333,-0.02007070361500729,0.0190968999661807,0.13826262971832604,0.11916572975214534,1.1949999999999998,2025-07
946644,AIM,20250728,20250729,20250804,0.3870222855400449,1.0,0,3.6,3.66,2.95,3.01,86.48,86.54,86.81,86.82,0.0165289256198347,0.0201342281879193,0.1790633608815426,0.1638888888888889,0.0035256039764188,0.0031199445343192,0.1825889648579615,0.1670088334232082,-0.13999713999714003,0.0019619157530292863,0.0187372363459766,0.14195905575016932,0.12322181940419272,3.63,2025-07
946644,AIM,20250805,20250806,20250812,0.2370900918004584,0.0,0,2.88,2.91,2.65,2.7,85.95,86.21,86.94,86.95,0.0103626943005182,0.0186915887850468,0.075993091537133,0.0624999999999999,0.0100487918215612,0.008467695162974,0.0860418833586943,0.0709676951629739,-0.08678878036912163,0.008586679043861567,0.016108238201369703,0.0953754594129832,0.0792672212116135,2.895,2025-08
946644,AIM,20250813,20250814,20250820,0.0915158135987652,0.0,0,2.56,2.65,2.48,2.53,88.59,88.69,89.21,89.22,0.0345489443378118,0.0199600798403192,0.0383877159309021,0.01171875,0.0064869133574008,0.0058631187281541,0.0448746292883029,0.0175818687281542,-0.07115809995126154,0.008249519719742304,0.0278783067183122,0.07940761967100385,0.05152931295269165,2.605,2025-08
1855485,CLDI,20250814,20250815,20250821,0.1153790869817543,0.0,0,5.15,5.3,1.67,1.7,89.51,89.62,89.91,89.92,0.0287081339712917,0.0178041543026706,0.677511961722488,0.6699029126213593,0.0039077764751855,0.0032358848471323,0.6814197381976735,0.6731387974684916,-0.6768060836501901,0.0016709368385876555,0.02392803576503435,0.6784770204887778,0.6545489847237435,5.225,2025-08
946644,AIM,20250821,20250822,20250828,0.1022231912525987,0.0,0,2.65,2.74,2.53,2.57,90.29,90.4,90.28,90.29,0.0333951762523192,0.0156862745098039,0.0538033395176254,0.030188679245283,-0.0006641208699983,-0.0013274336283186,0.053139218647627,0.0288612456169643,-0.07189566361012667,0.0,0.02520403813938185,0.07189566361012667,0.04669162547074482,2.6950000000000003,2025-08
1649989,OTLK,20250822,20250825,20250829,0.1682287476344891,0.0,0,2.76,2.77,0.852,0.8535,91.02,91.04,89.85,89.86,0.003616636528029,0.0017590149516271,0.6915913200723327,0.6907608695652174,-0.0129078325826651,-0.0130711775043937,0.6786834874896676,0.6776896920608236,-0.6870588235294117,-0.011333626760563376,0.0028511706615566507,0.6757251967688483,0.6728740261072917,2.7649999999999997,2025-08
725363,CVM,20250829,20250902,20250908,0.1063248661536324,0.0,0,10.5,10.8,10.32,10.35,91.4,91.49,94.41,94.42,0.0281690140845071,0.0029027576197386,0.0295774647887323,0.0142857142857143,0.032478539012521,0.0319160563996065,0.0620560038012534,0.0462017706853209,-0.022662889518413665,0.0343958812575309,0.01609836846503735,0.05705877077594457,0.04096040231090722,10.65,2025-09
1681087,TECX,20250902,20250903,20250909,0.0653982339512676,0.0,0,17.34,17.42,17.21,17.25,92.75,92.82,94.98,94.99,0.0046029919447642,0.0023215322112593,0.0086306098964328,0.0051903114186851,0.0237107291049201,0.0232708468002587,0.0323413390013529,0.0284611582189438,-0.01768397033656599,0.020577016064041276,0.003902144382673149,0.038260986400607266,0.03435884201793412,17.380000000000003,2025-09
1840229,INKT,20250903,20250904,20250910,0.0660849296593327,0.0,0,13.62,14.86,15.3,15.48,93.43,93.48,93.87,93.88,0.0870786516853932,0.0116959064327485,-0.0807584269662922,-0.1365638766519824,0.0044941415654591,0.0041720154043645,-0.0762642854008331,-0.1323918612476179,0.10317460317460325,0.0033123196922748566,0.04970940522016545,-0.0998622834823284,-0.14957168870249385,14.239999999999998,2025-09
1649989,OTLK,20250910,20250911,20250917,0.0965560660355753,0.0,0,1.06,1.09,1.02,1.03,93.82,93.86,93.73,93.74,0.027906976744186,0.0097560975609756,0.0465116279069769,0.0283018867924528,-0.0011189258312021,-0.0013850415512465,0.0453927020757748,0.0269168452412063,-0.07272727272727275,-0.002340674539844656,0.0190976528726252,0.0703865981874281,0.051288945314802895,1.0750000000000002,2025-09
2022416,SLXN,20250911,20250912,20250918,0.0890748124633307,1.0,0,4.6,4.7,3.57,3.61,95.16,95.19,96.67,96.68,0.0215053763440861,0.011142061281337,0.2279569892473119,0.2152173913043478,0.0157604412923564,0.0155478516650908,0.2437174305396683,0.2307652429694386,-0.22030237580993517,0.01320477887235394,0.01653630843997715,0.2335071546822891,0.21697084624231194,4.65,2025-09
925741,BCDA,20250918,20250919,20250925,0.2490036286514812,1.0,0,1.2,1.21,1.41,1.42,96.69,96.75,95.87,95.88,0.0082987551867219,0.0070671378091872,-0.1742738589211618,-0.1833333333333333,-0.0087365591397848,-0.009095607235142,-0.1830104180609466,-0.1924289405684753,0.17500000000000004,-0.011650685637694558,0.00804199459331175,-0.1866506856376946,-0.19469268023100636,1.205,2025-09
925741,BCDA,20250926,20250929,20251003,0.0833744541928988,0.0,0,1.41,1.43,1.35,1.37,98.29,98.37,103.6,103.61,0.0140845070422535,0.0147058823529411,0.0422535211267604,0.028368794326241,0.0536458863012303,0.0531666158381618,0.0958994074279908,0.0815354101644028,-0.05555555555555547,0.05359503711990232,0.014874465160665803,0.10915059267545779,0.09427612751479199,1.42,2025-09
1855644,ZURA,20250930,20251001,20251007,0.1187852045376246,0.0,0,4.26,4.31,3.97,4.0,100.46,100.55,103.68,103.69,0.0116686114352391,0.0075282308657465,0.0700116686114352,0.0610328638497652,0.0316402169046317,0.0311287916459472,0.1016518855160669,0.0921616554957125,-0.08064516129032251,0.03566077314953553,0.0101098464091773,0.11630593443985804,0.10619608803068074,4.285,2025-10
1357459,PALI,20251001,20251002,20251008,0.3704726524754216,0.0,0,1.47,1.48,2.0,2.01,101.62,101.64,105.46,105.47,0.0067796610169491,0.0049875311720697,-0.3593220338983049,-0.36734693877551,0.037734920791105,0.0375836284927193,-0.3215871131071998,-0.3297633102827907,0.3157894736842106,0.03738685556867383,0.006034888392895102,-0.2784026181155368,-0.2844375065084319,1.475,2025-10
1357459,PALI,20251009,20251010,20251016,0.1577385756389379,0.0,0,2.07,2.08,1.71,1.72,106.76,106.79,107.9,107.91,0.0048192771084338,0.0058309037900874,0.1734939759036146,0.1690821256038646,0.0105830016389603,0.0103942316696319,0.1840769775425749,0.1794763572734966,-0.16425120772946855,0.00845754871267701,0.005513860418588999,0.17270875644214556,0.16719489602355656,2.075,2025-10
1567264,INTS,20251010,20251013,20251017,0.1959933112457191,0.0,0,0.2935,0.294,0.2602,0.2607,104.76,104.8,107.79,107.8,0.0017021276595744,0.0019197542714532,0.1133617021276595,0.1117546848381601,0.0287745753006298,0.028530534351145,0.1421362774282894,0.1402852191893052,-0.1437479488021004,0.025494672754946546,0.0020549819149985973,0.16924262155704695,0.16718763964204836,0.29374999999999996,2025-10
925741,BCDA,20251014,20251015,20251021,0.1277283149001435,0.0,0,1.54,1.57,1.47,1.5,105.56,105.64,109.52,109.53,0.0192926045016077,0.0202020202020202,0.0450160771704181,0.0259740259740259,0.0371685606060607,0.0367285119273002,0.0821846377764789,0.0627025379013262,-0.03870967741935483,0.03838498720500416,0.020187361030574447,0.07709466462435899,0.05690730359378454,1.5550000000000002,2025-10
2022416,SLXN,20251016,20251017,20251023,0.0995534928901239,0.0,0,3.5,3.61,3.35,3.39,107.37,107.45,107.55,107.56,0.030942334739803,0.0118694362017804,0.0520393811533051,0.0314285714285713,0.0013499674145798,0.0009306654257794,0.0533893485678849,0.0323592368543508,-0.042613636363636354,0.0005581395348837059,0.0218251874595921,0.04317177589852006,0.02134658843892796,3.5549999999999997,2025-10
1907108,LXEO,20251017,20251020,20251024,0.1023489054878841,0.0,0,9.6,9.72,9.22,9.23,108.91,108.95,108.38,108.39,0.0124223602484473,0.0010840108401083,0.0450310559006209,0.0385416666666665,-0.0050032130726156,-0.0052317576870124,0.0400278428280053,0.0333099089796541,-0.04648760330578505,-0.004043002848479249,0.006981730158674601,0.0424446004573058,0.035462870298631204,9.66,2025-10
1737953,REPL,20251020,20251021,20251027,0.0989666266077557,0.0,0,9.01,9.06,9.3,9.31,110.06,110.14,111.62,111.63,0.0055340343110128,0.0010746910263299,-0.0298837852794686,-0.0332963374028857,0.0138510445049955,0.0134374432540402,-0.0160327407744731,-0.0198588941488454,0.036666666666666625,0.013303064699205391,0.0037179639196266495,-0.023363601967461234,-0.027081565887087884,9.035,2025-10
1833214,SABS,20251021,20251022,20251028,0.1112199029067002,0.0,0,2.95,3.06,3.0,3.02,108.88,109.0,112.05,112.06,0.0366056572379367,0.0066445182724252,-0.0016638935108152,-0.0237288135593219,0.0285937213144851,0.0279816513761468,0.0269298278036698,0.0042528378168248,0.010033444816053505,0.028749885184164548,0.02223715769351925,0.018716440368111043,-0.003520717325408207,3.005,2025-10
1501697,XFOR,20251024,20251027,20251031,0.1489396838629752,1.0,0,3.66,3.75,4.02,4.03,109.93,110.01,112.72,112.73,0.0242914979757084,0.0024844720496896,-0.0863697705802969,-0.1010928961748634,0.0250522869873601,0.0246341241705299,-0.0613174835929368,-0.0764587720043335,0.08310991957104563,0.024543223343332254,0.013806147829529202,-0.05856669622771338,-0.07237284405724258,3.705,2025-10
2022416,SLXN,20251027,20251028,20251103,0.1120837471206175,0.0,0,3.41,3.5,3.16,3.22,111.15,111.31,109.82,109.83,0.0260492040520983,0.0188087774294671,0.0767004341534007,0.0557184750733137,-0.0126314843117865,-0.0133860389902076,0.0640689498416142,0.0423324360831061,-0.07309941520467844,-0.01426648721399737,0.023183545419203803,0.05883292799068107,0.03564938257147727,3.455,2025-10
1357874,DTIL,20251028,20251029,20251104,0.1275673441463414,0.0,0,8.25,8.35,6.67,6.68,111.52,111.58,108.02,108.03,0.0120481927710842,0.0014981273408239,0.1957831325301205,0.1903030303030303,-0.0316001792917973,-0.0319053593834021,0.1641829532383232,0.1583976709196282,-0.19880239520958076,-0.0346676197283774,0.007078340147558852,0.16413477548120337,0.15705643533364452,8.3,2025-10
1357459,PALI,20251029,20251030,20251105,0.1277839468682238,0.0,0,1.99,2.03,1.67,1.68,110.28,110.41,109.21,109.22,0.0199004975124377,0.0059701492537313,0.1666666666666666,0.1557788944723618,-0.0102406089990484,-0.0108685807444978,0.1564260576676182,0.144910313727864,-0.16000000000000003,-0.012478524278867975,0.0135632951285339,0.14752147572113206,0.13395818059259815,2.01,2025-10
1567264,INTS,20251030,20251031,20251106,0.1537558721778795,1.0,0,1.03,1.04,0.4812,0.4828,110.94,111.04,109.31,109.32,0.0096618357487922,0.0033195020746887,0.5342995169082126,0.5312621359223301,-0.0150914496801514,-0.0155799711815561,0.5192080672280612,0.5156821647407739,-0.507609577922078,-0.022975147505810756,0.00697919041314515,0.4846344304162672,0.47765524000312204,1.0350000000000001,2025-10
1844417,ESLA,20251104,20251105,20251111,0.151225997692434,0.0,0,2.24,2.37,2.51,2.57,107.58,107.67,114.03,114.04,0.0563991323210411,0.0236220472440945,-0.1019522776572667,-0.1473214285714283,0.0595586527293843,0.0590693786570075,-0.0423936249278824,-0.0882520499144208,0.10087719298245612,0.05967097313876746,0.0404998638549446,-0.04120621984368866,-0.08170608369863326,2.305,2025-11
1357874,DTIL,20251105,20251106,20251112,0.1201018219884906,1.0,0,6.51,6.62,5.95,6.02,108.88,109.0,114.11,114.12,0.0167555217060168,0.0116959064327484,0.0883472962680883,0.0752688172043011,0.0475032127776759,0.0468807339449541,0.1358505090457643,0.1221495511492552,-0.09909909909909909,0.044293950764162204,0.014848192902104398,0.1433930498632613,0.1285448569611569,6.5649999999999995,2025-11
1817229,VOR,20251111,20251112,20251118,0.2666288119091717,1.0,0,9.97,10.0,9.09,9.14,113.42,113.52,115.18,115.19,0.0030045067601401,0.0054854635216676,0.087130696044066,0.0832497492477432,0.015114127082048,0.0146229739252996,0.102244823126114,0.0978727231730428,-0.08800000000000008,0.012927622900360758,0.00473613829765225,0.10092762290036084,0.09619148460270859,9.985,2025-11
1844417,ESLA,20251112,20251113,20251119,0.1700046196712834,0.0,0,2.15,2.25,1.75,1.76,113.13,113.27,114.46,114.47,0.0454545454545454,0.0056980056980057,0.2022727272727273,0.1813953488372092,0.0111749116607775,0.0105058709278713,0.2134476389335049,0.1919012197650806,-0.19354838709677413,0.011216108805087055,0.02624531630918175,0.2047644959018612,0.17851917959267943,2.2,2025-11
1820190,SCLX,20251113,20251114,20251120,0.1661621599724925,0.0,0,17.49,18.49,18.54,19.02,111.84,111.91,113.76,113.78,0.0555864369093941,0.0255591054313099,-0.0439132851584215,-0.0874785591766724,0.0169385474860335,0.0165311410955233,-0.0269747376723879,-0.0709474180811491,0.06700450450450446,0.023835222162259306,0.0409801775608622,-0.04316928234224515,-0.08414945990310735,17.99,2025-11
1820190,SCLX,20251121,20251124,20251201,0.2745730944893835,1.0,0,21.92,22.49,19.05,19.48,117.07,117.18,119.83,119.84,0.02566989416798,0.0223202699195432,0.1324026120243187,0.1113138686131387,0.023137673425827,0.0226147806792966,0.1555402854501458,0.1339286492924354,-0.11786038077969163,0.022523675454312775,0.024517974790292,0.1403840562340044,0.11586608144371241,22.205,2025-11
1649989,OTLK,20251125,20251126,20251203,0.0752059112425247,0.0,0,1.59,1.6,1.96,1.97,121.32,121.38,121.84,121.85,0.006269592476489,0.005089058524173,-0.2319749216300938,-0.2389937106918238,0.0040791100123609,0.0037897511945954,-0.2278958116177328,-0.2352039594972283,0.21604938271604923,0.002303578774166981,0.005968684318096499,-0.21374580394188225,-0.21971448825997875,1.5950000000000002,2025-11
1662774,QNCX,20251126,20251128,20251204,0.107378356312357,0.0,0,3.39,3.43,3.59,3.6,122.79,122.87,123.26,123.27,0.0117302052785923,0.0027816411682893,-0.0542521994134896,-0.0619469026548672,0.0035414800944393,0.0031740864328151,-0.0507107193190502,-0.0587728162220521,0.040462427745664664,0.0017881817442899628,0.007623316885065,-0.0386742460013747,-0.0462975628864397,3.41,2025-11
1613780,DBVT,20251128,20251201,20251205,0.0719774840752359,0.0,0,13.38,13.65,13.83,13.91,121.52,121.62,123.42,123.43,0.0199778024417313,0.0057678442682047,-0.026267110617832,-0.0396113602391628,0.0152586986921117,0.0148001973359643,-0.0110084119257203,-0.0248111629031985,0.04119850187265928,0.01280262617972916,0.0133313247111154,-0.028395875692930117,-0.04172720040404552,13.515,2025-12
1314052,AVXL,20251203,20251204,20251210,0.1033129724429235,0.0,0,4.46,4.56,4.08,4.09,121.26,121.34,122.0,122.01,0.0221729490022172,0.0024479804161566,0.0942350332594234,0.0829596412556054,0.0058120362737015,0.0054392615790341,0.1000470695331249,0.0883989028346396,-0.09131403118040093,0.006847054941428787,0.0126832394038543,0.09816108612182972,0.08547784671797543,4.51,2025-12
1157075,PMCB,20251204,20251205,20251211,0.0941049053960376,0.0,0,1.3,1.31,1.01,1.02,123.92,124.01,123.0,123.01,0.0076628352490421,0.0098522167487684,0.2222222222222222,0.2153846153846154,-0.0077441213245674,-0.0081445044754455,0.2144781008976547,0.2072401109091698,-0.20622568093385207,-0.006059626726993672,0.00915790914978335,0.2001660542068584,0.19100814505707506,1.3050000000000002,2025-12
1359931,TARA,20251205,20251208,20251212,0.2533071105111338,1.0,0,5.72,5.77,5.69,5.7,125.38,125.45,123.13,123.14,0.0087032201914708,0.0017559262510974,0.0087032201914706,0.0034965034965034,-0.0181796435833034,-0.0184934236747709,-0.0094764233918328,-0.0149969201782674,0.014234875444839812,-0.016140631242509085,0.0055433533127516,-0.030375506687348897,-0.0359188600001005,5.744999999999999,2025-12
1815442,KYMR,20251208,20251209,20251215,0.1932303096432701,1.0,0,89.18,90.3,85.6,85.67,123.02,123.11,122.84,122.85,0.0124804992199686,0.0008174227827407,0.0457432583017608,0.0393586005830904,-0.0017876731808393,-0.0021931605880919,0.0439555851209214,0.0371654399949984,-0.05555555555555547,-0.0019499512512186623,0.00705444840860725,0.05360560430433681,0.04655115589572956,89.74000000000001,2025-12
1854270,SNTI,20251209,20251210,20251216,0.2048832528458514,0.0,0,1.55,1.56,1.24,1.25,121.41,121.54,121.99,122.0,0.0064308681672025,0.0080321285140562,0.1993569131832797,0.1935483870967742,0.0042807161967484,0.0037024847786735,0.2036376293800281,0.1972508718754477,-0.1987179487179488,0.006434050977480732,0.00780972975870425,0.20515199969542952,0.19734226993672527,1.5550000000000002,2025-12
1854270,SNTI,20251218,20251219,20251226,0.1126125704539149,0.0,0,1.18,1.19,1.07,1.08,120.97,121.09,124.99,125.0,0.0084388185654008,0.0093023255813953,0.0928270042194091,0.0847457627118642,0.0327604726100967,0.0322074490048722,0.1255874768295059,0.1169532117167365,-0.10924369747899154,0.03511677985754513,0.009423595678622552,0.14436047733653667,0.13493688165791412,1.185,2025-12
1649989,OTLK,20251219,20251222,20251229,0.116383587821417,0.0,0,2.02,2.03,1.96,1.97,123.12,123.31,123.39,123.4,0.0049382716049381,0.005089058524173,0.0296296296296296,0.0247524752475247,0.0014608610964574,0.0006487713891816,0.0310904907260871,0.0254012466367063,-0.024630541871921152,0.0005676289328575557,0.0058257547718313495,0.025198170804778708,0.019372416032947357,2.025,2025-12
1649989,OTLK,20251230,20251231,20260107,0.1073126422727847,0.0,0,1.55,1.56,0.5801,0.5861,121.38,121.55,126.42,126.43,0.0064308681672025,0.0102898302178014,0.6250160771704181,0.6218709677419355,0.0408348083810152,0.0400658165364047,0.6658508855514333,0.6619367842783402,-0.6358024691358025,0.040490494609497274,0.009129341037112446,0.6762929637452998,0.6671636227081873,1.5550000000000002,2025-12
1817229,VOR,20260102,20260105,20260109,0.072238785366717,0.0,0,11.88,11.92,13.54,13.56,121.29,121.36,124.5,124.51,0.003361344537815,0.0014760147601477,-0.1386554621848739,-0.1414141414141413,0.0262105913867709,0.0258734344100197,-0.112444870798103,-0.1155407070041216,0.13422818791946312,0.026127091403610025,0.002755836625732549,-0.10810109651585309,-0.11085693314158564,11.9,2026-01
1826457,GLUE,20260108,20260109,20260115,0.1414123393277105,1.0,0,24.87,24.99,24.07,24.08,125.47,125.55,124.3,124.31,0.0048134777376653,0.0004153686396676,0.0342960288808664,0.0317651789304383,-0.0096008286192333,-0.0099561927518916,0.024695200261633,0.0218089861785467,-0.04216388225934775,-0.006789137380191712,0.00296978732132475,0.03537474487915604,0.032404957557831286,24.93,2026-01
1604464,ATRA,20260109,20260112,20260116,0.1659035806700674,0.0,0,5.7,5.79,4.54,4.55,123.52,123.58,124.18,124.19,0.0156657963446474,0.0022002200220021,0.2088772845953002,0.2017543859649123,0.0051396195872117,0.0048551545557533,0.214016904182512,0.2066095405206656,-0.19217081850533813,0.0016131634134537443,0.00921747321478315,0.19378398191879187,0.18456650870400873,5.745,2026-01
1817229,VOR,20260120,20260121,20260127,0.2360393789817683,0.0,0,17.6,17.77,14.7,14.71,125.3,125.39,128.51,128.54,0.0096126661012156,0.0006800408024482,0.1685043822448403,0.1642045454545454,0.0253699788583507,0.0248823670149134,0.1938743611031911,0.1890869124694588,-0.16563029960429632,0.02643347708033872,0.005633965295269202,0.19206377668463503,0.18642981138936585,17.685000000000002,2026-01
1604464,ATRA,20260122,20260123,20260129,0.1177680273416931,0.0,0,4.9,5.0,5.51,5.58,130.42,130.51,126.74,126.77,0.0202020202020201,0.0126239855725879,-0.1202020202020201,-0.1387755102040815,-0.0284367454872952,-0.0288866753505477,-0.1486387656893154,-0.1676621855546293,0.10642570281124475,-0.03200183304055615,0.0168629327505565,-0.1384275358518009,-0.1552904686023574,4.95,2026-01
1817229,VOR,20260128,20260129,20260204,0.1043152500092897,0.0,0,13.8,13.9,12.35,12.36,126.32,126.4,125.26,125.27,0.0072202166064981,0.0008093889113718,0.107942238267148,0.1043478260869566,-0.0086657169990502,-0.0090189873417722,0.0992765212680978,0.0953288387451844,-0.094890510948905,-0.005082188517430364,0.0043680731016569494,0.08980832243147463,0.08544024932981768,13.850000000000001,2026-01
1971387,LIMN,20260203,20260204,20260210,0.1226664281339098,1.0,0,1.11,1.14,1.28,1.29,128.19,128.29,125.32,125.34,0.0266666666666664,0.0077821011673151,-0.1422222222222223,-0.1621621621621621,-0.0226918278228323,-0.023150674253644,-0.1649140500450546,-0.1853128364158061,0.09565217391304337,-0.01978571987174471,0.01768323034780245,-0.11543789378478808,-0.13312112413259053,1.125,2026-02
946644,AIM,20260205,20260206,20260212,0.1363978202487752,0.0,0,1.11,1.15,0.79,0.8114,123.7,123.76,123.18,123.19,0.0353982300884954,0.0267266142125639,0.2914159292035397,0.269009009009009,-0.0044047522831972,-0.0046864899806076,0.2870111769203425,0.2643225190284014,-0.368,0.0026862026862028987,0.03134415984794005,0.3706862026862029,0.33934204283826286,1.13,2026-02
1818382,HUMA,20260210,20260211,20260218,0.0964252674434895,0.0,0,1.06,1.07,1.08,1.09,124.9,124.97,125.58,125.6,0.0093896713615023,0.0092165898617511,-0.0187793427230047,-0.0283018867924528,0.0052427262176331,0.0048811714811554,-0.0135366165053716,-0.0234207153112974,0.009345794392523477,0.002594292556375777,0.0096646853481044,-0.0067515018361477,-0.0164161871842521,1.065,2026-02
1971387,LIMN,20260211,20260212,20260219,0.0941159751662295,1.0,0,0.66,0.6694,0.231,0.2383,125.3,125.47,126.72,126.73,0.0141417180683014,0.0311101640741529,0.6469836016247932,0.6389393939393939,0.0106870837819517,0.0099625408464174,0.6576706854067449,0.6489019347858114,-0.62765625,0.012623841482901854,0.02335048400676145,0.6402800914829019,0.6169296074761405,0.6647000000000001,2026-02
1662774,QNCX,20260212,20260213,20260220,0.0697930944617818,0.0,0,0.2683,0.2694,0.15,0.1501,124.01,124.17,124.73,124.74,0.0040915008368978,0.0006664445184939,0.4418820903849729,0.4405516213194185,0.0051978402772181,0.004509946041717,0.4470799306621911,0.4450615673611355,-0.46526540790879944,0.009546925566343178,0.00306686691319695,0.4748123334751426,0.47174546656194566,0.26885,2026-02
946644,AIM,20260213,20260217,20260223,0.241519316045728,0.0,0,1.06,1.09,1.06,1.08,122.66,122.9,126.92,126.93,0.027906976744186,0.0186915887850467,0.0046511627906977,-0.0188679245283019,0.0337595699625346,0.0327095199349063,0.0384107327532323,0.0138415954066044,0.018867924528301883,0.03480032599837002,0.02434933279224465,0.015932401470068136,-0.008416931322176514,1.0750000000000002,2026-02
1841387,CADL,20260220,20260223,20260227,0.1633411983868674,1.0,0,5.04,5.05,5.24,5.25,125.35,125.49,127.38,127.4,0.0019821605550049,0.0019065776930409,-0.0396432111000991,-0.0416666666666666,0.0157072237282731,0.0150609610327516,-0.0239359873718259,-0.0266057056339149,0.03960396039603964,0.015385841836734748,0.0025906318195444014,-0.02421811855930489,-0.02680875037884929,5.045,2026-02
1359931,TARA,20260224,20260225,20260303,0.1813879156606754,0.0,0,5.42,5.45,6.15,6.16,129.47,129.59,123.48,123.5,0.0055197792088316,0.0016246953696181,-0.1324747010119594,-0.1365313653136531,-0.0466301242955299,-0.0471486997453507,-0.1791048253074894,-0.1836800650590039,0.12021857923497259,-0.044487427466150864,0.0040908127390456486,-0.16470600670112345,-0.1687968194401691,5.4350000000000005,2026-02
1706431,VIR,20260226,20260227,20260305,0.1788350444913505,1.0,0,9.33,9.42,9.08,9.09,126.38,126.54,123.91,123.92,0.0095999999999999,0.0011007154650522,0.0309333333333332,0.0257234726688103,-0.0201249406927093,-0.0207839418365735,0.0108083926406239,0.0049395308322368,-0.020452099031216364,-0.017212659633536798,0.006009358876390251,0.0032394393976795666,-0.002769919478710685,9.375,2026-02
1818382,HUMA,20260227,20260302,20260306,0.0757422637790101,0.0,0,1.07,1.08,1.11,1.12,124.76,124.89,124.02,124.03,0.0093023255813953,0.0089686098654708,-0.0372093023255814,-0.0467289719626168,-0.0064089725615862,-0.0069661301945712,-0.0436182748871676,-0.0536951021571881,0.01834862385321112,-0.005054962689561071,0.009692625356418051,-0.023403586542772192,-0.033096211899190243,1.0750000000000002,2026-03
1817229,VOR,20260302,20260303,20260309,0.0804578681931942,0.0,0,15.15,15.49,15.44,15.45,123.62,123.84,127.11,127.12,0.0221932114882506,0.0006474587245062,-0.0081592689295039,-0.0198019801980197,0.0273579568415098,0.0264050387596899,0.0191986879120059,0.0066030585616701,0.004548408057180042,0.028811913240530895,0.0123732531881983,0.024263505183350853,0.011890251995152553,15.32,2026-03
1707502,SLDB,20260305,20260306,20260312,0.0892768746353748,1.0,0,6.06,6.18,7.7,7.71,121.46,121.67,122.61,122.62,0.0196078431372549,0.0012978585334198,-0.2589869281045753,-0.2722772277227723,0.0086373545017071,0.0077258157310757,-0.2503495736028682,-0.2645514119916966,0.23360000000000003,0.006980372834031412,0.01136438960596875,-0.22661962716596862,-0.23798401677193737,6.119999999999999,2026-03
1840229,INKT,20260310,20260311,20260317,0.0725362589370312,0.0,0,11.55,11.65,9.48,9.58,126.67,126.9,124.17,124.18,0.0086206896551723,0.0104931794333682,0.1784482758620689,0.1705627705627706,-0.0205860314705996,-0.0215130023640661,0.1578622443914693,0.1490497681987044,-0.176419965576592,-0.01957843214652244,0.010483905437736751,0.15684153343006957,0.14635762799233282,11.600000000000001,2026-03
946644,AIM,20260318,20260319,20260325,0.2714328882423528,0.0,0,0.92,0.9242,0.8526,0.855,120.38,120.49,123.88,123.89,0.0045548205183819,0.0028109627547434,0.074070057477497,0.0706521739130435,0.0286461576784156,0.0281351149472985,0.1027162151559126,0.0987872888603421,-0.07356296859719658,0.03017707207581677,0.004193934367679751,0.10374004067301335,0.09954610630533359,0.9221,2026-03
1662774,QNCX,20260319,20260320,20260326,0.1029655603551043,0.0,0,0.0882,0.0883,0.0935,0.0946,122.37,122.52,123.93,123.94,0.0011331444759207,0.0116959064327485,-0.0657223796033994,-0.072562358276644,0.01216872881702,0.0115083251714007,-0.0535536507863794,-0.0610540331052432,0.04671857619577313,0.018077239112571863,0.007074929099953899,-0.028641337083201268,-0.03571626618315517,0.08825,2026-03
1817229,VOR,20260320,20260323,20260327,0.1283468230020445,1.0,0,12.3,12.59,14.48,14.49,121.87,122.16,119.62,119.63,0.0233025311370027,0.0006903693476009,-0.163921253515468,-0.1780487804878048,-0.0195877556038192,-0.0207924034053699,-0.1835090091192872,-0.1988411838931747,0.18494271685761055,-0.018547394337299905,0.013201098043852496,-0.20349011119491045,-0.21669120923876295,12.445,2026-03
1840229,INKT,20260323,20260324,20260330,0.1691460960073895,0.0,0,8.61,9.32,10.51,10.85,119.27,119.42,118.77,118.78,0.0791968767428891,0.0318352059925093,-0.1912994980479642,-0.2601626016260163,-0.004776069378692,-0.0054429743761514,-0.1960755674266563,-0.2656055760021678,0.17149220489977712,-0.012306668884084493,0.0561829463651586,-0.18379887378386162,-0.23998182014902023,8.965,2026-03
1842295,MAZE,20260325,20260326,20260401,0.1070054685253701,0.0,0,31.0,31.85,28.98,29.03,122.66,122.84,128.5,128.51,0.0270485282418457,0.0017238407171177,0.0770087509944311,0.0635483870967741,0.0468839103869653,0.0460761966786062,0.1238926613813965,0.1096245837753804,-0.06621665059466408,0.049216454456415315,0.015193898187840801,0.1154331050510794,0.1002392068632386,31.425,2026-03
1662774,QNCX,20260330,20260331,20260407,0.1809598650911888,0.0,0,0.096,0.0991,0.16,0.161,124.04,124.25,128.84,128.85,0.0317785750896975,0.0062305295950155,-0.645310097385956,-0.6770833333333334,0.0378589552539367,0.0369416498993964,-0.6074511421320192,-0.640141683433937,0.6300000000000001,0.048583984375,0.019921857696896802,-0.5814160156250001,-0.6013378733218969,0.09755,2026-03
1840229,INKT,20260331,20260401,20260408,0.1282061088380425,0.0,0,10.3,11.5,11.12,11.27,128.7,128.93,130.58,130.59,0.1100917431192659,0.0133988387673068,-0.0270642201834862,-0.0941747572815532,0.0137406357955207,0.0127976421313891,-0.0133235843879654,-0.0813771151501641,-0.05267629566694976,0.014442115071046091,0.06268828460741795,0.06711841073799585,0.004430126130577902,10.9,2026-04
1824893,SRZN,20260401,20260402,20260409,0.1018493433230583,0.0,0,27.56,29.92,27.32,27.5,125.57,125.75,131.78,131.8,0.082115518441197,0.0065669463699379,0.046276965901183,0.002177068214804,0.0487824287760625,0.047952286282306,0.0950593946772456,0.0501293544971101,-0.014008620689655138,0.0490211682317363,0.04517137489932395,0.06302978892139144,0.01785841402206749,28.740000000000002,2026-04
1662774,QNCX,20260408,20260409,20260415,0.1474053869303083,0.0,0,0.1266,0.1268,1.22,1.24,129.74,129.94,136.43,136.45,0.0015785319652723,0.016260162601626,-8.707971586424627,-8.794628751974724,0.0508317929759702,0.0499461289826075,-8.657139793448657,-8.744682622992116,-0.02225755166931631,0.0520431765612952,0.00980501127681185,0.07430072823061151,0.06449571695379966,0.12669999999999998,2026-04
1824893,SRZN,20260410,20260413,20260417,0.0978000457711437,0.0,0,28.04,30.0,31.56,31.69,130.37,130.48,138.69,138.7,0.067539627842867,0.0041106719367589,-0.0897656788421778,-0.1301711840228246,0.0634080889400037,0.0629215205395463,-0.0263575899021741,-0.0672496634832782,0.12113676731793954,0.06423637759017642,0.03631171829027035,-0.05690038972776312,-0.09321210801803348,29.02,2026-04
1628171,RVMD,20260414,20260415,20260421,0.1945677652840954,1.0,0,148.39,148.84,148.91,149.0,136.4,136.6,136.37,136.39,0.0030279581468897,0.0006042093249639,-0.0022877905998719,-0.0041107891367343,-0.0008791208791208,-0.0016837481698388,-0.0031669114789928,-0.0057945373065732,-0.004079994649187291,0.0001466598225414728,0.0026207110266448,0.0042266544717287635,0.0016059434450839635,148.615,2026-04
1824893,SRZN,20260420,20260421,20260427,0.0624471135267529,0.0,0,31.55,33.0,29.78,29.99,138.03,138.18,132.98,132.99,0.0449264136328427,0.0070269365902625,0.0740511231603408,0.0494453248811411,-0.0370732413743166,-0.0376320741062383,0.0369778817860241,0.0118132507749027,-0.08325681052953782,-0.035802290186983554,0.026535507843474297,0.04745452034255426,0.020919012499079966,32.275,2026-04
1738021,CMPX,20260427,20260428,20260504,0.0877266624048324,0.0,0,1.96,1.97,1.93,1.94,132.11,132.26,133.45,133.47,0.005089058524173,0.0051679586563307,0.0152671755725189,0.010204081632653,0.0096455724930966,0.0089974293059125,0.0249127480656155,0.0192015109385655,0.018372703412073532,0.009604477047568727,0.00577665177743595,-0.008768226364504805,-0.014544878141940755,1.9649999999999999,2026-04
1855485,CLDI,20260428,20260429,20260505,0.1537202815280277,0.0,0,0.201,0.2037,0.2093,0.2129,129.28,129.42,133.78,133.79,0.0133432171979242,0.0170535291331122,-0.0432419075858661,-0.0592039800995024,0.0342868187089293,0.0336887652603925,-0.0089550888769367,-0.0255152148391099,0.00952380952380949,0.02875816993464042,0.015796426614055,0.01923436041083093,0.0034379337967759306,0.20235,2026-04
1824893,SRZN,20260430,20260501,20260507,0.0581615192972943,0.0,0,32.01,35.0,30.74,31.31,130.03,130.12,133.64,133.66,0.0892404118788241,0.0183722804190169,0.0740188031637068,0.021868166198063,0.0274841437632133,0.0270519520442666,0.1015029469269202,0.0489201182423297,-0.0815412186379928,0.02327361812892348,0.0542385378678672,0.10481483676691628,0.05057629889904908,33.504999999999995,2026-05
1372299,OCGN,20260504,20260505,20260511,0.1000964535394697,0.0,0,1.52,1.53,1.47,1.48,135.29,135.43,134.77,134.78,0.0065573770491803,0.0067796610169491,0.0327868852459015,0.0263157894736842,-0.0043218085106383,-0.0048733663147012,0.0284650767352631,0.0214424231589829,-0.046391752577319645,-0.002959674435812132,0.0072200768371276,0.04343207814150751,0.03621200130437991,1.525,2026-05
1604464,ATRA,20260508,20260511,20260515,0.1223512125454458,0.0,0,8.98,9.03,9.58,9.65,135.56,135.67,130.64,130.65,0.0055524708495279,0.0072802912116484,-0.0677401443642422,-0.0746102449888641,-0.0366478634369356,-0.0370752561362128,-0.1043880078011778,-0.111685501125077,0.08493771234428094,-0.03364389233954457,0.006843773729865347,-0.1185816046838255,-0.12542537841369086,9.004999999999999,2026-05
1824893,SRZN,20260508,20260511,20260515,0.108167666433784,0.0,0,28.5,30.71,27.89,28.45,135.56,135.67,130.64,130.65,0.0746495524404661,0.0198793042243521,0.0484715419692619,0.0017543859649123,-0.0366478634369356,-0.0370752561362128,0.0118236785323263,-0.0353208701713005,-0.02931034482758621,-0.03364389233954457,0.047691821031686295,-0.004333547511958358,-0.05202536854364465,29.605,2026-05
1211583,FENC,20260514,20260515,20260521,0.0951116135128589,0.0,0,9.17,9.3,9.96,9.97,133.24,133.4,132.79,132.81,0.0140768814293449,0.0010035122930255,-0.0790471034109367,-0.0872410032715377,-0.0039003900390037,-0.0045727136431784,-0.0829474934499404,-0.0918137169147161,0.07319698600645874,-0.003227985886945506,0.008212520465359899,-0.07642497189340425,-0.08463749235876415,9.235,2026-05
1662774,QNCX,20260518,20260519,20260526,0.0947532841084792,0.0,0,0.9999,1.02,1.21,1.22,126.64,126.79,133.34,133.35,0.0199019753453141,0.0082304526748971,-0.2030298529630179,-0.22012201220122,0.0523221402359626,0.0516602255698399,-0.1507077127270553,-0.1684617866313801,0.15384615384615374,0.04769013199245742,0.014728128676228297,-0.10615602185369633,-0.12088415052992463,1.00995,2026-05
1824893,SRZN,20260519,20260520,20260527,0.1474630830579676,0.0,0,24.83,26.25,26.14,26.46,128.46,128.56,134.47,134.49,0.0555990602975725,0.0121673003802281,-0.0297572435395458,-0.0656463954893275,0.0464555287526264,0.0459707529558182,0.0166982852130806,-0.0196756425335093,0.05840000000000001,0.05195211642281494,0.034367956135708505,-0.006447883577185065,-0.04081583971289357,25.54,2026-05
2022416,SLXN,20260520,20260521,20260528,0.2016641906368828,0.0,0,0.4419,0.4469,0.42,0.426,129.69,129.88,135.97,135.98,0.0112511251125112,0.0141843971631205,0.0481548154815482,0.0359809911744739,0.047694263589783,0.0468894364028333,0.0958490790713312,0.0828704275773073,-0.020389461626575067,0.04095223515003088,0.01352258832476555,0.06134169677660595,0.0478191084518404,0.4444,2026-05
1971387,LIMN,20260521,20260522,20260529,0.1777406868270532,0.0,0,0.1813,0.1818,0.1648,0.1667,132.43,132.62,136.75,136.76,0.0027540622418066,0.0114630467571643,0.0870283668410905,0.0805295091009376,0.0319185059422748,0.0311416076006634,0.1189468727833653,0.1116711167016011,-0.09492273730684342,0.0317005056985431,0.00788545284109685,0.12662324300538652,0.11873779016428967,0.18155,2026-05
1824893,SRZN,20260528,20260529,20260604,0.0713453453916494,0.0,0,25.5,28.36,24.5,24.7,136.18,136.34,133.4,133.42,0.1062012625324916,0.0081300813008129,0.0865206089862606,0.0313725490196078,-0.0209158960810215,-0.0215637377145371,0.0656047129052391,0.0098088113050707,-0.07159177456207166,-0.022420867526377508,0.05781351355016785,0.049170907035694156,-0.008642606514473697,26.93,2026-05
1820190,SCLX,20260529,20260601,20260605,0.2706038336617179,0.0,0,8.56,8.93,6.9,7.02,135.09,135.17,128.67,128.68,0.042309891366495,0.0172413793103447,0.2041166380789023,0.1799065420560748,-0.047768815214978,-0.0480875934009025,0.1563478228639243,0.1318189486551723,-0.20903954802259883,-0.051246128889544384,0.030094413524344346,0.15779341913305445,0.12769900560871011,8.745000000000001,2026-06
1213037,CRDF,20260601,20260602,20260608,0.1169327252774317,0.0,0,1.47,1.5,1.5,1.51,131.49,131.66,128.44,128.45,0.0202020202020202,0.0066445182724252,-0.0134680134680134,-0.0272108843537415,-0.0237887136614097,-0.0244569345283305,-0.0372567271294232,-0.051667818882072,0.013513513513513598,-0.023642998327504827,0.0140914901041435,-0.037156511841018425,-0.05124800194516192,1.4849999999999999,2026-06
1971387,LIMN,20260603,20260604,20260610,0.1215398911111173,0.0,0,0.1471,0.153,0.1393,0.141,130.62,130.86,128.86,128.87,0.0393202265911362,0.0121298608633605,0.0659780073308898,0.0414683888511218,-0.0143414410279945,-0.0152835090936879,0.0516365663028953,0.0261848797574339,-0.051724137931034475,-0.012189512419503279,0.02666711179294175,0.039534625511531196,0.012867513718589445,0.15005000000000002,2026-06
925741,BCDA,20260605,20260608,20260612,0.3001578175507064,1.0,0,1.02,1.05,0.8701,0.8798,130.73,130.85,133.79,133.8,0.0289855072463768,0.0110863477913024,0.1546376811594204,0.1374509803921568,0.0229757626729874,0.022468475353458,0.1776134438324078,0.1599194557456149,-0.1456310679611651,0.027494048076184496,0.020543214838369,0.1731251160373496,0.1525819011989806,1.0350000000000001,2026-06
1824893,SRZN,20260605,20260608,20260612,0.1088187947155248,0.0,0,20.5,24.12,23.2,23.53,130.73,130.85,133.79,133.8,0.1622590766472434,0.0141236892788359,-0.0472882115643209,-0.1478048780487805,0.0229757626729874,0.022468475353458,-0.0243124488913335,-0.1253364026953224,0.08036951501154754,0.027494048076184496,0.08869867028256904,-0.05287546693536305,-0.1415741372179321,22.310000000000002,2026-06
1681087,TECX,20260609,20260610,20260616,0.0598033345241092,0.0,0,27.19,28.98,29.8,30.0,130.5,130.59,135.28,135.3,0.0637350899056435,0.0066889632107023,-0.0646252447925938,-0.1033468186833394,0.0363476195947758,0.0359139290910484,-0.0282776251978179,-0.067432889592291,0.07331902718168815,0.03756516406010424,0.0356457170619003,-0.035753863121583906,-0.0713995801834842,28.085,2026-06
2022416,SLXN,20260610,20260611,20260617,0.0895085827865296,0.0,0,3.11,3.4,2.87,2.93,128.67,128.82,139.33,139.34,0.0890937019969278,0.0206896551724138,0.1090629800307218,0.057877813504823,0.0822556215775369,0.0815867101381775,0.1913186016082588,0.1394645236430006,-0.067524115755627,0.07937122502710237,0.05556059002403019,0.14689534078272937,0.09133475075869918,3.255,2026-06
1818382,HUMA,20260611,20260612,20260618,0.2305182292432885,0.0,0,1.09,1.1,0.9146,0.917,133.38,133.64,140.78,140.81,0.0091324200913242,0.0026206595326491,0.1636529680365298,0.1587155963302752,0.0545652011085313,0.0534271176294522,0.2182181691450612,0.2121427139597275,-0.1596363636363637,0.05820424123928425,0.007014623291065751,0.21784060487564794,0.21082598158458218,1.0950000000000002,2026-06
1824893,SRZN,20260618,20260622,20260626,0.0632316011628797,0.0,0,22.3,28.62,25.14,25.36,144.26,144.4,155.42,155.43,0.2482325216025137,0.0087128712871286,0.0082482325216025,-0.1372197309417039,0.0768724450911109,0.0763157894736841,0.0851206776127134,-0.0609039414680198,0.08008565310492499,0.08256113704452028,0.12902935206224794,0.002475483939595291,-0.12655386812265265,25.46,2026-06
1737287,ALLO,20260623,20260624,20260630,0.0626417045838597,0.0,0,2.08,2.11,2.07,2.08,148.01,148.13,158.21,158.23,0.0143198090692123,0.0048192771084338,0.0095465393794747,0.0,0.068548659417843,0.0680483359211503,0.0780951987973177,0.0680483359211503,0.0,0.0741922345913657,0.010069866585515747,0.0741922345913657,0.06412236800584996,2.0949999999999998,2026-06
1455365,CGTX,20260624,20260625,20260701,0.122511430834963,0.0,0,1.04,1.05,1.13,1.14,150.06,150.22,156.54,156.56,0.0095693779904306,0.0088105726872246,-0.0861244019138754,-0.096153846153846,0.042693486079659,0.0420716282785247,-0.0434309158342164,-0.0540822178753212,0.05607476635513997,0.04443258389485649,0.009811833139961895,-0.011642182460283479,-0.021454015600245374,1.045,2026-06
1806310,TSHA,20260625,20260626,20260702,0.2353601655443211,0.0,0,6.11,6.19,6.53,6.54,151.72,151.93,160.5,160.52,0.0130081300813008,0.0015302218821728,-0.0626016260162601,-0.0703764320785596,0.0572040177836326,0.056407556111367,-0.0053976082326275,-0.0139688759671926,0.06873977086743044,0.06103286384976547,0.008065637654002403,-0.007706907017664966,-0.015772544671667367,6.15,2026-06
1108205,CRIS,20260626,20260629,20260706,0.2770850599369486,0.0,0,0.3151,0.325,5.9,5.96,155.75,155.92,160.72,160.74,0.0309326667708171,0.0101180438448565,-17.528354944539913,-17.914630276102823,0.0314114287547728,0.0307850179579272,-17.49694351578514,-17.883845258144895,-0.07735321528424965,0.03414790996784567,0.021151766104682397,0.11150112525209532,0.09034935914741293,0.32005,2026-06
1187953,CELZ,20260630,20260701,20260708,0.1583418630235983,1.0,0,1.3,1.35,0.99,1.01,158.18,158.25,162.95,162.96,0.0377358490566038,0.02,0.2452830188679246,0.2230769230769231,0.0299592326896942,0.0296998420221168,0.2752422515576189,0.2527767650990399,-0.26470588235294124,0.03191287279174304,0.0291273151958793,0.2966187551446843,0.267491439948805,1.3250000000000002,2026-07
1971387,LIMN,20260702,20260706,20260710,0.1667186501545111,0.0,0,0.1559,0.1566,0.1121,0.113,160.45,160.56,159.0,159.02,0.0044799999999998,0.0079964460239893,0.2796799999999999,0.2751763951250802,-0.0093143515778324,-0.0097159940209268,0.2703656484221675,0.2654604011041533,-0.2809553739786298,-0.00748923422580039,0.00663986545508895,0.2734661397528294,0.2668262742977405,0.15625,2026-07
1820190,SCLX,20260706,20260707,20260713,0.1869221867362371,0.0,0,7.75,8.29,9.28,9.48,162.0,162.24,155.34,155.35,0.0673316708229425,0.0213219616204692,-0.169576059850374,-0.2232258064516129,-0.0417900320750062,-0.0425295857988166,-0.2113660919253802,-0.2657553922504295,0.18891687657430722,-0.041347815354233486,0.04506636994551625,-0.2302646919285407,-0.275331061874057,8.02,2026-07
1108205,CRIS,20260707,20260708,20260714,0.1438157917055356,0.0,0,4.95,5.1,4.55,4.73,161.94,162.16,155.44,155.45,0.0298507462686566,0.0387931034482759,0.0766169154228855,0.0444444444444443,-0.0407590249922864,-0.0414405525407005,0.035857890430599,0.0030038919037438,-0.09001956947162426,-0.04179251679713991,0.035003452406880346,0.04822705267448435,0.013223600267604003,5.025,2026-07
1649989,OTLK,20260708,20260709,20260715,0.0638225679507127,0.0,0,1.68,1.7,1.56,1.57,162.97,163.34,156.22,156.25,0.0118343195266272,0.0063897763578274,0.0739644970414201,0.0654761904761904,-0.0424136557261498,-0.0435900575486715,0.0315508413152702,0.0218861329275188,-0.0714285714285714,-0.0404176904176905,0.010288449764748997,0.031010881010880897,0.0207224312461319,1.69,2026-07
1098972,AGEN,20260713,20260714,20260720,0.0488251490584953,0.0,0,5.6,5.64,4.98,4.99,155.66,155.89,150.91,150.93,0.0071174377224199,0.0020060180541624,0.1129893238434161,0.1089285714285713,-0.031166746910608,-0.0319456026685482,0.0818225769328081,0.076982968760023,-0.18790849673202625,-0.030696121243257157,0.005340583646231348,0.1572123754887691,0.15187179184253774,5.619999999999999,2026-07
1820190,SCLX,20260714,20260715,20260721,0.0587269060376402,0.0,0,8.52,9.06,7.82,7.98,153.85,154.01,154.49,154.51,0.0614334470989762,0.020253164556962,0.1012514220705345,0.0633802816901407,0.0037029818748781,0.0031166807350173,0.1049544039454127,0.0664969624251581,-0.1070615034168565,0.0016012654535082493,0.0414296069678299,0.10866276887036475,0.06723316190253484,8.79,2026-07
1971387,LIMN,20260715,20260716,20260722,0.1479290498197603,0.0,0,0.1385,0.1388,0.1227,0.1228,155.17,155.41,152.1,152.12,0.0021637216011539,0.0008146639511201,0.1146772448611611,0.1133574007220216,-0.0204778156996585,-0.0212985007399781,0.0941994291615026,0.0920588999820435,-0.13597733711048154,-0.0187717713843375,0.0023098778164566,0.11720556572614405,0.11489568790968745,0.13865,2026-07
1590877,RGNX,20260717,20260720,20260724,0.1557630367688176,1.0,0,10.11,10.2,9.72,9.73,155.55,155.64,150.45,150.48,0.0088626292466765,0.0010282776349614,0.0423436730674542,0.0375865479723045,-0.0329702111250362,-0.0333461835003855,0.0093734619424179,0.004240364471919,-0.027972027972027913,-0.02690118986032075,0.005321425816168246,0.001070838111707162,-0.004250587704461084,10.155,2026-07
1907223,GRML,20260720,20260721,20260727,0.0715413724615044,0.0,0,0.1843,0.1844,0.1877,0.1912,151.4,151.63,150.56,150.58,0.0005424464334147,0.0184745315386645,-0.0276647681041496,-0.0374389582202931,-0.0062370062370061,-0.0070566510584976,-0.0339017743411558,-0.0444956092787907,0.006315789473684275,-0.0028473049927162375,0.010328133807531099,-0.009163094466400512,-0.019491228273931613,0.18435,2026-07
1108205,CRIS,20260722,20260723,20260729,0.0963371134710212,0.0,0,4.83,5.07,4.97,5.08,149.33,149.44,147.86,147.88,0.0484848484848485,0.0218905472636816,-0.0151515151515151,-0.05175983436853,-0.0101415804799678,-0.0105728051391862,-0.025293095631483,-0.0623326395077162,0.0040322580645162365,-0.013867591172744942,0.03561892253348345,-0.01789984923726118,-0.05351877177074463,4.95,2026-07
1820190,SCLX,20260722,20260723,20260729,0.0793862183690867,0.0,0,6.8,7.02,6.55,6.68,149.33,149.44,147.86,147.88,0.0318379160636757,0.019652305366591,0.0426917510853834,0.0176470588235294,-0.0101415804799678,-0.0105728051391862,0.0325501706054156,0.0070742536843431,-0.06552706552706555,-0.013867591172744942,0.02617633537435175,0.05165947435432061,0.025483138979968862,6.91,2026-07
1649989,OTLK,20260723,20260724,20260730,0.0644019694544489,0.0,0,1.34,1.35,1.03,1.04,153.18,153.26,151.46,151.47,0.0074349442379182,0.0096618357487922,0.2304832713754646,0.2238805970149253,-0.0114541182613235,-0.0117447474879288,0.2190291531141411,0.2121358495269965,-0.22962962962962963,-0.008639874329100627,0.0088390192199605,0.220989755300529,0.2121507360805685,1.3450000000000002,2026-07
1638097,ENTX,20260728,20260729,20260804,0.1034561287061136,0.0,0,3.11,3.12,2.85,2.86,149.68,149.87,151.9,151.91,0.0032102728731942,0.0035026269702275,0.0834670947030498,0.0803858520900321,0.0142213319979969,0.0135450723960766,0.0976884267010467,0.0939309244861087,-0.11963190184049066,0.01775782349393551,0.00403270952363115,0.13738972533442617,0.133357015810795,3.115,2026-07
1971387,LIMN,20260730,20260731,20260806,0.0626697594628972,0.0,0,0.1021,0.1044,0.1,0.1009,150.67,150.87,154.48,154.51,0.0222760290556901,0.008959681433549,0.0271186440677965,0.0117531831537707,0.0247065065994562,0.0239278849340491,0.0518251506672528,0.0356810680878199,-0.03980582524271847,0.02182539682539697,0.01639647691002665,0.06163122206811544,0.04523474515808879,0.10325000000000001,2026-07
1737953,REPL,20260731,20260803,20260807,0.0929119834587877,0.0,0,11.05,11.12,12.05,12.07,146.51,146.83,157.36,157.38,0.006314839873703,0.0016583747927031,-0.087956698240866,-0.0923076923076922,0.0729528874343763,0.0717155894571954,-0.0150038108064896,-0.0205921028504967,0.09686221009549811,0.07068988978092272,0.005223905310383954,-0.026172320314575392,-0.03139622562495935,11.085,2026-08
1581280,TWST,20260805,20260806,20260812,0.117448859703106,0.0,0,112.0,112.99,125.08,125.29,153.94,154.13,159.38,159.4,0.0088003911284945,0.0016775172744339,-0.112805013556158,-0.1186607142857143,0.034764826175869,0.0340621553234283,-0.0780401873802889,-0.0845985589622859,0.10065049226441625,0.035336148100032494,0.005941625053904897,-0.06531434416438375,-0.07125596921828865,112.495,2026-08
1187953,CELZ,20260806,20260807,20260813,0.1599544584997939,0.0,0,1.49,1.5,1.23,1.24,157.19,157.37,156.84,156.85,0.0066889632107023,0.0080971659919028,0.173913043478261,0.1677852348993288,-0.0027657680569684,-0.0033678591853593,0.1711472754212925,0.1644173757139695,-0.15646258503401356,-6.374705169875927e-05,0.00799515572969345,0.1563988379823148,0.14840368225262135,1.495,2026-08
1971387,LIMN,20260813,20260814,20260820,0.3899566934677999,0.0,0,0.1391,0.1395,0.1134,0.1136,155.16,155.21,163.35,163.38,0.0028715003589376,0.0017621145374449,0.1852117731514716,0.1833213515456505,0.0527112800850597,0.0524450744153082,0.2379230532365314,0.2357664259609588,-0.19571428571428573,0.043694902261402824,0.0025830131179427527,0.23940918797568855,0.2368261748577458,0.1393,2026-08
1187953,CELZ,20260820,20260821,20260827,0.1616503875990099,0.0,0,1.24,1.27,1.14,1.16,164.5,164.7,168.23,168.25,0.0239043824701195,0.0173913043478261,0.0836653386454183,0.0645161290322581,0.0221142162818956,0.0214329083181541,0.105779554927314,0.0859490373504122,-0.10236220472440949,0.02205346294046162,0.021329151372714298,0.12441566766487111,0.10308651629215682,1.255,2026-08
1907223,GRML,20260821,20260824,20260828,0.1293570347792964,1.0,0,9.0,9.54,4.88,4.91,164.12,164.32,162.36,162.38,0.0582524271844659,0.0061287027579162,0.4719525350593312,0.4544444444444444,-0.0112653757155035,-0.0119279454722491,0.4606871593438276,0.4425164989721952,-0.4825026511134677,-0.015819140553973043,0.03285313472793665,0.46668351055949464,0.433830375831558,9.27,2026-08
1971387,LIMN,20260831,20260901,20260908,0.0858679619787411,0.0,0,3.76,3.99,3.58,3.64,161.88,162.03,161.84,161.85,0.0593548387096775,0.0166204986149584,0.0683870967741934,0.0319148936170211,-0.0006792010126268,-0.001172622353885,0.0677078957615666,0.0307422712631361,-0.047368421052631504,0.0011128284389489984,0.038481090003576156,0.0484812494915805,0.010000159488004347,3.875,2026-09
1326110,IBRX,20260901,20260902,20260909,0.0685985983155156,0.0,0,8.0,8.01,8.07,8.08,164.59,164.71,159.37,159.39,0.0012492192379762,0.0012383900928792,-0.0087445346658338,-0.01,-0.0320072881870635,-0.0324206180559771,-0.0407518228528974,-0.0424206180559771,0.014474512271869022,-0.03080057161969041,0.0016571345343413047,-0.04527508389155943,-0.046932218425900736,8.004999999999999,2026-09
1971387,LIMN,20260909,20260910,20260916,0.0645633337401931,0.0,0,3.51,3.73,3.31,3.48,156.42,156.63,154.11,154.13,0.0607734806629834,0.0500736377025036,0.0621546961325967,0.0085470085470084,-0.0153649576744927,-0.0160888718636275,0.0467897384581039,-0.007541863316619,-0.05932203389830504,-0.02163842883431688,0.056147473371878295,0.03768360506398816,-0.01846386830789014,3.62,2026-09
1357874,DTIL,20260911,20260914,20260918,0.0529409348084708,0.0,0,7.14,7.37,6.66,6.67,156.64,156.81,156.67,156.69,0.0317022742935906,0.0015003750937734,0.0813232253618194,0.0658263305322128,-0.000287127133514,-0.0008928002040686,0.0810360982283053,0.0649335303281441,-0.06451612903225801,-0.0008925156190234818,0.0172069977642366,0.06362361341323453,0.046416615648997926,7.255,2026-09
921114,ARMP,20260914,20260915,20260921,0.1146450220440574,0.0,0,5.23,5.33,4.26,4.29,157.04,157.29,158.21,158.25,0.0189393939393938,0.0070175438596491,0.190340909090909,0.1797323135755258,0.0067763178824804,0.0058490685994023,0.1971172269733895,0.1855813821749282,-0.1870229007633588,0.007321110262286545,0.013905718182599551,0.19434401102564536,0.1804382928430458,5.28,2026-09
1907223,GRML,20260921,20260922,20260928,0.1308646430545334,1.0,0,14.8,14.89,11.84,11.85,158.51,158.72,156.57,156.6,0.0060626473560121,0.0008442380751371,0.2020882452004042,0.1993243243243244,-0.0127982851558807,-0.0135458669354838,0.1892899600445235,0.1857784573888405,-0.13503649635036497,-0.015712400226258527,0.0042010244951777,0.11932409612410644,0.11512307162892874,14.845,2026-09
1824893,SRZN,20260924,20260925,20261001,0.2849344512048979,0.0,0,36.62,37.48,30.02,30.15,156.66,156.79,154.48,154.49,0.0232118758434547,0.0043210902443077,0.1879892037786773,0.1766794101583833,-0.0142925506460359,-0.0147330824669941,0.1736966531326414,0.1619463276913892,-0.13594470046082952,-0.014604591836734793,0.014207014864839398,0.12134010862409472,0.10713309375925532,37.05,2026-09
